#include "ui/brand_assets.h"

#include <pgmspace.h>

namespace ui::brand {

const uint16_t kStartupRuns[] PROGMEM = {
  0x033B, 0x00C5, 0x0001, 0x1126, 0x0001, 0x29E8, 0x0001, 0x4269, 0x0001, 0x52EB, 0x0001, 0x636C,
  0x0001, 0x7BEE, 0x0001, 0x8C6F, 0x0002, 0x9CD1, 0x0001, 0xA511, 0x0002, 0xAD52, 0x0002, 0xBDB3,
  0x0002, 0xAD52, 0x0001, 0xA511, 0x0002, 0x9CD1, 0x0001, 0x8C6F, 0x0001, 0x7BEE, 0x0001, 0x636C,
  0x0001, 0x52EB, 0x0001, 0x4269, 0x0001, 0x29E8, 0x0001, 0x1126, 0x00CF, 0x00C5, 0x0001, 0x1946,
  0x0001, 0x428A, 0x0001, 0x6B8D, 0x0001, 0x8C70, 0x0001, 0xAD52, 0x0001, 0xCE35, 0x0001, 0xEF17,
  0x001A, 0xFF99, 0x0001, 0xEF17, 0x0001, 0xCE35, 0x0001, 0xAD52, 0x0001, 0x8C70, 0x0001, 0x6B8D,
  0x0001, 0x426A, 0x0001, 0x1946, 0x00C3, 0x00C5, 0x0001, 0x21A7, 0x0001, 0x5B2C, 0x0001, 0x8C6F,
  0x0001, 0xBDB3, 0x0001, 0xE6D7, 0x0028, 0xFF99, 0x0001, 0xE6D7, 0x0001, 0xBD93, 0x0001, 0x8C6F,
  0x0001, 0x5B2C, 0x0001, 0x21A7, 0x00B9, 0x00C5, 0x0001, 0x08E5, 0x0001, 0x3A29, 0x0001, 0x73CE,
  0x0001, 0xAD52, 0x0001, 0xE6D7, 0x000B, 0xFF99, 0x0001, 0xEEF7, 0x0001, 0xCE35, 0x0001, 0xAD73,
  0x0001, 0x94F2, 0x0001, 0x8471, 0x0001, 0x73F0, 0x0001, 0x636F, 0x0001, 0x4B0D, 0x0001, 0x3AAC,
  0x0002, 0x3A6C, 0x0001, 0x2A0B, 0x0001, 0x220B, 0x0002, 0x21EB, 0x0001, 0x220B, 0x0001, 0x2A0B,
  0x0002, 0x3A6C, 0x0001, 0x3AAC, 0x0001, 0x4B0D, 0x0001, 0x638F, 0x0001, 0x73F0, 0x0001, 0x8471,
  0x0001, 0x9CF2, 0x0001, 0xAD74, 0x0001, 0xCE35, 0x0001, 0xEEF7, 0x000B, 0xFF99, 0x0001, 0xE6D7,
  0x0001, 0xAD52, 0x0001, 0x73CD, 0x0001, 0x3A29, 0x0001, 0x08E5, 0x00B1, 0x00C5, 0x0001, 0x2187,
  0x0001, 0x6B6D, 0x0001, 0xAD52, 0x0001, 0xF738, 0x0008, 0xFF99, 0x0001, 0xF758, 0x0001, 0xCE35,
  0x0001, 0x9D12, 0x0001, 0x73F0, 0x0001, 0x4B0D, 0x0001, 0x2A4B, 0x0001, 0x0969, 0x001C, 0x0129,
  0x0001, 0x1169, 0x0001, 0x2A4B, 0x0001, 0x4B0D, 0x0001, 0x73F0, 0x0001, 0x9D12, 0x0001, 0xCE35,
  0x0001, 0xF758, 0x0008, 0xFF99, 0x0001, 0xF737, 0x0001, 0xAD52, 0x0001, 0x636D, 0x0001, 0x2187,
  0x00AA, 0x00C5, 0x0001, 0x08C5, 0x0001, 0x3A49, 0x0001, 0x8C6F, 0x0001, 0xD655, 0x0007, 0xFF99,
  0x0001, 0xF758, 0x0001, 0xC615, 0x0001, 0x8C91, 0x0001, 0x534E, 0x0001, 0x2A0B, 0x0001, 0x0949,
  0x0028, 0x0129, 0x0001, 0x0949, 0x0001, 0x2A0B, 0x0001, 0x5B4E, 0x0001, 0x8C91, 0x0001, 0xC615,
  0x0001, 0xF758, 0x0007, 0xFF99, 0x0001, 0xD655, 0x0001, 0x8C6F, 0x0001, 0x3A29, 0x00A5, 0x00C5,
  0x0001, 0x3A29, 0x0001, 0x8C6F, 0x0001, 0xE6B6, 0x0006, 0xFF99, 0x0001, 0xF738, 0x0001, 0xB594,
  0x0001, 0x7410, 0x0001, 0x3A8C, 0x0001, 0x0949, 0x0032, 0x0129, 0x0001, 0x0949, 0x0001, 0x3AAC,
  0x0001, 0x7410, 0x0001, 0xB594, 0x0001, 0xF738, 0x0006, 0xFF99, 0x0001, 0xDEB6, 0x0001, 0x8C6F,
  0x0001, 0x3209, 0x009F, 0x00C5, 0x0001, 0x2187, 0x0001, 0x842F, 0x0001, 0xDE96, 0x0006, 0xFF99,
  0x0001, 0xD676, 0x0001, 0x8C91, 0x0001, 0x42CD, 0x0001, 0x0949, 0x003A, 0x0129, 0x0001, 0x0949,
  0x0001, 0x42CD, 0x0001, 0x8C91, 0x0001, 0xD676, 0x0006, 0xFF99, 0x0001, 0xDE96, 0x0001, 0x842F,
  0x0001, 0x2187, 0x0099, 0x00C5, 0x0001, 0x08E5, 0x0001, 0x52EB, 0x0001, 0xB593, 0x0001, 0xFF78,
  0x0004, 0xFF99, 0x0001, 0xFF79, 0x0001, 0xC5F5, 0x0001, 0x6BCF, 0x0001, 0x19CA, 0x0042, 0x0129,
  0x0001, 0x21EA, 0x0001, 0x6BF0, 0x0001, 0xC615, 0x0001, 0xFF79, 0x0004, 0xFF99, 0x0001, 0xFF78,
  0x0001, 0xB593, 0x0001, 0x52EB, 0x0001, 0x08E5, 0x0094, 0x00C5, 0x0001, 0x1967, 0x0001, 0x844F,
  0x0001, 0xE6F7, 0x0005, 0xFF99, 0x0001, 0xC615, 0x0001, 0x73F0, 0x0001, 0x19CA, 0x0048, 0x0129,
  0x0001, 0x21EA, 0x0001, 0x73F0, 0x0001, 0xC615, 0x0005, 0xFF99, 0x0001, 0xE6F7, 0x0001, 0x844F,
  0x0001, 0x1967, 0x0090, 0x00C5, 0x0001, 0x29C8, 0x0001, 0x94B0, 0x0001, 0xF758, 0x0004, 0xFF99,
  0x0001, 0xEEF7, 0x0001, 0x8C91, 0x0001, 0x2A0B, 0x004E, 0x0129, 0x0001, 0x21EB, 0x0001, 0x7C30,
  0x0001, 0xE6D7, 0x0004, 0xFF99, 0x0001, 0xFF78, 0x0001, 0xA511, 0x0001, 0x3208, 0x008C, 0x00C5,
  0x0001, 0x4A8A, 0x0001, 0xBDB3, 0x0004, 0xFF99, 0x0001, 0xFF79, 0x0001, 0xB5B4, 0x0001, 0x532E,
  0x0001, 0x0949, 0x0052, 0x0129, 0x0001, 0x0949, 0x0001, 0x532E, 0x0001, 0xBDB4, 0x0001, 0xFF79,
  0x0004, 0xFF99, 0x0001, 0xB593, 0x0001, 0x426A, 0x0088, 0x00C5, 0x0001, 0x428A, 0x0001, 0xC5F4,
  0x0004, 0xFF99, 0x0001, 0xF758, 0x0001, 0x94D2, 0x0001, 0x21EB, 0x0058, 0x0129, 0x0001, 0x220B,
  0x0001, 0x94D2, 0x0001, 0xF758, 0x0004, 0xFF99, 0x0001, 0xC5D4, 0x0001, 0x426A, 0x0084, 0x00C5,
  0x0001, 0x3A49, 0x0001, 0xB593, 0x0004, 0xFF99, 0x0001, 0xEEF7, 0x0001, 0x8471, 0x0001, 0x19AA,
  0x005C, 0x0129, 0x0001, 0x118A, 0x0001, 0x73F0, 0x0001, 0xE6D7, 0x0004, 0xFF99, 0x0001, 0xC5F4,
  0x0001, 0x426A, 0x0080, 0x00C5, 0x0001, 0x29E8, 0x0001, 0xB593, 0x0004, 0xFF99, 0x0001, 0xDEB7,
  0x0001, 0x63AF, 0x0001, 0x0949, 0x0060, 0x0129, 0x0001, 0x0949, 0x0001, 0x63AF, 0x0001, 0xDEB7,
  0x0004, 0xFF99, 0x0001, 0xB593, 0x0001, 0x29E8, 0x007C, 0x00C5, 0x0001, 0x1946, 0x0001, 0x8C6F,
  0x0001, 0xFF78, 0x0003, 0xFF99, 0x0001, 0xE6D7, 0x0001, 0x73F0, 0x0001, 0x0969, 0x0064, 0x0129,
  0x0001, 0x0949, 0x0001, 0x638F, 0x0001, 0xDEB7, 0x0003, 0xFF99, 0x0001, 0xFF78, 0x0001, 0x9CD1,
  0x0001, 0x1946, 0x0078, 0x00C5, 0x0001, 0x08E5, 0x0001, 0x6BAD, 0x0001, 0xEF17, 0x0003, 0xFF99,
  0x0001, 0xE6F7, 0x0001, 0x6BF0, 0x0001, 0x0969, 0x0068, 0x0129, 0x0001, 0x0969, 0x0001, 0x73F0,
  0x0001, 0xEEF7, 0x0003, 0xFF99, 0x0001, 0xEF17, 0x0001, 0x6B8D, 0x0001, 0x08E5, 0x0075, 0x00C5,
  0x0001, 0x3A49, 0x0001, 0xD655, 0x0003, 0xFF99, 0x0001, 0xF758, 0x0001, 0x8C91, 0x0001, 0x116A,
  0x006C, 0x0129, 0x0001, 0x118A, 0x0001, 0x8C91, 0x0001, 0xFF58, 0x0003, 0xFF99, 0x0001, 0xD655,
  0x0001, 0x3A29, 0x0072, 0x00C5, 0x0001, 0x1106, 0x0001, 0x8C6F, 0x0001, 0xFF78, 0x0003, 0xFF99,
  0x0001, 0xB5B4, 0x0001, 0x220B, 0x0070, 0x0129, 0x0001, 0x21EB, 0x0001, 0xA533, 0x0003, 0xFF99,
  0x0001, 0xFF78, 0x0001, 0x9CD1, 0x0001, 0x1126, 0x006F, 0x00C5, 0x0001, 0x4AAA, 0x0001, 0xE6B6,
  0x0003, 0xFF99, 0x0001, 0xD676, 0x0001, 0x42CD, 0x0074, 0x0129, 0x0001, 0x42CD, 0x0001, 0xD696,
  0x0003, 0xFF99, 0x0001, 0xDEB6, 0x0001, 0x4AAA, 0x006C, 0x00C5, 0x0001, 0x1126, 0x0001, 0xA4F1,
  0x0003, 0xFF99, 0x0001, 0xFF58, 0x0001, 0x8451, 0x0001, 0x0949, 0x0076, 0x0129, 0x0001, 0x0969,
  0x0001, 0x8471, 0x0001, 0xFF78, 0x0003, 0xFF99, 0x0001, 0x9CF1, 0x0001, 0x1106, 0x0069, 0x00C5,
  0x0001, 0x3A29, 0x0001, 0xDE96, 0x0003, 0xFF99, 0x0001, 0xC615, 0x0001, 0x324C, 0x007A, 0x0129,
  0x0001, 0x324C, 0x0001, 0xCE35, 0x0003, 0xFF99, 0x0001, 0xDEB6, 0x0001, 0x3A49, 0x0066, 0x00C5,
  0x0001, 0x08E5, 0x0001, 0x840F, 0x0001, 0xFF78, 0x0002, 0xFF99, 0x0001, 0xF758, 0x0001, 0x73F0,
  0x0001, 0x0949, 0x007C, 0x0129, 0x0001, 0x0949, 0x0001, 0x73F0, 0x0001, 0xF758, 0x0002, 0xFF99,
  0x0001, 0xFF78, 0x0001, 0x7C0E, 0x0001, 0x08E5, 0x0063, 0x00C5, 0x0001, 0x2187, 0x0001, 0xC5F4,
  0x0003, 0xFF99, 0x0001, 0xCE56, 0x0001, 0x2A2B, 0x0080, 0x0129, 0x0001, 0x2A4B, 0x0001, 0xD656,
  0x0003, 0xFF99, 0x0001, 0xC5D4, 0x0001, 0x1967, 0x0061, 0x00C5, 0x0001, 0x426A, 0x0001, 0xEEF7,
  0x0003, 0xFF99, 0x0001, 0x94D2, 0x0001, 0x0969, 0x0035, 0x0129, 0x0002, 0x0149, 0x0001, 0x0949,
  0x0003, 0x0969, 0x0001, 0x0989, 0x000A, 0x098A, 0x0001, 0x0989, 0x0003, 0x0969, 0x0001, 0x0949,
  0x0001, 0x0149, 0x0036, 0x0129, 0x0001, 0x0949, 0x0001, 0x8471, 0x0001, 0xFF79, 0x0002, 0xFF99,
  0x0001, 0xEEF7, 0x0001, 0x428A, 0x005F, 0x00C5, 0x0001, 0x73CE, 0x0001, 0xFF78, 0x0002, 0xFF99,
  0x0001, 0xE6D7, 0x0001, 0x42CD, 0x0031, 0x0129, 0x0001, 0x0149, 0x0001, 0x0949, 0x0001, 0x0969,
  0x0001, 0x0989, 0x0001, 0x098A, 0x001A, 0x09AA, 0x0002, 0x098A, 0x0001, 0x0969, 0x0001, 0x0949,
  0x0001, 0x0149, 0x0031, 0x0129, 0x0001, 0x4AED, 0x0001, 0xE6F7, 0x0002, 0xFF99, 0x0001, 0xFF78,
  0x0001, 0x73AD, 0x005C, 0x00C5, 0x0001, 0x1106, 0x0001, 0xAD32, 0x0003, 0xFF99, 0x0001, 0xC5F5,
  0x0001, 0x19CA, 0x002E, 0x0129, 0x0001, 0x0149, 0x0001, 0x0969, 0x0001, 0x098A, 0x0026, 0x09AA,
  0x0001, 0x098A, 0x0001, 0x0969, 0x0001, 0x0149, 0x002E, 0x0129, 0x0001, 0x19CA, 0x0001, 0xC615,
  0x0003, 0xFF99, 0x0001, 0xA532, 0x0001, 0x1106, 0x0059, 0x00C5, 0x0001, 0x1967, 0x0001, 0xCE35,
  0x0003, 0xFF99, 0x0001, 0x9D12, 0x0001, 0x0949, 0x002B, 0x0129, 0x0001, 0x0149, 0x0001, 0x0969,
  0x0001, 0x098A, 0x002E, 0x09AA, 0x0001, 0x098A, 0x0001, 0x0969, 0x0001, 0x0149, 0x002B, 0x0129,
  0x0001, 0x0949, 0x0001, 0x8C91, 0x0003, 0xFF99, 0x0001, 0xD655, 0x0001, 0x2187, 0x0057, 0x00C5,
  0x0001, 0x3208, 0x0001, 0xE6B6, 0x0002, 0xFF99, 0x0001, 0xF758, 0x0001, 0x638F, 0x002A, 0x0129,
  0x0001, 0x0969, 0x0001, 0x098A, 0x0036, 0x09AA, 0x0001, 0x0989, 0x0001, 0x0949, 0x002A, 0x0129,
  0x0001, 0x5B6E, 0x0001, 0xF758, 0x0002, 0xFF99, 0x0001, 0xE6D7, 0x0001, 0x3209, 0x0055, 0x00C5,
  0x0001, 0x4AAA, 0x0001, 0xF738, 0x0002, 0xFF99, 0x0001, 0xE6D7, 0x0001, 0x324C, 0x0028, 0x0129,
  0x0001, 0x0949, 0x0001, 0x0989, 0x003C, 0x09AA, 0x0001, 0x0989, 0x0001, 0x0949, 0x0028, 0x0129,
  0x0001, 0x326C, 0x0001, 0xE6F7, 0x0002, 0xFF99, 0x0001, 0xEF37, 0x0001, 0x4A8A, 0x0053, 0x00C5,
  0x0001, 0x636C, 0x0001, 0xFF78, 0x0002, 0xFF99, 0x0001, 0xD656, 0x0001, 0x21EA, 0x0026, 0x0129,
  0x0001, 0x0149, 0x0001, 0x0969, 0x0042, 0x09AA, 0x0001, 0x0969, 0x0001, 0x0149, 0x0026, 0x0129,
  0x0001, 0x21EB, 0x0001, 0xD676, 0x0002, 0xFF99, 0x0001, 0xFF78, 0x0001, 0x634C, 0x0051, 0x00C5,
  0x0001, 0x6B8D, 0x0001, 0xFF78, 0x0002, 0xFF99, 0x0001, 0xBDD4, 0x0001, 0x118A, 0x0025, 0x0129,
  0x0001, 0x0949, 0x0001, 0x098A, 0x0019, 0x09AA, 0x0001, 0x11CA, 0x0001, 0x2A6C, 0x0001, 0x3AED,
  0x0001, 0x534E, 0x0001, 0x63CF, 0x0001, 0x7430, 0x0002, 0x7C71, 0x0004, 0x8CD2, 0x0002, 0x7C71,
  0x0001, 0x7430, 0x0001, 0x63CF, 0x0001, 0x534E, 0x0001, 0x3ACD, 0x0001, 0x2A6C, 0x0001, 0x11CA,
  0x0019, 0x09AA, 0x0001, 0x098A, 0x0001, 0x0949, 0x0025, 0x0129, 0x0001, 0x116A, 0x0001, 0xB5B4,
  0x0003, 0xFF99, 0x0001, 0x73CE, 0x004F, 0x00C5, 0x0001, 0x7C0E, 0x0003, 0xFF99, 0x0001, 0x9D12,
  0x0001, 0x0949, 0x0024, 0x0129, 0x0001, 0x0969, 0x0001, 0x098A, 0x0015, 0x09AA, 0x0001, 0x2A6C,
  0x0001, 0x536E, 0x0001, 0x8471, 0x0001, 0xA573, 0x0001, 0xC635, 0x0001, 0xE6F7, 0x0001, 0xFF79,
  0x0012, 0xFF99, 0x0001, 0xFF79, 0x0001, 0xE6F7, 0x0001, 0xC635, 0x0001, 0xA573, 0x0001, 0x8471,
  0x0001, 0x536E, 0x0001, 0x2A6C, 0x0016, 0x09AA, 0x0001, 0x0969, 0x0024, 0x0129, 0x0001, 0x0949,
  0x0001, 0x9D13, 0x0003, 0xFF99, 0x0001, 0x7BEE, 0x004D, 0x00C5, 0x0001, 0x842F, 0x0003, 0xFF99,
  0x0001, 0x8C91, 0x0024, 0x0129, 0x0001, 0x0969, 0x0013, 0x09AA, 0x0001, 0x1A0B, 0x0001, 0x536E,
  0x0001, 0x8CB2, 0x0001, 0xC615, 0x0001, 0xF738, 0x0020, 0xFF99, 0x0001, 0xF738, 0x0001, 0xC615,
  0x0001, 0x8CB2, 0x0001, 0x536E, 0x0001, 0x1A0B, 0x0013, 0x09AA, 0x0001, 0x0969, 0x0024, 0x0129,
  0x0001, 0x8CB1, 0x0003, 0xFF99, 0x0001, 0x8C6F, 0x004B, 0x00C5, 0x0001, 0x9490, 0x0003, 0xFF99,
  0x0001, 0x8C91, 0x0023, 0x0129, 0x0001, 0x0969, 0x0011, 0x09AA, 0x0001, 0x11CA, 0x0001, 0x4B2E,
  0x0001, 0x8CD2, 0x0001, 0xD676, 0x0029, 0xFF99, 0x0001, 0xFF79, 0x0001, 0xD676, 0x0001, 0x8CD2,
  0x0001, 0x4B2E, 0x0001, 0x11CA, 0x0011, 0x09AA, 0x0001, 0x0969, 0x0023, 0x0129, 0x0001, 0x8C91,
  0x0003, 0xFF99, 0x0001, 0x9490, 0x0049, 0x00C5, 0x0001, 0x8C4F, 0x0004, 0xFF99, 0x0001, 0xC615,
  0x0001, 0x118A, 0x0020, 0x0129, 0x0001, 0x0969, 0x0010, 0x09AA, 0x0001, 0x11EB, 0x0001, 0x63AF,
  0x0001, 0xB5B4, 0x0001, 0xF758, 0x0030, 0xFF99, 0x0001, 0xF758, 0x0001, 0xB5B4, 0x0001, 0x63AF,
  0x0001, 0x11EA, 0x0010, 0x09AA, 0x0001, 0x0969, 0x0020, 0x0129, 0x0001, 0x116A, 0x0001, 0xC5F5,
  0x0004, 0xFF99, 0x0001, 0x844F, 0x0047, 0x00C5, 0x0001, 0x7C0E, 0x0006, 0xFF99, 0x0001, 0xC615,
  0x0001, 0x118A, 0x001D, 0x0129, 0x0001, 0x0149, 0x0001, 0x098A, 0x000E, 0x09AA, 0x0001, 0x11CA,
  0x0001, 0x5B8F, 0x0001, 0xB5B4, 0x0001, 0xF758, 0x0013, 0xFF99, 0x0001, 0xF758, 0x0001, 0xE6F7,
  0x0001, 0xD676, 0x0001, 0xC615, 0x0001, 0xB5B4, 0x0002, 0xAD94, 0x0002, 0x9D33, 0x0002, 0xAD94,
  0x0001, 0xB5B4, 0x0001, 0xC615, 0x0001, 0xD696, 0x0001, 0xE6F7, 0x0001, 0xF758, 0x0013, 0xFF99,
  0x0001, 0xF758, 0x0001, 0xAD94, 0x0001, 0x5B8F, 0x0001, 0x11CA, 0x000E, 0x09AA, 0x0001, 0x098A,
  0x0001, 0x0949, 0x001D, 0x0129, 0x0001, 0x116A, 0x0001, 0xC5F5, 0x0006, 0xFF99, 0x0001, 0x7BEE,
  0x0045, 0x00C5, 0x0001, 0x73AD, 0x0008, 0xFF99, 0x0001, 0xC615, 0x0001, 0x116A, 0x001A, 0x0129,
  0x0001, 0x0149, 0x0001, 0x098A, 0x000E, 0x09AA, 0x0001, 0x2A8C, 0x0001, 0x94D2, 0x0001, 0xEF17,
  0x000F, 0xFF99, 0x0001, 0xEF38, 0x0001, 0xC615, 0x0001, 0x9D12, 0x0001, 0x7430, 0x0001, 0x536E,
  0x0001, 0x32AC, 0x0001, 0x19EB, 0x0010, 0x09AA, 0x0001, 0x1A0B, 0x0001, 0x3AAD, 0x0001, 0x538E,
  0x0001, 0x7430, 0x0001, 0x9D12, 0x0001, 0xC615, 0x0001, 0xEF38, 0x000F, 0xFF99, 0x0001, 0xEF17,
  0x0001, 0x8CD2, 0x0001, 0x2A8C, 0x000E, 0x09AA, 0x0001, 0x098A, 0x0001, 0x0149, 0x001A, 0x0129,
  0x0001, 0x116A, 0x0001, 0xC615, 0x0008, 0xFF99, 0x0001, 0x73CE, 0x0043, 0x00C5, 0x0001, 0x636C,
  0x0003, 0xFF99, 0x0001, 0x8C71, 0x0001, 0xC5F5, 0x0005, 0xFF99, 0x0001, 0xC615, 0x0001, 0x118A,
  0x0018, 0x0129, 0x0001, 0x0969, 0x000E, 0x09AA, 0x0001, 0x536E, 0x0001, 0xBE15, 0x000D, 0xFF99,
  0x0001, 0xF758, 0x0001, 0xC635, 0x0001, 0x8CD2, 0x0001, 0x536E, 0x0001, 0x224C, 0x001E, 0x09AA,
  0x0001, 0x2A4C, 0x0001, 0x538E, 0x0001, 0x8CD2, 0x0001, 0xC635, 0x0001, 0xFF58, 0x000D, 0xFF99,
  0x0001, 0xBDF5, 0x0001, 0x534E, 0x000E, 0x09AA, 0x0001, 0x0969, 0x0018, 0x0129, 0x0001, 0x116A,
  0x0001, 0xC5F5, 0x0005, 0xFF99, 0x0001, 0xFEF3, 0x0001, 0xFE4D, 0x0003, 0xFF99, 0x0001, 0x634C,
  0x0041, 0x00C5, 0x0001, 0x428A, 0x0001, 0xFF78, 0x0002, 0xFF99, 0x0001, 0x94D2, 0x0001, 0x0129,
  0x0001, 0x116A, 0x0001, 0xC5F5, 0x0005, 0xFF99, 0x0001, 0xC615, 0x0001, 0x118A, 0x0015, 0x0129,
  0x0001, 0x0949, 0x0001, 0x098A, 0x000C, 0x09AA, 0x0001, 0x11CA, 0x0001, 0x6BF0, 0x0001, 0xD696,
  0x000C, 0xFF99, 0x0001, 0xD676, 0x0001, 0x8CD2, 0x0001, 0x432E, 0x0001, 0x11CA, 0x0026, 0x09AA,
  0x0001, 0x11CA, 0x0001, 0x4B2D, 0x0001, 0x8CD2, 0x0001, 0xD696, 0x000C, 0xFF99, 0x0001, 0xD696,
  0x0001, 0x6BEF, 0x0001, 0x11CA, 0x000C, 0x09AA, 0x0001, 0x098A, 0x0001, 0x0149, 0x0015, 0x0129,
  0x0001, 0x116A, 0x0001, 0xC5F5, 0x0005, 0xFF99, 0x0001, 0xFEF3, 0x0001, 0xFD01, 0x0001, 0xFCE0,
  0x0001, 0xFE4D, 0x0002, 0xFF99, 0x0001, 0xFF78, 0x0001, 0x4AAA, 0x003F, 0x00C5, 0x0001, 0x3208,
  0x0001, 0xF738, 0x0002, 0xFF99, 0x0001, 0x9D12, 0x0003, 0x0129, 0x0001, 0x116A, 0x0001, 0xC5F5,
  0x0005, 0xFF99, 0x0001, 0xC615, 0x0001, 0x118A, 0x0013, 0x0129, 0x0001, 0x0969, 0x000C, 0x09AA,
  0x0001, 0x11CA, 0x0001, 0x6C10, 0x0001, 0xE6F7, 0x000A, 0xFF99, 0x0001, 0xFF79, 0x0001, 0xC615,
  0x0001, 0x7410, 0x0001, 0x224B, 0x002E, 0x09AA, 0x0001, 0x224B, 0x0001, 0x7430, 0x0001, 0xC615,
  0x0001, 0xFF79, 0x000A, 0xFF99, 0x0001, 0xE6D7, 0x0001, 0x6BF0, 0x0001, 0x11CA, 0x000C, 0x09AA,
  0x0001, 0x0969, 0x0013, 0x0129, 0x0001, 0x116A, 0x0001, 0xC5F5, 0x0005, 0xFF99, 0x0001, 0xFEF3,
  0x0001, 0xFD01, 0x0003, 0xFCE0, 0x0001, 0xFE8F, 0x0002, 0xFF99, 0x0001, 0xEF37, 0x0001, 0x31E8,
  0x003D, 0x00C5, 0x0001, 0x1967, 0x0001, 0xE6D6, 0x0002, 0xFF99, 0x0001, 0xBDD4, 0x0001, 0x0949,
  0x0004, 0x0129, 0x0001, 0x116A, 0x0001, 0xC5F5, 0x0005, 0xFF99, 0x0001, 0xC615, 0x0001, 0x118A,
  0x0010, 0x0129, 0x0001, 0x0149, 0x0001, 0x098A, 0x000C, 0x09AA, 0x0001, 0x63EF, 0x0001, 0xDED7,
  0x000A, 0xFF99, 0x0001, 0xD676, 0x0001, 0x7430, 0x0001, 0x224B, 0x0034, 0x09AA, 0x0001, 0x224B,
  0x0001, 0x7430, 0x0001, 0xD696, 0x000A, 0xFF99, 0x0001, 0xDEB7, 0x0001, 0x63CF, 0x000C, 0x09AA,
  0x0001, 0x098A, 0x0001, 0x0149, 0x0010, 0x0129, 0x0001, 0x116A, 0x0001, 0xC5F5, 0x0005, 0xFF99,
  0x0001, 0xFEF3, 0x0001, 0xFD01, 0x0005, 0xFCE0, 0x0001, 0xFED2, 0x0002, 0xFF99, 0x0001, 0xE6D7,
  0x0001, 0x2187, 0x003B, 0x00C5, 0x0001, 0x1106, 0x0001, 0xCE55, 0x0002, 0xFF99, 0x0001, 0xD676,
  0x0001, 0x118A, 0x0006, 0x0129, 0x0001, 0x116A, 0x0001, 0xC5F5, 0x0005, 0xFF99, 0x0001, 0xC615,
  0x0001, 0x118A, 0x000E, 0x0129, 0x0001, 0x0969, 0x000C, 0x09AA, 0x0001, 0x4B2D, 0x0001, 0xD676,
  0x0009, 0xFF99, 0x0001, 0xF758, 0x0001, 0x9D33, 0x0001, 0x3AED, 0x003A, 0x09AA, 0x0001, 0x3AED,
  0x0001, 0x9D33, 0x0001, 0xF758, 0x0009, 0xFF99, 0x0001, 0xCE76, 0x0001, 0x430D, 0x000C, 0x09AA,
  0x0001, 0x0969, 0x000E, 0x0129, 0x0001, 0x116A, 0x0001, 0xC5F5, 0x0005, 0xFF99, 0x0001, 0xFEF3,
  0x0001, 0xFD01, 0x0006, 0xFCE0, 0x0001, 0xFD01, 0x0001, 0xFF14, 0x0002, 0xFF99, 0x0001, 0xCE35,
  0x0001, 0x1106, 0x003A, 0x00C5, 0x0001, 0xAD52, 0x0002, 0xFF99, 0x0001, 0xE6F7, 0x0001, 0x21EB,
  0x0008, 0x0129, 0x0001, 0x116A, 0x0001, 0xC5F5, 0x0005, 0xFF99, 0x0001, 0xC615, 0x0001, 0x118A,
  0x000C, 0x0129, 0x0001, 0x0969, 0x000B, 0x09AA, 0x0001, 0x2A6C, 0x0001, 0xB5B4, 0x0009, 0xFF99,
  0x0001, 0xE6F7, 0x0001, 0x7C71, 0x0001, 0x1A0B, 0x003E, 0x09AA, 0x0001, 0x1A0B, 0x0001, 0x7C71,
  0x0001, 0xE6F7, 0x0009, 0xFF99, 0x0001, 0xAD94, 0x0001, 0x2A6C, 0x000B, 0x09AA, 0x0001, 0x0969,
  0x000C, 0x0129, 0x0001, 0x116A, 0x0001, 0xC5F5, 0x0005, 0xFF99, 0x0001, 0xFEF3, 0x0001, 0xFD01,
  0x0008, 0xFCE0, 0x0001, 0xFD22, 0x0001, 0xFF56, 0x0002, 0xFF99, 0x0001, 0xAD32, 0x0039, 0x00C5,
  0x0001, 0x73CE, 0x0002, 0xFF99, 0x0001, 0xF758, 0x0001, 0x326C, 0x000A, 0x0129, 0x0001, 0x116A,
  0x0001, 0xC5F5, 0x0005, 0xFF99, 0x0001, 0xC615, 0x0001, 0x118A, 0x0009, 0x0129, 0x0001, 0x0149,
  0x0001, 0x098A, 0x000B, 0x09AA, 0x0001, 0x7C50, 0x0001, 0xF758, 0x0008, 0xFF99, 0x0001, 0xDE96,
  0x0001, 0x63CF, 0x0001, 0x11CA, 0x0042, 0x09AA, 0x0001, 0x11CA, 0x0001, 0x63CF, 0x0001, 0xDEB6,
  0x0008, 0xFF99, 0x0001, 0xF758, 0x0001, 0x7450, 0x000B, 0x09AA, 0x0001, 0x098A, 0x0001, 0x0149,
  0x0009, 0x0129, 0x0001, 0x116A, 0x0001, 0xC5F5, 0x0005, 0xFF99, 0x0001, 0xFEF3, 0x0001, 0xFD01,
  0x000A, 0xFCE0, 0x0001, 0xFD64, 0x0001, 0xFF78, 0x0002, 0xFF99, 0x0001, 0x73AD, 0x0037, 0x00C5,
  0x0001, 0x4269, 0x0001, 0xFF78, 0x0002, 0xFF99, 0x0001, 0x638F, 0x000C, 0x0129, 0x0001, 0x116A,
  0x0001, 0xC5F5, 0x0005, 0xFF99, 0x0001, 0xC615, 0x0001, 0x118A, 0x0007, 0x0129, 0x0001, 0x0149,
  0x000B, 0x09AA, 0x0001, 0x32AC, 0x0001, 0xCE56, 0x0008, 0xFF99, 0x0001, 0xE6D7, 0x0001, 0x6C10,
  0x0001, 0x09CA, 0x0047, 0x09AA, 0x0001, 0x5B8F, 0x0001, 0xDEB7, 0x0008, 0xFF99, 0x0001, 0xD676,
  0x0001, 0x3ACD, 0x000B, 0x09AA, 0x0001, 0x0949, 0x0007, 0x0129, 0x0001, 0x116A, 0x0001, 0xC5F5,
  0x0005, 0xFF99, 0x0001, 0xFEF3, 0x0001, 0xFD01, 0x000C, 0xFCE0, 0x0001, 0xFDC8, 0x0002, 0xFF99,
  0x0001, 0xFF78, 0x0001, 0x426A, 0x0035, 0x00C5, 0x0001, 0x1967, 0x0001, 0xE6F7, 0x0002, 0xFF99,
  0x0001, 0x94B2, 0x000E, 0x0129, 0x0001, 0x116A, 0x0001, 0xC5F5, 0x0005, 0xFF99, 0x0001, 0xC615,
  0x0001, 0x118A, 0x0005, 0x0129, 0x0001, 0x0969, 0x000B, 0x09AA, 0x0001, 0x7C71, 0x0001, 0xFF78,
  0x0007, 0xFF99, 0x0001, 0xEF17, 0x0001, 0x6C10, 0x0001, 0x11CA, 0x004A, 0x09AA, 0x0001, 0x11CA,
  0x0001, 0x6C10, 0x0001, 0xEF17, 0x0007, 0xFF99, 0x0001, 0xFF78, 0x0001, 0x7C71, 0x000B, 0x09AA,
  0x0001, 0x0949, 0x0005, 0x0129, 0x0001, 0x116A, 0x0001, 0xC5F5, 0x0005, 0xFF99, 0x0001, 0xFEF3,
  0x0001, 0xFD01, 0x000E, 0xFCE0, 0x0001, 0xFE6E, 0x0002, 0xFF99, 0x0001, 0xEEF7, 0x0001, 0x2187,
  0x0033, 0x00C5, 0x0001, 0x08E5, 0x0001, 0xC5F4, 0x0002, 0xFF99, 0x0001, 0xC5F5, 0x0001, 0x0949,
  0x000F, 0x0129, 0x0001, 0x116A, 0x0001, 0xC5F5, 0x0005, 0xFF99, 0x0001, 0xC615, 0x0001, 0x118A,
  0x0003, 0x0129, 0x0001, 0x0969, 0x000A, 0x09AA, 0x0001, 0x2A4C, 0x0001, 0xC615, 0x0007, 0xFF99,
  0x0001, 0xFF78, 0x0001, 0x9512, 0x0001, 0x1A0B, 0x004E, 0x09AA, 0x0001, 0x1A0B, 0x0001, 0x8CD2,
  0x0001, 0xFF58, 0x0007, 0xFF99, 0x0001, 0xC615, 0x0001, 0x224B, 0x000A, 0x09AA, 0x0001, 0x0969,
  0x0003, 0x0129, 0x0001, 0x116A, 0x0001, 0xC5F5, 0x0005, 0xFF99, 0x0001, 0xFEF3, 0x0001, 0xFD01,
  0x0010, 0xFCE0, 0x0001, 0xFEF3, 0x0002, 0xFF99, 0x0001, 0xC5D4, 0x0001, 0x08E5, 0x0032, 0x00C5,
  0x0001, 0x840F, 0x0002, 0xFF99, 0x0001, 0xE6D7, 0x0001, 0x19CA, 0x0011, 0x0129, 0x0001, 0x116A,
  0x0001, 0xC5F5, 0x0005, 0xFF99, 0x0001, 0xC615, 0x0001, 0x118A, 0x0001, 0x0129, 0x0001, 0x0989,
  0x000A, 0x09AA, 0x0001, 0x5B8F, 0x0001, 0xF738, 0x0007, 0xFF99, 0x0001, 0xC615, 0x0001, 0x2A8C,
  0x0052, 0x09AA, 0x0001, 0x328C, 0x0001, 0xC615, 0x0007, 0xFF99, 0x0001, 0xEF38, 0x0001, 0x538E,
  0x000A, 0x09AA, 0x0001, 0x0969, 0x0001, 0x0129, 0x0001, 0x116A, 0x0001, 0xC5F5, 0x0005, 0xFF99,
  0x0001, 0xFEF3, 0x0001, 0xFD01, 0x0011, 0xFCE0, 0x0001, 0xFD22, 0x0001, 0xFF56, 0x0002, 0xFF99,
  0x0001, 0x7C0E, 0x0031, 0x00C5, 0x0001, 0x3A29, 0x0001, 0xFF78, 0x0001, 0xFF99, 0x0001, 0xFF79,
  0x0001, 0x42CD, 0x0013, 0x0129, 0x0001, 0x116A, 0x0001, 0xC5F5, 0x0005, 0xFF99, 0x0001, 0xC615,
  0x0001, 0x11CA, 0x000A, 0x09AA, 0x0001, 0x8491, 0x0007, 0xFF99, 0x0001, 0xF738, 0x0001, 0x7430,
  0x0056, 0x09AA, 0x0001, 0x63CF, 0x0001, 0xEF38, 0x0007, 0xFF99, 0x0001, 0x8CD2, 0x000A, 0x09AA,
  0x0001, 0x11CA, 0x0001, 0xC5F5, 0x0005, 0xFF99, 0x0001, 0xFEF3, 0x0001, 0xFD01, 0x0013, 0xFCE0,
  0x0001, 0xFD86, 0x0001, 0xFF98, 0x0001, 0xFF99, 0x0001, 0xFF78, 0x0001, 0x3A49, 0x002F, 0x00C5,
  0x0001, 0x1106, 0x0001, 0xDE96, 0x0002, 0xFF99, 0x0001, 0x8C91, 0x0015, 0x0129, 0x0001, 0x116A,
  0x0001, 0xC615, 0x0005, 0xFF99, 0x0001, 0x7430, 0x0008, 0x09AA, 0x0001, 0x1A2B, 0x0001, 0xBE15,
  0x0007, 0xFF99, 0x0001, 0xBDD4, 0x0001, 0x224B, 0x0058, 0x09AA, 0x0001, 0x224B, 0x0001, 0xBDF5,
  0x0007, 0xFF99, 0x0001, 0xBDF5, 0x0001, 0x1A0B, 0x0008, 0x09AA, 0x0001, 0x7430, 0x0005, 0xFF99,
  0x0001, 0xFEF3, 0x0001, 0xFD01, 0x0015, 0xFCE0, 0x0001, 0xFE4D, 0x0002, 0xFF99, 0x0001, 0xDEB6,
  0x0001, 0x1126, 0x002E, 0x00C5, 0x0001, 0xA4F1, 0x0002, 0xFF99, 0x0001, 0xCE56, 0x0001, 0x0949,
  0x0016, 0x0129, 0x0001, 0x116A, 0x0001, 0xC5F5, 0x0003, 0xFF99, 0x0001, 0x94F2, 0x0008, 0x09AA,
  0x0001, 0x2A8C, 0x0001, 0xDEB7, 0x0006, 0xFF99, 0x0001, 0xF758, 0x0001, 0x7C71, 0x005C, 0x09AA,
  0x0001, 0x6C10, 0x0001, 0xF758, 0x0006, 0xFF99, 0x0001, 0xDED7, 0x0001, 0x328C, 0x0008, 0x09AA,
  0x0001, 0x8CD2, 0x0003, 0xFF99, 0x0001, 0xFEF3, 0x0001, 0xFD01, 0x0016, 0xFCE0, 0x0001, 0xFD00,
  0x0001, 0xFF14, 0x0002, 0xFF99, 0x0001, 0x9CF1, 0x002D, 0x00C5, 0x0001, 0x428A, 0x0002, 0xFF99,
  0x0001, 0xF758, 0x0001, 0x2A2B, 0x0018, 0x0129, 0x0001, 0x116A, 0x0001, 0xC5F5, 0x0001, 0xFF99,
  0x0001, 0x94F2, 0x0008, 0x09AA, 0x0001, 0x4B2D, 0x0001, 0xEF38, 0x0006, 0xFF99, 0x0001, 0xD696,
  0x0001, 0x32AC, 0x005E, 0x09AA, 0x0001, 0x32AC, 0x0001, 0xDE96, 0x0006, 0xFF99, 0x0001, 0xEF18,
  0x0001, 0x430D, 0x0008, 0x09AA, 0x0001, 0x8CD2, 0x0001, 0xFF99, 0x0001, 0xFEF3, 0x0001, 0xFD01,
  0x0018, 0xFCE0, 0x0001, 0xFD44, 0x0001, 0xFF78, 0x0002, 0xFF99, 0x0001, 0x4AAA, 0x002B, 0x00C5,
  0x0001, 0x1106, 0x0001, 0xE6B6, 0x0002, 0xFF99, 0x0001, 0x6BF0, 0x001A, 0x0129, 0x0001, 0x11CA,
  0x0001, 0x7430, 0x0008, 0x09AA, 0x0001, 0x63CF, 0x0001, 0xFF78, 0x0006, 0xFF99, 0x0001, 0xAD94,
  0x0001, 0x11EA, 0x0060, 0x09AA, 0x0001, 0x11EB, 0x0001, 0xB5B4, 0x0006, 0xFF99, 0x0001, 0xFF58,
  0x0001, 0x5BAF, 0x0008, 0x09AA, 0x0001, 0x7430, 0x0001, 0x6AE7, 0x001A, 0xFCE0, 0x0001, 0xFE0A,
  0x0002, 0xFF99, 0x0001, 0xDEB6, 0x0001, 0x1106, 0x002A, 0x00C5, 0x0001, 0x9490, 0x0002, 0xFF99,
  0x0001, 0xCE35, 0x0001, 0x0949, 0x0019, 0x0129, 0x0001, 0x0989, 0x0009, 0x09AA, 0x0001, 0x6C10,
  0x0001, 0xFF79, 0x0005, 0xFF99, 0x0001, 0xFF78, 0x0001, 0x7C51, 0x0064, 0x09AA, 0x0001, 0x7C71,
  0x0001, 0xFF79, 0x0005, 0xFF99, 0x0001, 0xFF79, 0x0001, 0x6BF0, 0x0009, 0x09AA, 0x0001, 0x6AE5,
  0x001A, 0xFCE0, 0x0001, 0xFEF3, 0x0002, 0xFF99, 0x0001, 0x8C70, 0x0029, 0x00C5, 0x0001, 0x3A29,
  0x0001, 0xFF78, 0x0001, 0xFF99, 0x0001, 0xFF78, 0x0001, 0x324C, 0x0019, 0x0129, 0x0001, 0x0969,
  0x0009, 0x09AA, 0x0001, 0x7430, 0x0006, 0xFF99, 0x0001, 0xF758, 0x0001, 0x536E, 0x0066, 0x09AA,
  0x0001, 0x4B4E, 0x0001, 0xF738, 0x0006, 0xFF99, 0x0001, 0x7C50, 0x0009, 0x09AA, 0x0001, 0x8B24,
  0x0019, 0xFCE0, 0x0001, 0xFD64, 0x0001, 0xFF78, 0x0001, 0xFF99, 0x0001, 0xFF78, 0x0001, 0x3A29,
  0x0027, 0x00C5, 0x0001, 0x08E5, 0x0001, 0xD655, 0x0002, 0xFF99, 0x0001, 0x8451, 0x0019, 0x0129,
  0x0001, 0x0949, 0x0009, 0x09AA, 0x0001, 0x8471, 0x0006, 0xFF99, 0x0001, 0xE6F7, 0x0001, 0x32AC,
  0x0068, 0x09AA, 0x0001, 0x3ACD, 0x0001, 0xE6F7, 0x0006, 0xFF99, 0x0001, 0x7C71, 0x0009, 0x09AA,
  0x0001, 0xA3A3, 0x0019, 0xFCE0, 0x0001, 0xFE4C, 0x0002, 0xFF99, 0x0001, 0xD655, 0x0001, 0x08E5,
  0x0026, 0x00C5, 0x0001, 0x6BAD, 0x0002, 0xFF99, 0x0001, 0xD676, 0x0001, 0x0949, 0x0018, 0x0129,
  0x0001, 0x0149, 0x0009, 0x09AA, 0x0001, 0x7C51, 0x0006, 0xFF99, 0x0001, 0xD696, 0x0001, 0x224B,
  0x006A, 0x09AA, 0x0001, 0x224C, 0x0001, 0xD696, 0x0006, 0xFF99, 0x0001, 0x7450, 0x0008, 0x09AA,
  0x0001, 0x11C9, 0x0001, 0xC402, 0x0018, 0xFCE0, 0x0001, 0xFD00, 0x0001, 0xFF35, 0x0002, 0xFF99,
  0x0001, 0x6B8D, 0x0025, 0x00C5, 0x0001, 0x1946, 0x0001, 0xEF17, 0x0002, 0xFF99, 0x0001, 0x42CD,
  0x0019, 0x0129, 0x0009, 0x09AA, 0x0001, 0x6BEF, 0x0006, 0xFF99, 0x0001, 0xCE76, 0x0001, 0x1A2B,
  0x006C, 0x09AA, 0x0001, 0x1A0B, 0x0001, 0xCE55, 0x0006, 0xFF99, 0x0001, 0x6C10, 0x0008, 0x09AA,
  0x0001, 0x19E9, 0x0001, 0xE461, 0x0018, 0xFCE0, 0x0001, 0xFD86, 0x0002, 0xFF99, 0x0001, 0xEF17,
  0x0001, 0x1946, 0x0024, 0x00C5, 0x0001, 0x94B0, 0x0002, 0xFF99, 0x0001, 0xAD73, 0x0019, 0x0129,
  0x0001, 0x098A, 0x0008, 0x09AA, 0x0001, 0x63CF, 0x0001, 0xFF79, 0x0005, 0xFF99, 0x0001, 0xC635,
  0x0001, 0x1A0B, 0x006E, 0x09AA, 0x0001, 0x1A0B, 0x0001, 0xCE55, 0x0005, 0xFF99, 0x0001, 0xFF79,
  0x0001, 0x5BAF, 0x0008, 0x09AA, 0x0001, 0x3A28, 0x0001, 0xF4C0, 0x0018, 0xFCE0, 0x0001, 0xFEB1,
  0x0002, 0xFF99, 0x0001, 0x9490, 0x0023, 0x00C5, 0x0001, 0x29E8, 0x0001, 0xFF78, 0x0001, 0xFF99,
  0x0001, 0xFF58, 0x0001, 0x2A0B, 0x0018, 0x0129, 0x0001, 0x0969, 0x0008, 0x09AA, 0x0001, 0x4B2D,
  0x0001, 0xFF78, 0x0005, 0xFF99, 0x0001, 0xC635, 0x0001, 0x11EA, 0x000E, 0x09AA, 0x0001, 0x1A0B,
  0x0001, 0x328C, 0x0050, 0x09AA, 0x0001, 0x328C, 0x0001, 0x1A0B, 0x000E, 0x09AA, 0x0001, 0x11EB,
  0x0001, 0xCE55, 0x0005, 0xFF99, 0x0001, 0xF758, 0x0001, 0x430D, 0x0008, 0x09AA, 0x0001, 0x6AC6,
  0x0018, 0xFCE0, 0x0001, 0xFD43, 0x0001, 0xFF78, 0x0001, 0xFF99, 0x0001, 0xFF78, 0x0001, 0x29C8,
  0x0022, 0x00C5, 0x0001, 0xB593, 0x0002, 0xFF99, 0x0001, 0x8C91, 0x0018, 0x0129, 0x0001, 0x0969,
  0x0008, 0x09AA, 0x0001, 0x328C, 0x0001, 0xEF38, 0x0005, 0xFF99, 0x0001, 0xD676, 0x0001, 0x1A0B,
  0x000E, 0x09AA, 0x0001, 0x3AAD, 0x0001, 0xEF17, 0x0001, 0xFF99, 0x0001, 0x6BF0, 0x004E, 0x09AA,
  0x0001, 0x6BF0, 0x0001, 0xFF99, 0x0001, 0xEF17, 0x0001, 0x3AAD, 0x000E, 0x09AA, 0x0001, 0x1A0B,
  0x0001, 0xCE76, 0x0005, 0xFF99, 0x0001, 0xEF18, 0x0001, 0x328C, 0x0008, 0x09AA, 0x0001, 0xA383,
  0x0018, 0xFCE0, 0x0001, 0xFE4D, 0x0002, 0xFF99, 0x0001, 0xB573, 0x0021, 0x00C5, 0x0001, 0x3A49,
  0x0002, 0xFF99, 0x0001, 0xEEF7, 0x0001, 0x118A, 0x0017, 0x0129, 0x0001, 0x0149, 0x0008, 0x09AA,
  0x0001, 0x1A2B, 0x0001, 0xDED7, 0x0005, 0xFF99, 0x0001, 0xD696, 0x0001, 0x1A0B, 0x000E, 0x09AA,
  0x0001, 0x32AC, 0x0001, 0xEF17, 0x0002, 0xFF99, 0x0001, 0x8CD2, 0x0024, 0x09AA, 0x0001, 0x11EA,
  0x0001, 0x4B4E, 0x0001, 0x63CF, 0x0001, 0x7C71, 0x0001, 0x7430, 0x0001, 0x538E, 0x0001, 0x2A8C,
  0x0023, 0x09AA, 0x0001, 0x8CD2, 0x0002, 0xFF99, 0x0001, 0xEF17, 0x0001, 0x32AC, 0x000E, 0x09AA,
  0x0001, 0x1A2B, 0x0001, 0xD696, 0x0005, 0xFF99, 0x0001, 0xDEB7, 0x0001, 0x1A0B, 0x0007, 0x09AA,
  0x0001, 0x11C9, 0x0001, 0xD441, 0x0017, 0xFCE0, 0x0001, 0xFD01, 0x0001, 0xFF57, 0x0002, 0xFF99,
  0x0001, 0x3A29, 0x0020, 0x00C5, 0x0001, 0xBDD3, 0x0002, 0xFF99, 0x0001, 0x6BF0, 0x0018, 0x0129,
  0x0001, 0x098A, 0x0008, 0x09AA, 0x0001, 0xBDF5, 0x0005, 0xFF99, 0x0001, 0xE6F7, 0x0001, 0x224C,
  0x000E, 0x09AA, 0x0001, 0x32AC, 0x0001, 0xEF17, 0x0002, 0xFF99, 0x0001, 0xCE76, 0x0001, 0x1A0B,
  0x0022, 0x09AA, 0x0001, 0x534E, 0x0001, 0xB5D4, 0x0001, 0xF758, 0x0006, 0xFF99, 0x0001, 0xD696,
  0x0001, 0x8491, 0x0001, 0x11EA, 0x0020, 0x09AA, 0x0001, 0x1A0B, 0x0001, 0xCE76, 0x0002, 0xFF99,
  0x0001, 0xEF17, 0x0001, 0x328C, 0x000E, 0x09AA, 0x0001, 0x224B, 0x0001, 0xE6F7, 0x0005, 0xFF99,
  0x0001, 0xBE15, 0x0008, 0x09AA, 0x0001, 0x3A28, 0x0001, 0xFCC0, 0x0017, 0xFCE0, 0x0001, 0xFE0B,
  0x0002, 0xFF99, 0x0001, 0xBD93, 0x001F, 0x00C5, 0x0001, 0x4269, 0x0002, 0xFF99, 0x0001, 0xE6D7,
  0x0001, 0x0969, 0x0017, 0x0129, 0x0001, 0x0969, 0x0008, 0x09AA, 0x0001, 0x8CD2, 0x0005, 0xFF99,
  0x0001, 0xF758, 0x0001, 0x3ACD, 0x000E, 0x09AA, 0x0001, 0x1A2B, 0x0001, 0xDEB7, 0x0002, 0xFF99,
  0x0001, 0xD676, 0x0001, 0x1A0B, 0x0021, 0x09AA, 0x0001, 0x2A6C, 0x0001, 0xBDD4, 0x000B, 0xFF99,
  0x0001, 0xE6F7, 0x0001, 0x63AF, 0x0020, 0x09AA, 0x0001, 0x1A0B, 0x0001, 0xCE76, 0x0002, 0xFF99,
  0x0001, 0xE6D7, 0x0001, 0x222B, 0x000E, 0x09AA, 0x0001, 0x3ACD, 0x0001, 0xF758, 0x0005, 0xFF99,
  0x0001, 0x8CB2, 0x0008, 0x09AA, 0x0001, 0x7B05, 0x0017, 0xFCE0, 0x0001, 0xFD00, 0x0001, 0xFF56,
  0x0002, 0xFF99, 0x0001, 0x426A, 0x001E, 0x00C5, 0x0001, 0xC5D4, 0x0002, 0xFF99, 0x0001, 0x6BAF,
  0x0017, 0x0129, 0x0001, 0x0949, 0x0008, 0x09AA, 0x0001, 0x5B8F, 0x0005, 0xFF99, 0x0001, 0xFF78,
  0x0001, 0x534E, 0x000E, 0x09AA, 0x0001, 0x11EA, 0x0001, 0xCE55, 0x0002, 0xFF99, 0x0001, 0xD696,
  0x0001, 0x1A0B, 0x0019, 0x09AA, 0x0001, 0x3AAD, 0x0001, 0x63CF, 0x0002, 0x7C71, 0x0001, 0x6C10,
  0x0001, 0x4B4E, 0x0001, 0x1A0B, 0x0001, 0x09AA, 0x0001, 0x3AED, 0x0001, 0xEF18, 0x000E, 0xFF99,
  0x0001, 0x8CD2, 0x0002, 0x09AA, 0x0001, 0x32AC, 0x0001, 0x5BAF, 0x0001, 0x7450, 0x0001, 0x7C71,
  0x0001, 0x7450, 0x0001, 0x5B8F, 0x0001, 0x2A4C, 0x0017, 0x09AA, 0x0001, 0x1A2B, 0x0001, 0xD696,
  0x0002, 0xFF99, 0x0001, 0xCE56, 0x0001, 0x11EA, 0x000E, 0x09AA, 0x0001, 0x536E, 0x0001, 0xFF79,
  0x0005, 0xFF99, 0x0001, 0x536E, 0x0008, 0x09AA, 0x0001, 0xC402, 0x0017, 0xFCE0, 0x0001, 0xFE0A,
  0x0002, 0xFF99, 0x0001, 0xBDD3, 0x001D, 0x00C5, 0x0001, 0x428A, 0x0002, 0xFF99, 0x0001, 0xDEB7,
  0x0001, 0x0949, 0x0017, 0x0129, 0x0001, 0x098A, 0x0007, 0x09AA, 0x0001, 0x224B, 0x0001, 0xEF38,
  0x0005, 0xFF99, 0x0001, 0x7C50, 0x000F, 0x09AA, 0x0001, 0xAD94, 0x0002, 0xFF99, 0x0001, 0xE6F7,
  0x0001, 0x2A4C, 0x0017, 0x09AA, 0x0001, 0x222B, 0x0001, 0x8CD2, 0x0001, 0xEEF7, 0x0006, 0xFF99,
  0x0001, 0xFF79, 0x0001, 0xCE56, 0x0001, 0xEF17, 0x0010, 0xFF99, 0x0001, 0xC615, 0x0001, 0xEF38,
  0x0007, 0xFF99, 0x0001, 0xD696, 0x0001, 0x7450, 0x0001, 0x11EA, 0x0015, 0x09AA, 0x0001, 0x2A6C,
  0x0001, 0xEEF7, 0x0002, 0xFF99, 0x0001, 0xAD94, 0x000F, 0x09AA, 0x0001, 0x7C71, 0x0005, 0xFF99,
  0x0001, 0xF738, 0x0001, 0x2A4C, 0x0007, 0x09AA, 0x0001, 0x2A08, 0x0001, 0xFCC0, 0x0017, 0xFCE0,
  0x0001, 0xFF36, 0x0002, 0xFF99, 0x0001, 0x426A, 0x001C, 0x00C5, 0x0001, 0xBD93, 0x0002, 0xFF99,
  0x0001, 0x638F, 0x0017, 0x0129, 0x0001, 0x0969, 0x0008, 0x09AA, 0x0001, 0xC615, 0x0005, 0xFF99,
  0x0001, 0xB5B4, 0x000F, 0x09AA, 0x0001, 0x7450, 0x0002, 0xFF99, 0x0001, 0xF758, 0x0001, 0x42ED,
  0x0017, 0x09AA, 0x0001, 0x6BF0, 0x0001, 0xF758, 0x0026, 0xFF99, 0x0001, 0xE6F7, 0x0001, 0x4B4E,
  0x0015, 0x09AA, 0x0001, 0x3ACD, 0x0001, 0xF758, 0x0002, 0xFF99, 0x0001, 0x7430, 0x000F, 0x09AA,
  0x0001, 0xAD94, 0x0005, 0xFF99, 0x0001, 0xC615, 0x0008, 0x09AA, 0x0001, 0x8324, 0x0017, 0xFCE0,
  0x0001, 0xFDEA, 0x0002, 0xFF99, 0x0001, 0xB593, 0x001B, 0x00C5, 0x0001, 0x3208, 0x0002, 0xFF99,
  0x0001, 0xE6D7, 0x0001, 0x0949, 0x0016, 0x0129, 0x0001, 0x0149, 0x0008, 0x09AA, 0x0001, 0x7C71,
  0x0005, 0xFF99, 0x0001, 0xD696, 0x0001, 0x11EA, 0x000E, 0x09AA, 0x0001, 0x42ED, 0x0001, 0xFF78,
  0x0002, 0xFF99, 0x0001, 0x5B8F, 0x0017, 0x09AA, 0x0001, 0x94F2, 0x0029, 0xFF99, 0x0001, 0xFF79,
  0x0001, 0x6C10, 0x0015, 0x09AA, 0x0001, 0x5BAF, 0x0002, 0xFF99, 0x0001, 0xFF78, 0x0001, 0x3AED,
  0x000E, 0x09AA, 0x0001, 0x11EB, 0x0001, 0xDE96, 0x0005, 0xFF99, 0x0001, 0x7C71, 0x0007, 0x09AA,
  0x0001, 0x11CA, 0x0001, 0xDC61, 0x0016, 0xFCE0, 0x0001, 0xFD00, 0x0001, 0xFF56, 0x0002, 0xFF99,
  0x0001, 0x31E8, 0x001A, 0x00C5, 0x0001, 0xA4F1, 0x0002, 0xFF99, 0x0001, 0x7C30, 0x0017, 0x0129,
  0x0001, 0x098A, 0x0007, 0x09AA, 0x0001, 0x32AC, 0x0001, 0xFF78, 0x0004, 0xFF99, 0x0001, 0xF758,
  0x0001, 0x32AC, 0x000E, 0x09AA, 0x0001, 0x19EB, 0x0001, 0xE6D7, 0x0002, 0xFF99, 0x0001, 0x9512,
  0x0017, 0x09AA, 0x0001, 0x8471, 0x002C, 0xFF99, 0x0001, 0x5B8F, 0x0015, 0x09AA, 0x0001, 0x9D12,
  0x0002, 0xFF99, 0x0001, 0xDED7, 0x0001, 0x11EB, 0x000E, 0x09AA, 0x0001, 0x3AAD, 0x0001, 0xFF58,
  0x0004, 0xFF99, 0x0001, 0xFF78, 0x0001, 0x32AC, 0x0007, 0x09AA, 0x0001, 0x4A67, 0x0017, 0xFCE0,
  0x0001, 0xFE2C, 0x0002, 0xFF99, 0x0001, 0x9CF1, 0x0019, 0x00C5, 0x0001, 0x1967, 0x0001, 0xF758,
  0x0001, 0xFF99, 0x0001, 0xF738, 0x0001, 0x118A, 0x0016, 0x0129, 0x0001, 0x0949, 0x0008, 0x09AA,
  0x0001, 0xCE35, 0x0005, 0xFF99, 0x0001, 0x7430, 0x000F, 0x09AA, 0x0001, 0x9D33, 0x0002, 0xFF99,
  0x0001, 0xCE56, 0x0001, 0x11CA, 0x0016, 0x09AA, 0x0001, 0x32AC, 0x0001, 0xFF78, 0x002C, 0xFF99,
  0x0001, 0xF738, 0x0001, 0x224B, 0x0014, 0x09AA, 0x0001, 0x11CA, 0x0001, 0xCE76, 0x0002, 0xFF99,
  0x0001, 0x9D33, 0x000F, 0x09AA, 0x0001, 0x7C50, 0x0005, 0xFF99, 0x0001, 0xCE56, 0x0008, 0x09AA,
  0x0001, 0xABC3, 0x0016, 0xFCE0, 0x0001, 0xFD01, 0x0001, 0xFF78, 0x0001, 0xFF99, 0x0001, 0xFF58,
  0x0001, 0x1967, 0x0018, 0x00C5, 0x0001, 0x844F, 0x0002, 0xFF99, 0x0001, 0x94D2, 0x0017, 0x0129,
  0x0001, 0x098A, 0x0007, 0x09AA, 0x0001, 0x7C51, 0x0005, 0xFF99, 0x0001, 0xBDF5, 0x000F, 0x09AA,
  0x0001, 0x4B2E, 0x0002, 0xFF99, 0x0001, 0xF758, 0x0001, 0x2A8C, 0x0017, 0x09AA, 0x0001, 0xBDD4,
  0x002E, 0xFF99, 0x0001, 0x9512, 0x0015, 0x09AA, 0x0001, 0x2A8C, 0x0001, 0xF758, 0x0002, 0xFF99,
  0x0001, 0x4B4E, 0x000F, 0x09AA, 0x0001, 0xBDD4, 0x0005, 0xFF99, 0x0001, 0x7430, 0x0007, 0x09AA,
  0x0001, 0x2A08, 0x0001, 0xFCC0, 0x0016, 0xFCE0, 0x0001, 0xFE6E, 0x0002, 0xFF99, 0x0001, 0x842F,
  0x0017, 0x00C5, 0x0001, 0x08E5, 0x0001, 0xE6F7, 0x0001, 0xFF99, 0x0001, 0xFF79, 0x0001, 0x220B,
  0x0016, 0x0129, 0x0001, 0x0969, 0x0007, 0x09AA, 0x0001, 0x2A6C, 0x0001, 0xF758, 0x0004, 0xFF99,
  0x0001, 0xF738, 0x0001, 0x224B, 0x000E, 0x09AA, 0x0001, 0x11EA, 0x0001, 0xE6D7, 0x0002, 0xFF99,
  0x0001, 0x7C50, 0x0017, 0x09AA, 0x0001, 0x2A6C, 0x002F, 0xFF99, 0x0001, 0xF758, 0x0001, 0x11EA,
  0x0015, 0x09AA, 0x0001, 0x7C51, 0x0002, 0xFF99, 0x0001, 0xDED7, 0x0001, 0x11EA, 0x000E, 0x09AA,
  0x0001, 0x224B, 0x0001, 0xF738, 0x0004, 0xFF99, 0x0001, 0xF758, 0x0001, 0x224B, 0x0007, 0x09AA,
  0x0001, 0x9364, 0x0016, 0xFCE0, 0x0001, 0xFD43, 0x0001, 0xFF98, 0x0001, 0xFF99, 0x0001, 0xE6D7,
  0x0001, 0x08E5, 0x0016, 0x00C5, 0x0001, 0x52EB, 0x0002, 0xFF99, 0x0001, 0xB5B4, 0x0017, 0x0129,
  0x0008, 0x09AA, 0x0001, 0xB5B4, 0x0005, 0xFF99, 0x0001, 0x6BF0, 0x000F, 0x09AA, 0x0001, 0x8491,
  0x0002, 0xFF99, 0x0001, 0xCE35, 0x0018, 0x09AA, 0x0001, 0x7450, 0x0030, 0xFF99, 0x0001, 0x536E,
  0x0016, 0x09AA, 0x0001, 0xCE56, 0x0002, 0xFF99, 0x0001, 0x8491, 0x000F, 0x09AA, 0x0001, 0x7410,
  0x0005, 0xFF99, 0x0001, 0xAD73, 0x0007, 0x09AA, 0x0001, 0x19C9, 0x0001, 0xECA0, 0x0016, 0xFCE0,
  0x0001, 0xFED2, 0x0002, 0xFF99, 0x0001, 0x52CB, 0x0016, 0x00C5, 0x0001, 0xBD93, 0x0002, 0xFF99,
  0x0001, 0x532E, 0x0016, 0x0129, 0x0001, 0x0969, 0x0007, 0x09AA, 0x0001, 0x4B2D, 0x0005, 0xFF99,
  0x0001, 0xC615, 0x000F, 0x09AA, 0x0001, 0x224C, 0x0001, 0xF758, 0x0001, 0xFF99, 0x0001, 0xFF79,
  0x0001, 0x3AAD, 0x0018, 0x09AA, 0x0001, 0xAD94, 0x0030, 0xFF99, 0x0001, 0x8CB2, 0x0016, 0x09AA,
  0x0001, 0x3ACD, 0x0001, 0xFF79, 0x0001, 0xFF99, 0x0001, 0xF758, 0x0001, 0x2A6C, 0x000F, 0x09AA,
  0x0001, 0xC635, 0x0005, 0xFF99, 0x0001, 0x430D, 0x0007, 0x09AA, 0x0001, 0x7B05, 0x0016, 0xFCE0,
  0x0001, 0xFDC8, 0x0002, 0xFF99, 0x0001, 0xB573, 0x0015, 0x00C5, 0x0001, 0x2187, 0x0001, 0xFF78,
  0x0001, 0xFF99, 0x0001, 0xEEF7, 0x0001, 0x0949, 0x0016, 0x0129, 0x0008, 0x09AA, 0x0001, 0xD676,
  0x0004, 0xFF99, 0x0001, 0xFF78, 0x0001, 0x2A8C, 0x000F, 0x09AA, 0x0001, 0xAD94, 0x0002, 0xFF99,
  0x0001, 0x9D12, 0x0019, 0x09AA, 0x0001, 0xD676, 0x0030, 0xFF99, 0x0001, 0xB5B4, 0x0017, 0x09AA,
  0x0001, 0x9D33, 0x0002, 0xFF99, 0x0001, 0xAD74, 0x000F, 0x09AA, 0x0001, 0x32AC, 0x0001, 0xFF78,
  0x0004, 0xFF99, 0x0001, 0xCE56, 0x0007, 0x09AA, 0x0001, 0x11C9, 0x0001, 0xECA0, 0x0016, 0xFCE0,
  0x0001, 0xFF56, 0x0001, 0xFF99, 0x0001, 0xFF78, 0x0001, 0x2187, 0x0014, 0x00C5, 0x0001, 0x842F,
  0x0002, 0xFF99, 0x0001, 0x8C91, 0x0016, 0x0129, 0x0001, 0x0969, 0x0007, 0x09AA, 0x0001, 0x63EF,
  0x0005, 0xFF99, 0x0001, 0x94F2, 0x000F, 0x09AA, 0x0001, 0x3ACD, 0x0002, 0xFF99, 0x0001, 0xEF38,
  0x0001, 0x1A2B, 0x0019, 0x09AA, 0x0001, 0xE6D7, 0x0030, 0xFF99, 0x0001, 0xC615, 0x0017, 0x09AA,
  0x0001, 0x1A0B, 0x0001, 0xEF18, 0x0002, 0xFF99, 0x0001, 0x3ACD, 0x000F, 0x09AA, 0x0001, 0x9512,
  0x0005, 0xFF99, 0x0001, 0x63CF, 0x0007, 0x09AA, 0x0001, 0x8324, 0x0016, 0xFCE0, 0x0001, 0xFE4D,
  0x0002, 0xFF99, 0x0001, 0x7C0E, 0x0014, 0x00C5, 0x0001, 0xDE96, 0x0002, 0xFF99, 0x0001, 0x220B,
  0x0016, 0x0129, 0x0007, 0x09AA, 0x0001, 0x11CA, 0x0001, 0xDED7, 0x0004, 0xFF99, 0x0001, 0xEF17,
  0x0001, 0x1A0B, 0x000F, 0x09AA, 0x0001, 0xB5D4, 0x0002, 0xFF99, 0x0001, 0x7C51, 0x001A, 0x09AA,
  0x0031, 0x2A6C, 0x0001, 0x224B, 0x0018, 0x09AA, 0x0001, 0x7C71, 0x0002, 0xFF99, 0x0001, 0xB5B4,
  0x000F, 0x09AA, 0x0001, 0x1A0B, 0x0001, 0xEF17, 0x0004, 0xFF99, 0x0001, 0xDEB7, 0x0001, 0x09CA,
  0x0006, 0x09AA, 0x0001, 0x19C9, 0x0001, 0xECA0, 0x0015, 0xFCE0, 0x0001, 0xFD43, 0x0002, 0xFF99,
  0x0001, 0xD676, 0x0013, 0x00C5, 0x0001, 0x3A29, 0x0002, 0xFF99, 0x0001, 0xC615, 0x0016, 0x0129,
  0x0001, 0x0969, 0x0007, 0x09AA, 0x0001, 0x6C10, 0x0005, 0xFF99, 0x0001, 0x6C10, 0x000F, 0x09AA,
  0x0001, 0x3ACD, 0x0002, 0xFF99, 0x0001, 0xEEF7, 0x0001, 0x11EA, 0x0064, 0x09AA, 0x0001, 0x11EA,
  0x0001, 0xEF17, 0x0002, 0xFF99, 0x0001, 0x3AED, 0x000F, 0x09AA, 0x0001, 0x7430, 0x0005, 0xFF99,
  0x0001, 0x6BEF, 0x0007, 0x09AA, 0x0001, 0x8B44, 0x0016, 0xFCE0, 0x0001, 0xFEF3, 0x0002, 0xFF99,
  0x0001, 0x3208, 0x0012, 0x00C5, 0x0001, 0x8C70, 0x0002, 0xFF99, 0x0001, 0x73F0, 0x0016, 0x0129,
  0x0001, 0x098A, 0x0006, 0x09AA, 0x0001, 0x11CA, 0x0001, 0xE6F7, 0x0004, 0xFF99, 0x0001, 0xDEB7,
  0x0001, 0x09CA, 0x000F, 0x09AA, 0x0001, 0xB5B4, 0x0002, 0xFF99, 0x0001, 0x7430, 0x0066, 0x09AA,
  0x0001, 0x7C50, 0x0002, 0xFF99, 0x0001, 0xB5B4, 0x000F, 0x09AA, 0x0001, 0x11CA, 0x0001, 0xE6D7,
  0x0004, 0xFF99, 0x0001, 0xDED7, 0x0001, 0x11CA, 0x0006, 0x09AA, 0x0001, 0x29E8, 0x0016, 0xFCE0,
  0x0001, 0xFE0B, 0x0002, 0xFF99, 0x0001, 0x844F, 0x0011, 0x00C5, 0x0001, 0x08C5, 0x0001, 0xE6B6,
  0x0001, 0xFF99, 0x0001, 0xFF79, 0x0001, 0x19CA, 0x0015, 0x0129, 0x0001, 0x0949, 0x0007, 0x09AA,
  0x0001, 0x6BF0, 0x0005, 0xFF99, 0x0001, 0x63CF, 0x000F, 0x09AA, 0x0001, 0x2A8C, 0x0001, 0xFF79,
  0x0001, 0xFF99, 0x0001, 0xEF17, 0x0001, 0x11CA, 0x0066, 0x09AA, 0x0001, 0x11EA, 0x0001, 0xEF17,
  0x0001, 0xFF99, 0x0001, 0xFF79, 0x0001, 0x2A6C, 0x000F, 0x09AA, 0x0001, 0x6BF0, 0x0005, 0xFF99,
  0x0001, 0x63CF, 0x0007, 0x09AA, 0x0001, 0xABA3, 0x0015, 0xFCE0, 0x0001, 0xFD22, 0x0002, 0xFF99,
  0x0001, 0xDEB6, 0x0011, 0x00C5, 0x0001, 0x3A49, 0x0002, 0xFF99, 0x0001, 0xC5F5, 0x0016, 0x0129,
  0x0001, 0x098A, 0x0007, 0x09AA, 0x0001, 0xD696, 0x0004, 0xFF99, 0x0001, 0xDEB6, 0x0001, 0x09CA,
  0x000F, 0x09AA, 0x0001, 0x9D33, 0x0002, 0xFF99, 0x0001, 0x8491, 0x0068, 0x09AA, 0x0001, 0x84B1,
  0x0002, 0xFF99, 0x0001, 0x9512, 0x0010, 0x09AA, 0x0001, 0xDEB6, 0x0004, 0xFF99, 0x0001, 0xD696,
  0x0007, 0x09AA, 0x0001, 0x4247, 0x0016, 0xFCE0, 0x0001, 0xFEF3, 0x0002, 0xFF99, 0x0001, 0x3A29,
  0x0010, 0x00C5, 0x0001, 0x8C70, 0x0002, 0xFF99, 0x0001, 0x6BCF, 0x0015, 0x0129, 0x0001, 0x0149,
  0x0007, 0x09AA, 0x0001, 0x536E, 0x0005, 0xFF99, 0x0001, 0x63CF, 0x000F, 0x09AA, 0x0001, 0x1A0B,
  0x0001, 0xF758, 0x0001, 0xFF99, 0x0001, 0xF758, 0x0001, 0x222B, 0x001A, 0x09AA, 0x0001, 0xF758,
  0x0003, 0xEF38, 0x0001, 0xE6D7, 0x0001, 0xDED7, 0x0001, 0x224C, 0x0026, 0x09AA, 0x0001, 0x224C,
  0x0001, 0xDED7, 0x0001, 0xE6D7, 0x0003, 0xEF38, 0x0001, 0xF758, 0x001A, 0x09AA, 0x0001, 0x222B,
  0x0001, 0xF758, 0x0001, 0xFF99, 0x0001, 0xF758, 0x0001, 0x19EB, 0x000F, 0x09AA, 0x0001, 0x6BEF,
  0x0005, 0xFF99, 0x0001, 0x4B4E, 0x0007, 0x09AA, 0x0001, 0xD441, 0x0015, 0xFCE0, 0x0001, 0xFE0A,
  0x0002, 0xFF99, 0x0001, 0x8C4F, 0x0010, 0x00C5, 0x0001, 0xD655, 0x0002, 0xFF99, 0x0001, 0x19CA,
  0x0015, 0x0129, 0x0001, 0x0969, 0x0007, 0x09AA, 0x0001, 0xBE15, 0x0004, 0xFF99, 0x0001, 0xE6F7,
  0x0001, 0x11CA, 0x000F, 0x09AA, 0x0001, 0x7410, 0x0002, 0xFF99, 0x0001, 0xA553, 0x001B, 0x09AA,
  0x0001, 0xFF79, 0x0005, 0xFF99, 0x0001, 0x224B, 0x0026, 0x09AA, 0x0001, 0x224C, 0x0005, 0xFF99,
  0x0001, 0xFF78, 0x001B, 0x09AA, 0x0001, 0xA553, 0x0002, 0xFF99, 0x0001, 0x6C10, 0x000F, 0x09AA,
  0x0001, 0x11CA, 0x0001, 0xE6F7, 0x0004, 0xFF99, 0x0001, 0xBDF5, 0x0007, 0x09AA, 0x0001, 0x7B05,
  0x0015, 0xFCE0, 0x0001, 0xFD23, 0x0002, 0xFF99, 0x0001, 0xCE55, 0x000F, 0x00C5, 0x0001, 0x2187,
  0x0002, 0xFF99, 0x0001, 0xD676, 0x0016, 0x0129, 0x0007, 0x09AA, 0x0001, 0x2A8C, 0x0005, 0xFF99,
  0x0001, 0x7C71, 0x0010, 0x09AA, 0x0001, 0xCE76, 0x0002, 0xFF99, 0x0001, 0x42ED, 0x001B, 0x09AA,
  0x0006, 0xFF99, 0x0001, 0x222B, 0x0026, 0x09AA, 0x0001, 0x222B, 0x0006, 0xFF99, 0x001B, 0x09AA,
  0x0001, 0x42ED, 0x0002, 0xFF99, 0x0001, 0xCE55, 0x0010, 0x09AA, 0x0001, 0x7C71, 0x0005, 0xFF99,
  0x0001, 0x2A8C, 0x0006, 0x09AA, 0x0001, 0x21E9, 0x0016, 0xFCE0, 0x0001, 0xFF15, 0x0002, 0xFF99,
  0x0001, 0x2187, 0x000E, 0x00C5, 0x0001, 0x6B6D, 0x0002, 0xFF99, 0x0001, 0x8C91, 0x0015, 0x0129,
  0x0001, 0x0949, 0x0007, 0x09AA, 0x0001, 0x8CD2, 0x0004, 0xFF99, 0x0001, 0xF758, 0x0001, 0x1A0B,
  0x000F, 0x09AA, 0x0001, 0x32AC, 0x0002, 0xFF99, 0x0001, 0xD696, 0x001B, 0x09AA, 0x0001, 0x11CA,
  0x0006, 0xFF99, 0x0001, 0x1A0B, 0x0026, 0x09AA, 0x0001, 0x1A0B, 0x0006, 0xFF99, 0x0001, 0x11CA,
  0x001B, 0x09AA, 0x0001, 0xD696, 0x0002, 0xFF99, 0x0001, 0x3AAD, 0x000F, 0x09AA, 0x0001, 0x1A0B,
  0x0001, 0xF758, 0x0004, 0xFF99, 0x0001, 0x8CD2, 0x0007, 0x09AA, 0x0001, 0xB3C2, 0x0015, 0xFCE0,
  0x0001, 0xFE4D, 0x0002, 0xFF99, 0x0001, 0x634C, 0x000E, 0x00C5, 0x0001, 0xAD52, 0x0002, 0xFF99,
  0x0001, 0x42CD, 0x0015, 0x0129, 0x0001, 0x098A, 0x0006, 0x09AA, 0x0001, 0x11CA, 0x0001, 0xEF17,
  0x0004, 0xFF99, 0x0001, 0x9D33, 0x0010, 0x09AA, 0x0001, 0x94D2, 0x0002, 0xFF99, 0x0001, 0x7C51,
  0x001B, 0x09AA, 0x0001, 0x11CA, 0x0006, 0xFF99, 0x0001, 0x1A0B, 0x0026, 0x09AA, 0x0001, 0x1A0B,
  0x0006, 0xFF99, 0x0001, 0x11CA, 0x001B, 0x09AA, 0x0001, 0x7C51, 0x0002, 0xFF99, 0x0001, 0x8CD2,
  0x0010, 0x09AA, 0x0001, 0xA553, 0x0004, 0xFF99, 0x0001, 0xEF17, 0x0001, 0x11CA, 0x0006, 0x09AA,
  0x0001, 0x5AA6, 0x0015, 0xFCE0, 0x0001, 0xFD86, 0x0002, 0xFF99, 0x0001, 0xAD52, 0x000D, 0x00C5,
  0x0001, 0x08E5, 0x0001, 0xF737, 0x0001, 0xFF99, 0x0001, 0xF738, 0x0001, 0x0949, 0x0015, 0x0129,
  0x0007, 0x09AA, 0x0001, 0x5B8F, 0x0005, 0xFF99, 0x0001, 0x3AED, 0x0010, 0x09AA, 0x0001, 0xE6D7,
  0x0001, 0xFF99, 0x0001, 0xFF79, 0x0001, 0x224B, 0x001B, 0x09AA, 0x0001, 0x11EA, 0x0006, 0xFF99,
  0x0001, 0x1A0B, 0x0026, 0x09AA, 0x0001, 0x1A0B, 0x0006, 0xFF99, 0x0001, 0x11CA, 0x001B, 0x09AA,
  0x0001, 0x222B, 0x0001, 0xFF79, 0x0001, 0xFF99, 0x0001, 0xE6D7, 0x0010, 0x09AA, 0x0001, 0x42ED,
  0x0005, 0xFF99, 0x0001, 0x5B8E, 0x0006, 0x09AA, 0x0001, 0x11C9, 0x0001, 0xF4C0, 0x0014, 0xFCE0,
  0x0001, 0xFD00, 0x0001, 0xFF78, 0x0001, 0xFF99, 0x0001, 0xEF17, 0x0001, 0x08E5, 0x000C, 0x00C5,
  0x0001, 0x3A29, 0x0002, 0xFF99, 0x0001, 0xB594, 0x0015, 0x0129, 0x0001, 0x0969, 0x0007, 0x09AA,
  0x0001, 0xB5B4, 0x0004, 0xFF99, 0x0001, 0xD696, 0x0010, 0x09AA, 0x0001, 0x42ED, 0x0002, 0xFF99,
  0x0001, 0xC615, 0x001C, 0x09AA, 0x0001, 0x11EA, 0x0006, 0xFF99, 0x0001, 0x11EA, 0x0026, 0x09AA,
  0x0001, 0x19EB, 0x0006, 0xFF99, 0x0001, 0x11EA, 0x001C, 0x09AA, 0x0001, 0xC615, 0x0002, 0xFF99,
  0x0001, 0x3ACD, 0x0010, 0x09AA, 0x0001, 0xD676, 0x0004, 0xFF99, 0x0001, 0xAD94, 0x0007, 0x09AA,
  0x0001, 0xB3C3, 0x0015, 0xFCE0, 0x0001, 0xFED1, 0x0002, 0xFF99, 0x0001, 0x3209, 0x000C, 0x00C5,
  0x0001, 0x73CE, 0x0002, 0xFF99, 0x0001, 0x7410, 0x0015, 0x0129, 0x0001, 0x098A, 0x0006, 0x09AA,
  0x0001, 0x11EB, 0x0001, 0xF758, 0x0004, 0xFF99, 0x0001, 0x7430, 0x0010, 0x09AA, 0x0001, 0x94D2,
  0x0002, 0xFF99, 0x0001, 0x7430, 0x001C, 0x09AA, 0x0001, 0x19EB, 0x0006, 0xFF99, 0x0001, 0x11EA,
  0x0026, 0x09AA, 0x0001, 0x11EA, 0x0006, 0xFF99, 0x0001, 0x11EA, 0x001C, 0x09AA, 0x0001, 0x7430,
  0x0002, 0xFF99, 0x0001, 0x8CD2, 0x0010, 0x09AA, 0x0001, 0x7C50, 0x0004, 0xFF99, 0x0001, 0xF758,
  0x0001, 0x11EA, 0x0006, 0x09AA, 0x0001, 0x62A6, 0x0015, 0xFCE0, 0x0001, 0xFE2B, 0x0002, 0xFF99,
  0x0001, 0x73AD, 0x000C, 0x00C5, 0x0001, 0xAD52, 0x0002, 0xFF99, 0x0001, 0x3A8C, 0x0015, 0x0129,
  0x0007, 0x09AA, 0x0001, 0x63CF, 0x0004, 0xFF99, 0x0001, 0xFF79, 0x0001, 0x224B, 0x0010, 0x09AA,
  0x0001, 0xDE96, 0x0001, 0xFF99, 0x0001, 0xFF79, 0x0001, 0x222B, 0x001C, 0x09AA, 0x0001, 0x1A0B,
  0x0006, 0xFF99, 0x0001, 0x11CA, 0x0026, 0x09AA, 0x0001, 0x11EA, 0x0006, 0xFF99, 0x0001, 0x11EB,
  0x001C, 0x09AA, 0x0001, 0x224B, 0x0002, 0xFF99, 0x0001, 0xD696, 0x0010, 0x09AA, 0x0001, 0x224B,
  0x0001, 0xFF79, 0x0004, 0xFF99, 0x0001, 0x5BAF, 0x0006, 0x09AA, 0x0001, 0x19C9, 0x0001, 0xFCC0,
  0x0014, 0xFCE0, 0x0001, 0xFD85, 0x0002, 0xFF99, 0x0001, 0xAD32, 0x000C, 0x00C5, 0x0001, 0xE6D7,
  0x0001, 0xFF99, 0x0001, 0xF758, 0x0001, 0x0949, 0x0014, 0x0129, 0x0001, 0x0149, 0x0007, 0x09AA,
  0x0001, 0xB5B4, 0x0004, 0xFF99, 0x0001, 0xC615, 0x0010, 0x09AA, 0x0001, 0x224C, 0x0002, 0xFF99,
  0x0001, 0xCE76, 0x001D, 0x09AA, 0x0001, 0x1A0B, 0x0006, 0xFF99, 0x0001, 0x11CA, 0x0026, 0x09AA,
  0x0001, 0x11EA, 0x0006, 0xFF99, 0x0001, 0x1A0B, 0x001D, 0x09AA, 0x0001, 0xD676, 0x0002, 0xFF99,
  0x0001, 0x224C, 0x0010, 0x09AA, 0x0001, 0xC635, 0x0004, 0xFF99, 0x0001, 0xAD94, 0x0007, 0x09AA,
  0x0001, 0xC402, 0x0014, 0xFCE0, 0x0001, 0xFD00, 0x0001, 0xFF78, 0x0001, 0xFF99, 0x0001, 0xE6D7,
  0x000B, 0x00C5, 0x0001, 0x21A7, 0x0002, 0xFF99, 0x0001, 0xC5F5, 0x0015, 0x0129, 0x0001, 0x0969,
  0x0006, 0x09AA, 0x0001, 0x11CA, 0x0001, 0xF758, 0x0004, 0xFF99, 0x0001, 0x6C10, 0x0010, 0x09AA,
  0x0001, 0x6C10, 0x0002, 0xFF99, 0x0001, 0x8CB2, 0x001D, 0x09AA, 0x0001, 0x1A2B, 0x0006, 0xFF99,
  0x0001, 0x09CA, 0x0026, 0x09AA, 0x0001, 0x11CA, 0x0006, 0xFF99, 0x0001, 0x1A0B, 0x001D, 0x09AA,
  0x0001, 0x8CD2, 0x0002, 0xFF99, 0x0001, 0x6BF0, 0x0010, 0x09AA, 0x0001, 0x7430, 0x0004, 0xFF99,
  0x0001, 0xF738, 0x0001, 0x11CA, 0x0006, 0x09AA, 0x0001, 0x8324, 0x0015, 0xFCE0, 0x0001, 0xFEF3,
  0x0002, 0xFF99, 0x0001, 0x2187, 0x000A, 0x00C5, 0x0001, 0x5B2C, 0x0002, 0xFF99, 0x0001, 0x8C91,
  0x0015, 0x0129, 0x0001, 0x098A, 0x0006, 0x09AA, 0x0001, 0x4B2E, 0x0005, 0xFF99, 0x0001, 0x224B,
  0x0010, 0x09AA, 0x0001, 0xB5B4, 0x0002, 0xFF99, 0x0001, 0x430D, 0x001D, 0x09AA, 0x0001, 0x1A2B,
  0x0006, 0xFF99, 0x0027, 0x09AA, 0x0001, 0x11CA, 0x0006, 0xFF99, 0x0001, 0x1A0B, 0x001D, 0x09AA,
  0x0001, 0x4B2D, 0x0002, 0xFF99, 0x0001, 0xAD94, 0x0010, 0x09AA, 0x0001, 0x2A4C, 0x0005, 0xFF99,
  0x0001, 0x430D, 0x0006, 0x09AA, 0x0001, 0x4247, 0x0015, 0xFCE0, 0x0001, 0xFE4D, 0x0002, 0xFF99,
  0x0001, 0x5B0C, 0x000A, 0x00C5, 0x0001, 0x8C6F, 0x0002, 0xFF99, 0x0001, 0x532E, 0x0015, 0x0129,
  0x0007, 0x09AA, 0x0001, 0x94D2, 0x0004, 0xFF99, 0x0001, 0xD676, 0x0011, 0x09AA, 0x0001, 0xEF17,
  0x0001, 0xFF99, 0x0001, 0xF758, 0x0001, 0x11CA, 0x001D, 0x09AA, 0x0001, 0x1A0B, 0x0006, 0xFF99,
  0x0001, 0x11CA, 0x0026, 0x09AA, 0x0001, 0x11CA, 0x0006, 0xFF99, 0x0001, 0x1A0B, 0x001D, 0x09AA,
  0x0001, 0x11CA, 0x0001, 0xF758, 0x0001, 0xFF99, 0x0001, 0xE6F7, 0x0011, 0x09AA, 0x0001, 0xD696,
  0x0004, 0xFF99, 0x0001, 0x8CB2, 0x0007, 0x09AA, 0x0001, 0xF4A0, 0x0014, 0xFCE0, 0x0001, 0xFDC8,
  0x0002, 0xFF99, 0x0001, 0x8C4F, 0x000A, 0x00C5, 0x0001, 0xBDB3, 0x0002, 0xFF99, 0x0001, 0x2A0B,
  0x0014, 0x0129, 0x0001, 0x0149, 0x0007, 0x09AA, 0x0001, 0xD676, 0x0004, 0xFF99, 0x0001, 0x8CD2,
  0x0010, 0x09AA, 0x0001, 0x2A8C, 0x0002, 0xFF99, 0x0001, 0xC615, 0x001E, 0x09AA, 0x0001, 0x19EB,
  0x0006, 0xFF99, 0x0001, 0x11EA, 0x0026, 0x09AA, 0x0001, 0x11EB, 0x0006, 0xFF99, 0x0001, 0x11EA,
  0x001E, 0x09AA, 0x0001, 0xC615, 0x0002, 0xFF99, 0x0001, 0x2A6C, 0x0010, 0x09AA, 0x0001, 0x94F2,
  0x0004, 0xFF99, 0x0001, 0xCE76, 0x0007, 0x09AA, 0x0001, 0xBBE2, 0x0014, 0xFCE0, 0x0001, 0xFD43,
  0x0002, 0xFF99, 0x0001, 0xB593, 0x000A, 0x00C5, 0x0001, 0xE6D7, 0x0001, 0xFF99, 0x0001, 0xF758,
  0x0001, 0x0949, 0x0014, 0x0129, 0x0001, 0x0969, 0x0006, 0x09AA, 0x0001, 0x1A0B, 0x0001, 0xFF79,
  0x0004, 0xFF99, 0x0001, 0x432E, 0x0010, 0x09AA, 0x0001, 0x6BEF, 0x0002, 0xFF99, 0x0001, 0x84B1,
  0x001E, 0x09AA, 0x0001, 0x11EA, 0x0006, 0xFF99, 0x0001, 0x1A0B, 0x0026, 0x09AA, 0x0001, 0x1A0B,
  0x0006, 0xFF99, 0x0001, 0x11CA, 0x001E, 0x09AA, 0x0001, 0x8CB2, 0x0002, 0xFF99, 0x0001, 0x63CF,
  0x0010, 0x09AA, 0x0001, 0x4B2E, 0x0004, 0xFF99, 0x0001, 0xFF79, 0x0001, 0x1A0B, 0x0006, 0x09AA,
  0x0001, 0x8324, 0x0015, 0xFCE0, 0x0001, 0xFF78, 0x0001, 0xFF99, 0x0001, 0xE6D6, 0x0009, 0x00C5,
  0x0001, 0x1946, 0x0002, 0xFF99, 0x0001, 0xCE35, 0x0015, 0x0129, 0x0001, 0x098A, 0x0006, 0x09AA,
  0x0001, 0x536E, 0x0004, 0xFF99, 0x0001, 0xFF58, 0x0001, 0x11CA, 0x0010, 0x09AA, 0x0001, 0x9D33,
  0x0002, 0xFF99, 0x0001, 0x4B4E, 0x001E, 0x09AA, 0x0001, 0x09CA, 0x0006, 0xFF99, 0x0001, 0x1A0B,
  0x0026, 0x09AA, 0x0001, 0x222B, 0x0006, 0xFF99, 0x001F, 0x09AA, 0x0001, 0x534E, 0x0002, 0xFF99,
  0x0001, 0x9D33, 0x0010, 0x09AA, 0x0001, 0x11EA, 0x0001, 0xFF78, 0x0004, 0xFF99, 0x0001, 0x4B4E,
  0x0006, 0x09AA, 0x0001, 0x4A67, 0x0015, 0xFCE0, 0x0001, 0xFF14, 0x0002, 0xFF99, 0x0001, 0x1126,
  0x0008, 0x00C5, 0x0001, 0x428A, 0x0002, 0xFF99, 0x0001, 0x9D12, 0x0015, 0x0129, 0x0007, 0x09AA,
  0x0001, 0x8CD2, 0x0004, 0xFF99, 0x0001, 0xC635, 0x0011, 0x09AA, 0x0001, 0xCE56, 0x0002, 0xFF99,
  0x0001, 0x1A0B, 0x001F, 0x09AA, 0x0006, 0xFF99, 0x0001, 0x222B, 0x0026, 0x09AA, 0x0001, 0x224B,
  0x0005, 0xFF99, 0x0001, 0xFF79, 0x001F, 0x09AA, 0x0001, 0x1A0B, 0x0002, 0xFF99, 0x0001, 0xCE55,
  0x0011, 0x09AA, 0x0001, 0xCE55, 0x0004, 0xFF99, 0x0001, 0x84B1, 0x0006, 0x09AA, 0x0001, 0x19E9,
  0x0015, 0xFCE0, 0x0001, 0xFE8F, 0x0002, 0xFF99, 0x0001, 0x426A, 0x0008, 0x00C5, 0x0001, 0x6B8D,
  0x0002, 0xFF99, 0x0001, 0x73F0, 0x0014, 0x0129, 0x0001, 0x0149, 0x0007, 0x09AA, 0x0001, 0xC615,
  0x0004, 0xFF99, 0x0001, 0x8CD2, 0x0011, 0x09AA, 0x0001, 0xF758, 0x0001, 0xFF99, 0x0001, 0xE6D7,
  0x0020, 0x09AA, 0x0001, 0xFF78, 0x0005, 0xFF99, 0x0001, 0x224C, 0x0026, 0x09AA, 0x0001, 0x2A6C,
  0x0005, 0xFF99, 0x0001, 0xFF58, 0x0020, 0x09AA, 0x0001, 0xE6F7, 0x0001, 0xFF99, 0x0001, 0xF758,
  0x0011, 0x09AA, 0x0001, 0x94D2, 0x0004, 0xFF99, 0x0001, 0xC615, 0x0007, 0x09AA, 0x0001, 0xDC61,
  0x0014, 0xFCE0, 0x0001, 0xFE0B, 0x0002, 0xFF99, 0x0001, 0x6B8D, 0x0008, 0x00C5, 0x0001, 0x8C70,
  0x0002, 0xFF99, 0x0001, 0x4B0D, 0x0014, 0x0129, 0x0001, 0x0949, 0x0007, 0x09AA, 0x0001, 0xF738,
  0x0004, 0xFF99, 0x0001, 0x538E, 0x0010, 0x09AA, 0x0001, 0x32AC, 0x0002, 0xFF99, 0x0001, 0xB5B4,
  0x0020, 0x09AA, 0x0001, 0xF758, 0x0005, 0xFF99, 0x0001, 0x2A6C, 0x0026, 0x09AA, 0x0001, 0x2A8C,
  0x0005, 0xFF99, 0x0001, 0xF758, 0x0020, 0x09AA, 0x0001, 0xB5D4, 0x0002, 0xFF99, 0x0001, 0x328C,
  0x0010, 0x09AA, 0x0001, 0x5B8E, 0x0004, 0xFF99, 0x0001, 0xEF38, 0x0007, 0x09AA, 0x0001, 0xB3C3,
  0x0014, 0xFCE0, 0x0001, 0xFDA7, 0x0002, 0xFF99, 0x0001, 0x8C6F, 0x0008, 0x00C5, 0x0001, 0xAD52,
  0x0002, 0xFF99, 0x0001, 0x2A2B, 0x0014, 0x0129, 0x0001, 0x0969, 0x0006, 0x09AA, 0x0001, 0x2A6C,
  0x0005, 0xFF99, 0x0001, 0x224B, 0x0010, 0x09AA, 0x0001, 0x5BAF, 0x0002, 0xFF99, 0x0001, 0x84B1,
  0x0020, 0x09AA, 0x0001, 0xF738, 0x0005, 0xFF99, 0x0001, 0x328C, 0x0019, 0x09AA, 0x0001, 0x1A0B,
  0x0002, 0x32AC, 0x0001, 0x11EA, 0x0009, 0x09AA, 0x0001, 0x328C, 0x0005, 0xFF99, 0x0001, 0xF738,
  0x0020, 0x09AA, 0x0001, 0x8CB2, 0x0002, 0xFF99, 0x0001, 0x5B8F, 0x0010, 0x09AA, 0x0001, 0x2A6C,
  0x0005, 0xFF99, 0x0001, 0x224C, 0x0006, 0x09AA, 0x0001, 0x8B24, 0x0014, 0xFCE0, 0x0001, 0xFD64,
  0x0002, 0xFF99, 0x0001, 0xAD32, 0x0008, 0x00C5, 0x0001, 0xCE35, 0x0002, 0xFF99, 0x0001, 0x1169,
  0x0014, 0x0129, 0x0001, 0x098A, 0x0006, 0x09AA, 0x0001, 0x538E, 0x0004, 0xFF99, 0x0001, 0xEF38,
  0x0011, 0x09AA, 0x0001, 0x8491, 0x0002, 0xFF99, 0x0001, 0x63AF, 0x0020, 0x09AA, 0x0001, 0xEF17,
  0x0005, 0xFF99, 0x0001, 0x32AC, 0x0017, 0x09AA, 0x0001, 0x3ACD, 0x0001, 0xBDF5, 0x0001, 0xFF79,
  0x0002, 0xFF99, 0x0001, 0xFF78, 0x0001, 0xB5B4, 0x0001, 0x328C, 0x0007, 0x09AA, 0x0001, 0x3AAD,
  0x0005, 0xFF99, 0x0001, 0xEF17, 0x0020, 0x09AA, 0x0001, 0x63CF, 0x0002, 0xFF99, 0x0001, 0x7C71,
  0x0011, 0x09AA, 0x0001, 0xF738, 0x0004, 0xFF99, 0x0001, 0x536E, 0x0006, 0x09AA, 0x0001, 0x5AA6,
  0x0014, 0xFCE0, 0x0001, 0xFD01, 0x0002, 0xFF99, 0x0001, 0xCE14, 0x0008, 0x00C5, 0x0001, 0xEF17,
  0x0001, 0xFF99, 0x0001, 0xEEF7, 0x0015, 0x0129, 0x0001, 0x098A, 0x0006, 0x09AA, 0x0001, 0x8471,
  0x0004, 0xFF99, 0x0001, 0xC615, 0x0011, 0x09AA, 0x0001, 0xA573, 0x0002, 0xFF99, 0x0001, 0x3AED,
  0x0020, 0x09AA, 0x0001, 0xE6D7, 0x0005, 0xFF99, 0x0001, 0x42ED, 0x0016, 0x09AA, 0x0001, 0x63CF,
  0x0001, 0xFF78, 0x0001, 0xE759, 0x0001, 0x973A, 0x0002, 0x6F1B, 0x0001, 0x973A, 0x0001, 0xE779,
  0x0001, 0xF778, 0x0001, 0x536E, 0x0006, 0x09AA, 0x0001, 0x430D, 0x0005, 0xFF99, 0x0001, 0xE6D7,
  0x0020, 0x09AA, 0x0001, 0x42ED, 0x0002, 0xFF99, 0x0001, 0xA553, 0x0011, 0x09AA, 0x0001, 0xC635,
  0x0004, 0xFF99, 0x0001, 0x7C71, 0x0006, 0x09AA, 0x0001, 0x3228, 0x0015, 0xFCE0, 0x0001, 0xFF57,
  0x0001, 0xFF99, 0x0001, 0xEEF7, 0x0007, 0x00C5, 0x0001, 0x1126, 0x0002, 0xFF99, 0x0001, 0xCE35,
  0x0015, 0x0129, 0x0007, 0x09AA, 0x0001, 0xA573, 0x0004, 0xFF99, 0x0001, 0x9512, 0x0011, 0x09AA,
  0x0001, 0xCE35, 0x0002, 0xFF99, 0x0001, 0x1A0B, 0x0020, 0x09AA, 0x0001, 0xDE96, 0x0005, 0xFF99,
  0x0001, 0x4B2E, 0x0015, 0x09AA, 0x0001, 0x430D, 0x0001, 0xFF79, 0x0001, 0xBF5A, 0x0005, 0x46FB,
  0x0001, 0x4EFB, 0x0001, 0xC759, 0x0001, 0xF758, 0x0001, 0x32AC, 0x0005, 0x09AA, 0x0001, 0x4B4E,
  0x0005, 0xFF99, 0x0001, 0xD696, 0x0020, 0x09AA, 0x0001, 0x1A2B, 0x0002, 0xFF99, 0x0001, 0xC635,
  0x0011, 0x09AA, 0x0001, 0x9D12, 0x0004, 0xFF99, 0x0001, 0xA553, 0x0006, 0x09AA, 0x0001, 0x11C9,
  0x0015, 0xFCE0, 0x0001, 0xFF14, 0x0002, 0xFF99, 0x0001, 0x1106, 0x0006, 0x00C5, 0x0001, 0x29C8,
  0x0002, 0xFF99, 0x0001, 0xAD73, 0x0014, 0x0129, 0x0001, 0x0149, 0x0007, 0x09AA, 0x0001, 0xC635,
  0x0004, 0xFF99, 0x0001, 0x7430, 0x0011, 0x09AA, 0x0001, 0xE6F7, 0x0001, 0xFF99, 0x0001, 0xEF18,
  0x0021, 0x09AA, 0x0001, 0xCE56, 0x0005, 0xFF99, 0x0001, 0x536E, 0x0015, 0x09AA, 0x0001, 0xCE56,
  0x0001, 0xDF59, 0x0007, 0x46FB, 0x0001, 0x4EFB, 0x0001, 0xE759, 0x0001, 0xBDF5, 0x0005, 0x09AA,
  0x0001, 0x5B8F, 0x0005, 0xFF99, 0x0001, 0xCE56, 0x0021, 0x09AA, 0x0001, 0xF738, 0x0001, 0xFF99,
  0x0001, 0xE6F7, 0x0011, 0x09AA, 0x0001, 0x7C50, 0x0004, 0xFF99, 0x0001, 0xC615, 0x0007, 0x09AA,
  0x0001, 0xECA0, 0x0014, 0xFCE0, 0x0001, 0xFEB1, 0x0002, 0xFF99, 0x0001, 0x29C8, 0x0006, 0x00C5,
  0x0001, 0x4269, 0x0002, 0xFF99, 0x0001, 0x94F2, 0x0014, 0x0129, 0x0001, 0x0149, 0x0007, 0x09AA,
  0x0001, 0xE6F7, 0x0004, 0xFF99, 0x0001, 0x536E, 0x0010, 0x09AA, 0x0001, 0x09CA, 0x0001, 0xFF79,
  0x0001, 0xFF99, 0x0001, 0xD696, 0x0021, 0x09AA, 0x0001, 0xC615, 0x0005, 0xFF99, 0x0001, 0x63AF,
  0x0014, 0x09AA, 0x0001, 0x2A6C, 0x0001, 0xFF99, 0x0001, 0x873A, 0x0008, 0x46FB, 0x0001, 0x8F3A,
  0x0001, 0xFF79, 0x0001, 0x1A0B, 0x0004, 0x09AA, 0x0001, 0x63CF, 0x0005, 0xFF99, 0x0001, 0xC615,
  0x0021, 0x09AA, 0x0001, 0xD696, 0x0001, 0xFF99, 0x0001, 0xFF78, 0x0011, 0x09AA, 0x0001, 0x5B8F,
  0x0004, 0xFF99, 0x0001, 0xE6D7, 0x0007, 0x09AA, 0x0001, 0xCC21, 0x0014, 0xFCE0, 0x0001, 0xFE6F,
  0x0002, 0xFF99, 0x0001, 0x3A49, 0x0006, 0x00C5, 0x0001, 0x52EB, 0x0002, 0xFF99, 0x0001, 0x8471,
  0x0014, 0x0129, 0x0001, 0x0949, 0x0006, 0x09AA, 0x0001, 0x11CA, 0x0001, 0xFF79, 0x0004, 0xFF99,
  0x0001, 0x32AC, 0x0010, 0x09AA, 0x0001, 0x224B, 0x0002, 0xFF99, 0x0001, 0xBDF4, 0x0021, 0x09AA,
  0x0001, 0xBDD4, 0x0005, 0xFF99, 0x0001, 0x6BF0, 0x0014, 0x09AA, 0x0001, 0x536E, 0x0001, 0xFF99,
  0x0001, 0x571B, 0x0008, 0x46FB, 0x0001, 0x671B, 0x0001, 0xFF99, 0x0001, 0x430D, 0x0004, 0x09AA,
  0x0001, 0x6C10, 0x0005, 0xFF99, 0x0001, 0xB5B4, 0x0021, 0x09AA, 0x0001, 0xBDF5, 0x0002, 0xFF99,
  0x0001, 0x222B, 0x0010, 0x09AA, 0x0001, 0x3ACD, 0x0004, 0xFF99, 0x0001, 0xFF79, 0x0001, 0x11CA,
  0x0006, 0x09AA, 0x0001, 0xB3C3, 0x0014, 0xFCE0, 0x0001, 0xFE4D, 0x0002, 0xFF99, 0x0001, 0x52CB,
  0x0006, 0x00C5, 0x0001, 0x636D, 0x0002, 0xFF99, 0x0001, 0x73F0, 0x0014, 0x0129, 0x0001, 0x0969,
  0x0006, 0x09AA, 0x0001, 0x2A6C, 0x0005, 0xFF99, 0x0001, 0x1A0B, 0x0010, 0x09AA, 0x0001, 0x3AED,
  0x0002, 0xFF99, 0x0001, 0xA553, 0x0021, 0x09AA, 0x0001, 0xAD94, 0x0005, 0xFF99, 0x0001, 0x7430,
  0x0014, 0x09AA, 0x0001, 0x5B8F, 0x0001, 0xFF99, 0x0001, 0x571B, 0x0008, 0x46FB, 0x0001, 0x5F1B,
  0x0001, 0xFF99, 0x0001, 0x4B2D, 0x0004, 0x09AA, 0x0001, 0x7C51, 0x0005, 0xFF99, 0x0001, 0xAD74,
  0x0021, 0x09AA, 0x0001, 0xA573, 0x0002, 0xFF99, 0x0001, 0x3ACD, 0x0010, 0x09AA, 0x0001, 0x1A0B,
  0x0005, 0xFF99, 0x0001, 0x2A4C, 0x0006, 0x09AA, 0x0001, 0x9B63, 0x0014, 0xFCE0, 0x0001, 0xFE0B,
  0x0002, 0xFF99, 0x0001, 0x634C, 0x0006, 0x00C5, 0x0001, 0x7BEE, 0x0002, 0xFF99, 0x0001, 0x5B6F,
  0x0014, 0x0129, 0x0001, 0x0969, 0x0006, 0x09AA, 0x0001, 0x3AED, 0x0004, 0xFF99, 0x0001, 0xF758,
  0x0011, 0x09AA, 0x0001, 0x534E, 0x0002, 0xFF99, 0x0001, 0x8CD2, 0x0021, 0x09AA, 0x0001, 0xA553,
  0x0005, 0xFF99, 0x0001, 0x8471, 0x0014, 0x09AA, 0x0001, 0x32AC, 0x0001, 0xFF99, 0x0001, 0x771B,
  0x0008, 0x46FB, 0x0001, 0x873A, 0x0001, 0xFF99, 0x0001, 0x224B, 0x0004, 0x09AA, 0x0001, 0x8491,
  0x0005, 0xFF99, 0x0001, 0x9D33, 0x0021, 0x09AA, 0x0001, 0x8CD2, 0x0002, 0xFF99, 0x0001, 0x4B4E,
  0x0011, 0x09AA, 0x0001, 0xFF58, 0x0004, 0xFF99, 0x0001, 0x3ACD, 0x0006, 0x09AA, 0x0001, 0x8B24,
  0x0014, 0xFCE0, 0x0001, 0xFDE9, 0x0002, 0xFF99, 0x0001, 0x7BEE, 0x0006, 0x00C5, 0x0001, 0x8C70,
  0x0002, 0xFF99, 0x0001, 0x4AED, 0x0014, 0x0129, 0x0001, 0x0969, 0x0006, 0x09AA, 0x0001, 0x534E,
  0x0004, 0xFF99, 0x0001, 0xE6F7, 0x0011, 0x09AA, 0x0001, 0x63AF, 0x0002, 0xFF99, 0x0001, 0x7C71,
  0x0021, 0x09AA, 0x0001, 0x9D12, 0x0005, 0xFF99, 0x0001, 0x8CD2, 0x0015, 0x09AA, 0x0001, 0xDED7,
  0x0001, 0xC759, 0x0008, 0x46FB, 0x0001, 0xD759, 0x0001, 0xCE56, 0x0005, 0x09AA, 0x0001, 0x8CD2,
  0x0005, 0xFF99, 0x0001, 0x94F2, 0x0021, 0x09AA, 0x0001, 0x8471, 0x0002, 0xFF99, 0x0001, 0x5BAF,
  0x0011, 0x09AA, 0x0001, 0xE6F7, 0x0004, 0xFF99, 0x0001, 0x4B4E, 0x0006, 0x09AA, 0x0001, 0x7B05,
  0x0014, 0xFCE0, 0x0001, 0xFDA7, 0x0002, 0xFF99, 0x0001, 0x8C6F, 0x0006, 0x00C5, 0x0001, 0x9CD0,
  0x0002, 0xFF99, 0x0001, 0x42AD, 0x0014, 0x0129, 0x0001, 0x0989, 0x0006, 0x09AA, 0x0001, 0x63CF,
  0x0004, 0xFF99, 0x0001, 0xD676, 0x0011, 0x09AA, 0x0001, 0x7410, 0x0002, 0xFF99, 0x0001, 0x6C10,
  0x0021, 0x09AA, 0x0001, 0x8CD2, 0x0005, 0xFF99, 0x0001, 0x9D12, 0x0015, 0x09AA, 0x0001, 0x5B8F,
  0x0001, 0xFF99, 0x0001, 0x9F3A, 0x0006, 0x46FB, 0x0001, 0xA75A, 0x0001, 0xFF99, 0x0001, 0x4B2E,
  0x0005, 0x09AA, 0x0001, 0x9D33, 0x0005, 0xFF99, 0x0001, 0x8CB2, 0x0021, 0x09AA, 0x0001, 0x7410,
  0x0002, 0xFF99, 0x0001, 0x6C10, 0x0011, 0x09AA, 0x0001, 0xD676, 0x0004, 0xFF99, 0x0001, 0x63AF,
  0x0006, 0x09AA, 0x0001, 0x62C6, 0x0014, 0xFCE0, 0x0001, 0xFD85, 0x0002, 0xFF99, 0x0001, 0x94B0,
  0x0006, 0x00C5, 0x0001, 0x9CF1, 0x0002, 0xFF99, 0x0001, 0x3A6C, 0x0014, 0x0129, 0x0001, 0x098A,
  0x0006, 0x09AA, 0x0001, 0x7430, 0x0004, 0xFF99, 0x0001, 0xBE15, 0x0011, 0x09AA, 0x0001, 0x8471,
  0x0002, 0xFF99, 0x0001, 0x5BAF, 0x0021, 0x09AA, 0x0001, 0x7C71, 0x0005, 0xFF99, 0x0001, 0xAD73,
  0x0016, 0x09AA, 0x0001, 0x8CD2, 0x0001, 0xFF99, 0x0001, 0xC759, 0x0001, 0x6F1B, 0x0002, 0x4EFB,
  0x0001, 0x771B, 0x0001, 0xCF59, 0x0001, 0xFF99, 0x0001, 0x7C51, 0x0006, 0x09AA, 0x0001, 0xAD94,
  0x0005, 0xFF99, 0x0001, 0x7C50, 0x0021, 0x09AA, 0x0001, 0x63CF, 0x0002, 0xFF99, 0x0001, 0x7C71,
  0x0011, 0x09AA, 0x0001, 0xC615, 0x0004, 0xFF99, 0x0001, 0x7430, 0x0006, 0x09AA, 0x0001, 0x5286,
  0x0014, 0xFCE0, 0x0001, 0xFD65, 0x0002, 0xFF99, 0x0001, 0x9CF1, 0x0006, 0x00C5, 0x0001, 0xA511,
  0x0002, 0xFF99, 0x0001, 0x324C, 0x0014, 0x0129, 0x0001, 0x098A, 0x0006, 0x09AA, 0x0001, 0x7C71,
  0x0004, 0xFF99, 0x0001, 0xB5B4, 0x0011, 0x09AA, 0x0001, 0x8CB1, 0x0002, 0xFF99, 0x0001, 0x536E,
  0x0021, 0x09AA, 0x0001, 0x6BF0, 0x0005, 0xFF99, 0x0001, 0xBDF4, 0x0017, 0x09AA, 0x0001, 0x63AF,
  0x0001, 0xE6F7, 0x0004, 0xFF99, 0x0001, 0xDED7, 0x0001, 0x536E, 0x0007, 0x09AA, 0x0001, 0xBDF5,
  0x0005, 0xFF99, 0x0001, 0x6BEF, 0x0021, 0x09AA, 0x0001, 0x538E, 0x0002, 0xFF99, 0x0001, 0x84B1,
  0x0011, 0x09AA, 0x0001, 0xB5D4, 0x0004, 0xFF99, 0x0001, 0x7C51, 0x0006, 0x09AA, 0x0001, 0x4A67,
  0x0014, 0xFCE0, 0x0001, 0xFD64, 0x0002, 0xFF99, 0x0001, 0xA511, 0x0006, 0x00C5, 0x0001, 0xAD52,
  0x0002, 0xFF99, 0x0001, 0x7410, 0x0014, 0x5B6E, 0x0001, 0x5B8F, 0x0001, 0x11EA, 0x0005, 0x09AA,
  0x0001, 0x8491, 0x0004, 0xFF99, 0x0001, 0xAD94, 0x0011, 0x09AA, 0x0001, 0x8CD2, 0x0002, 0xFF99,
  0x0001, 0x4B4E, 0x0021, 0x09AA, 0x0001, 0x5B8F, 0x0005, 0xFF99, 0x0001, 0xCE55, 0x0019, 0x09AA,
  0x0001, 0x42ED, 0x0002, 0x63CF, 0x0001, 0x3ACD, 0x0009, 0x09AA, 0x0001, 0xCE76, 0x0005, 0xFF99,
  0x0001, 0x5B8E, 0x0021, 0x09AA, 0x0001, 0x536E, 0x0002, 0xFF99, 0x0001, 0x8CD2, 0x0011, 0x09AA,
  0x0001, 0xB5B4, 0x0004, 0xFF99, 0x0001, 0x8471, 0x0005, 0x09AA, 0x0001, 0x11EA, 0x0001, 0x842D,
  0x0014, 0xFDC8, 0x0001, 0xFE0B, 0x0002, 0xFF99, 0x0001, 0xAD32, 0x0006, 0x00C5, 0x0001, 0xB572,
  0x0018, 0xFF99, 0x0001, 0x2A6C, 0x0005, 0x09AA, 0x0001, 0x84B1, 0x0004, 0xFF99, 0x0001, 0xAD73,
  0x0011, 0x09AA, 0x0001, 0x94F2, 0x0002, 0xFF99, 0x0001, 0x4B2E, 0x0021, 0x09AA, 0x0001, 0x4B2E,
  0x0005, 0xFF99, 0x0001, 0xDEB7, 0x0026, 0x09AA, 0x0001, 0xDED7, 0x0005, 0xFF99, 0x0001, 0x430D,
  0x0021, 0x09AA, 0x0001, 0x4B2E, 0x0002, 0xFF99, 0x0001, 0x94D2, 0x0011, 0x09AA, 0x0001, 0xAD74,
  0x0004, 0xFF99, 0x0001, 0x84B1, 0x0005, 0x09AA, 0x0001, 0x2A6C, 0x0018, 0xFF99, 0x0001, 0xAD52,
  0x0006, 0x00C5, 0x0001, 0xB593, 0x0018, 0xFF99, 0x0001, 0x2A6C, 0x0005, 0x09AA, 0x0001, 0x8CD2,
  0x0004, 0xFF99, 0x0001, 0xA553, 0x0011, 0x09AA, 0x0001, 0x9512, 0x0002, 0xFF99, 0x0001, 0x430D,
  0x0021, 0x09AA, 0x0001, 0x3AAD, 0x0005, 0xFF99, 0x0001, 0xEF18, 0x0026, 0x09AA, 0x0001, 0xEF38,
  0x0005, 0xFF99, 0x0001, 0x32AC, 0x0021, 0x09AA, 0x0001, 0x432E, 0x0002, 0xFF99, 0x0001, 0x94F2,
  0x0011, 0x09AA, 0x0001, 0xA553, 0x0004, 0xFF99, 0x0001, 0x8CD2, 0x0005, 0x09AA, 0x0001, 0x2A6C,
  0x0018, 0xFF99, 0x0001, 0xB593, 0x0006, 0x00C5, 0x0001, 0xB593, 0x0018, 0xFF99, 0x0001, 0x2A6C,
  0x0005, 0x09AA, 0x0001, 0x8CD2, 0x0004, 0xFF99, 0x0001, 0xA553, 0x0011, 0x09AA, 0x0001, 0x9512,
  0x0002, 0xFF99, 0x0001, 0x430D, 0x0021, 0x09AA, 0x0001, 0x2A4C, 0x0005, 0xFF99, 0x0001, 0xFF79,
  0x000D, 0x09AA, 0x0001, 0x11EA, 0x0001, 0x63AF, 0x0001, 0x8CB1, 0x0001, 0x7450, 0x0001, 0x32AC,
  0x0014, 0x09AA, 0x0001, 0xFF79, 0x0005, 0xFF99, 0x0001, 0x224B, 0x0021, 0x09AA, 0x0001, 0x432E,
  0x0002, 0xFF99, 0x0001, 0x94F2, 0x0011, 0x09AA, 0x0001, 0xA553, 0x0004, 0xFF99, 0x0001, 0x8CD2,
  0x0005, 0x09AA, 0x0001, 0x2A6C, 0x0018, 0xFF99, 0x0001, 0xB593, 0x0006, 0x00C5, 0x0001, 0xB572,
  0x0018, 0xFF99, 0x0001, 0x2A6C, 0x0005, 0x09AA, 0x0001, 0x84B1, 0x0004, 0xFF99, 0x0001, 0xAD73,
  0x0011, 0x09AA, 0x0001, 0x94F2, 0x0002, 0xFF99, 0x0001, 0x4B2E, 0x0021, 0x09AA, 0x0001, 0x11EA,
  0x0006, 0xFF99, 0x0001, 0x1A0B, 0x000B, 0x09AA, 0x0001, 0x4B2E, 0x0001, 0xEF16, 0x0001, 0xF670,
  0x0001, 0xFE0A, 0x0001, 0xFE2D, 0x0001, 0xF6F6, 0x0001, 0xA532, 0x0001, 0x09CA, 0x0011, 0x09AA,
  0x0001, 0x1A0B, 0x0006, 0xFF99, 0x0001, 0x11EA, 0x0021, 0x09AA, 0x0001, 0x4B2E, 0x0002, 0xFF99,
  0x0001, 0x94D2, 0x0011, 0x09AA, 0x0001, 0xAD74, 0x0004, 0xFF99, 0x0001, 0x84B1, 0x0005, 0x09AA,
  0x0001, 0x2A6C, 0x0018, 0xFF99, 0x0001, 0xAD52, 0x0006, 0x00C5, 0x0001, 0xAD52, 0x0002, 0xFF99,
  0x0001, 0x7410, 0x0014, 0x5B6E, 0x0001, 0x5B8F, 0x0001, 0x11EA, 0x0005, 0x09AA, 0x0001, 0x8491,
  0x0004, 0xFF99, 0x0001, 0xAD94, 0x0011, 0x09AA, 0x0001, 0x8CD2, 0x0002, 0xFF99, 0x0001, 0x4B4E,
  0x0022, 0x09AA, 0x0001, 0xFF78, 0x0005, 0xFF99, 0x0001, 0x2A6C, 0x000A, 0x09AA, 0x0001, 0x328C,
  0x0001, 0xF716, 0x0001, 0xFD64, 0x0004, 0xFCE0, 0x0001, 0xF691, 0x0001, 0x9CF2, 0x0011, 0x09AA,
  0x0001, 0x2A6C, 0x0005, 0xFF99, 0x0001, 0xFF58, 0x0022, 0x09AA, 0x0001, 0x536E, 0x0002, 0xFF99,
  0x0001, 0x8CD2, 0x0011, 0x09AA, 0x0001, 0xB5B4, 0x0004, 0xFF99, 0x0001, 0x8471, 0x0005, 0x09AA,
  0x0001, 0x11EA, 0x0001, 0x5B8F, 0x0014, 0x5B6E, 0x0001, 0x7410, 0x0002, 0xFF99, 0x0001, 0xAD32,
  0x0006, 0x00C5, 0x0001, 0xA511, 0x0002, 0xFF99, 0x0001, 0x324C, 0x0014, 0x0129, 0x0001, 0x098A,
  0x0006, 0x09AA, 0x0001, 0x7C71, 0x0004, 0xFF99, 0x0001, 0xB5B4, 0x0011, 0x09AA, 0x0001, 0x8CB1,
  0x0002, 0xFF99, 0x0001, 0x536E, 0x0022, 0x09AA, 0x0001, 0xEEF7, 0x0005, 0xFF99, 0x0001, 0x3AED,
  0x000A, 0x09AA, 0x0001, 0xB593, 0x0001, 0xFDE9, 0x0005, 0xFCE0, 0x0001, 0xFD01, 0x0001, 0xF716,
  0x0001, 0x222B, 0x0010, 0x09AA, 0x0001, 0x3AED, 0x0005, 0xFF99, 0x0001, 0xEEF7, 0x0022, 0x09AA,
  0x0001, 0x538E, 0x0002, 0xFF99, 0x0001, 0x84B1, 0x0011, 0x09AA, 0x0001, 0xB5D4, 0x0004, 0xFF99,
  0x0001, 0x7C51, 0x0006, 0x09AA, 0x0001, 0x098A, 0x0014, 0x0129, 0x0001, 0x324C, 0x0002, 0xFF99,
  0x0001, 0xA511, 0x0006, 0x00C5, 0x0001, 0x9CF1, 0x0002, 0xFF99, 0x0001, 0x3A6C, 0x0014, 0x0129,
  0x0001, 0x098A, 0x0006, 0x09AA, 0x0001, 0x7430, 0x0004, 0xFF99, 0x0001, 0xC615, 0x0011, 0x09AA,
  0x0001, 0x7C71, 0x0002, 0xFF99, 0x0001, 0x63AF, 0x0022, 0x09AA, 0x0001, 0xD676, 0x0005, 0xFF99,
  0x0001, 0x536E, 0x000A, 0x09AA, 0x0001, 0xF717, 0x0001, 0xFD01, 0x0006, 0xFCE0, 0x0001, 0xF650,
  0x0001, 0x5B8F, 0x0010, 0x09AA, 0x0001, 0x536E, 0x0005, 0xFF99, 0x0001, 0xD676, 0x0022, 0x09AA,
  0x0001, 0x63CF, 0x0002, 0xFF99, 0x0001, 0x7C71, 0x0011, 0x09AA, 0x0001, 0xC615, 0x0004, 0xFF99,
  0x0001, 0x7430, 0x0006, 0x09AA, 0x0001, 0x098A, 0x0014, 0x0129, 0x0001, 0x3A8C, 0x0002, 0xFF99,
  0x0001, 0x9CF1, 0x0006, 0x00C5, 0x0001, 0x9CD0, 0x0002, 0xFF99, 0x0001, 0x42AD, 0x0014, 0x0129,
  0x0001, 0x0989, 0x0006, 0x09AA, 0x0001, 0x63AF, 0x0004, 0xFF99, 0x0001, 0xD676, 0x0011, 0x09AA,
  0x0001, 0x6C10, 0x0002, 0xFF99, 0x0001, 0x6C10, 0x0022, 0x09AA, 0x0001, 0xBDF5, 0x0005, 0xFF99,
  0x0001, 0x6BF0, 0x000A, 0x09AA, 0x0001, 0xF737, 0x0007, 0xFCE0, 0x0001, 0xF64E, 0x0001, 0x63CF,
  0x0010, 0x09AA, 0x0001, 0x6C10, 0x0005, 0xFF99, 0x0001, 0xBDF5, 0x0022, 0x09AA, 0x0001, 0x7430,
  0x0002, 0xFF99, 0x0001, 0x6C10, 0x0011, 0x09AA, 0x0001, 0xD696, 0x0004, 0xFF99, 0x0001, 0x5BAF,
  0x0006, 0x09AA, 0x0001, 0x0969, 0x0014, 0x0129, 0x0001, 0x42AD, 0x0002, 0xFF99, 0x0001, 0x94B0,
  0x0006, 0x00C5, 0x0001, 0x8C6F, 0x0002, 0xFF99, 0x0001, 0x4B0D, 0x0014, 0x0129, 0x0001, 0x0969,
  0x0006, 0x09AA, 0x0001, 0x4B4E, 0x0004, 0xFF99, 0x0001, 0xE6F7, 0x0011, 0x09AA, 0x0001, 0x63AF,
  0x0002, 0xFF99, 0x0001, 0x7C71, 0x0022, 0x09AA, 0x0001, 0xA573, 0x0005, 0xFF99, 0x0001, 0x8471,
  0x000A, 0x09AA, 0x0001, 0xD654, 0x0001, 0xFD86, 0x0006, 0xFCE0, 0x0001, 0xF6D5, 0x0001, 0x32AC,
  0x0010, 0x09AA, 0x0001, 0x8491, 0x0005, 0xFF99, 0x0001, 0xA573, 0x0022, 0x09AA, 0x0001, 0x8471,
  0x0002, 0xFF99, 0x0001, 0x5BAF, 0x0011, 0x09AA, 0x0001, 0xEEF7, 0x0004, 0xFF99, 0x0001, 0x4B2E,
  0x0006, 0x09AA, 0x0001, 0x0969, 0x0014, 0x0129, 0x0001, 0x530E, 0x0002, 0xFF99, 0x0001, 0x8C4F,
  0x0006, 0x00C5, 0x0001, 0x7BEE, 0x0002, 0xFF99, 0x0001, 0x638F, 0x0014, 0x0129, 0x0001, 0x0969,
  0x0006, 0x09AA, 0x0001, 0x3ACD, 0x0004, 0xFF99, 0x0001, 0xF758, 0x0011, 0x09AA, 0x0001, 0x534E,
  0x0002, 0xFF99, 0x0001, 0x8CD2, 0x0022, 0x09AA, 0x0001, 0x94D2, 0x0005, 0xFF99, 0x0001, 0x9512,
  0x000A, 0x09AA, 0x0001, 0x5B8E, 0x0001, 0xF6D4, 0x0001, 0xFD01, 0x0004, 0xFCE0, 0x0001, 0xFDEA,
  0x0001, 0xCE34, 0x0011, 0x09AA, 0x0001, 0x9D12, 0x0005, 0xFF99, 0x0001, 0x8CD2, 0x0022, 0x09AA,
  0x0001, 0x8CD2, 0x0002, 0xFF99, 0x0001, 0x4B4E, 0x0011, 0x09AA, 0x0001, 0xFF78, 0x0004, 0xFF99,
  0x0001, 0x3ACD, 0x0006, 0x09AA, 0x0001, 0x0969, 0x0014, 0x0129, 0x0001, 0x638F, 0x0002, 0xFF99,
  0x0001, 0x73CE, 0x0006, 0x00C5, 0x0001, 0x636C, 0x0002, 0xFF99, 0x0001, 0x73F0, 0x0014, 0x0129,
  0x0001, 0x0969, 0x0006, 0x09AA, 0x0001, 0x2A6C, 0x0005, 0xFF99, 0x0001, 0x1A0B, 0x0010, 0x09AA,
  0x0001, 0x3ACD, 0x0002, 0xFF99, 0x0001, 0xA553, 0x0022, 0x09AA, 0x0001, 0x7C51, 0x0005, 0xFF99,
  0x0001, 0xAD94, 0x000B, 0x09AA, 0x0001, 0x94D1, 0x0001, 0xF6F5, 0x0001, 0xFDC8, 0x0001, 0xFD23,
  0x0001, 0xFD65, 0x0001, 0xF64F, 0x0001, 0xE6B6, 0x0001, 0x224B, 0x0003, 0x09AA, 0x0001, 0x11CA,
  0x0001, 0x19EB, 0x0007, 0x09AA, 0x0001, 0x11C9, 0x0001, 0x4267, 0x0001, 0x5AA7, 0x0002, 0x09AA,
  0x0001, 0xB5B4, 0x0005, 0xFF99, 0x0001, 0x7C50, 0x0022, 0x09AA, 0x0001, 0xA573, 0x0002, 0xFF99,
  0x0001, 0x3ACD, 0x0010, 0x09AA, 0x0001, 0x1A0B, 0x0005, 0xFF99, 0x0001, 0x2A4C, 0x0006, 0x09AA,
  0x0001, 0x0969, 0x0014, 0x0129, 0x0001, 0x7410, 0x0002, 0xFF99, 0x0001, 0x634C, 0x0006, 0x00C5,
  0x0001, 0x52EB, 0x0002, 0xFF99, 0x0001, 0x8471, 0x0014, 0x0129, 0x0001, 0x0949, 0x0006, 0x09AA,
  0x0001, 0x11CA, 0x0001, 0xFF79, 0x0004, 0xFF99, 0x0001, 0x3AAD, 0x0010, 0x09AA, 0x0001, 0x224B,
  0x0002, 0xFF99, 0x0001, 0xBDF5, 0x0022, 0x09AA, 0x0001, 0x63CF, 0x0005, 0xFF99, 0x0001, 0xC615,
  0x0002, 0x09AA, 0x0001, 0x3228, 0x0001, 0x19E9, 0x0008, 0x09AA, 0x0001, 0x4B2E, 0x0001, 0xBDB3,
  0x0001, 0xE6B5, 0x0001, 0xD654, 0x0001, 0x8470, 0x0001, 0x11EA, 0x0002, 0x09AA, 0x0001, 0x5BAF,
  0x0001, 0xDEB7, 0x0001, 0xF758, 0x0001, 0xEF58, 0x0001, 0xEF38, 0x0001, 0x94F2, 0x0001, 0x4A88,
  0x0001, 0x62C6, 0x0001, 0x8325, 0x0001, 0xABC3, 0x0001, 0xDC61, 0x0002, 0xFCE0, 0x0001, 0xB3C3,
  0x0002, 0x09AA, 0x0001, 0xC635, 0x0005, 0xFF99, 0x0001, 0x63AF, 0x0022, 0x09AA, 0x0001, 0xBE15,
  0x0002, 0xFF99, 0x0001, 0x222B, 0x0010, 0x09AA, 0x0001, 0x3ACD, 0x0004, 0xFF99, 0x0001, 0xFF78,
  0x0001, 0x11CA, 0x0006, 0x09AA, 0x0001, 0x0949, 0x0014, 0x0129, 0x0001, 0x8C91, 0x0002, 0xFF99,
  0x0001, 0x52CB, 0x0006, 0x00C5, 0x0001, 0x4269, 0x0002, 0xFF99, 0x0001, 0x9CF2, 0x0014, 0x0129,
  0x0001, 0x0149, 0x0007, 0x09AA, 0x0001, 0xE6F7, 0x0004, 0xFF99, 0x0001, 0x538E, 0x0011, 0x09AA,
  0x0001, 0xFF79, 0x0001, 0xFF99, 0x0001, 0xD676, 0x0022, 0x09AA, 0x0001, 0x4B4E, 0x0005, 0xFF99,
  0x0001, 0xDEB6, 0x0002, 0x09AA, 0x0001, 0x9B84, 0x0001, 0xFCE0, 0x0001, 0xECA0, 0x0001, 0xCC22,
  0x0001, 0xBBE2, 0x0001, 0xA3A3, 0x0001, 0x9364, 0x0001, 0x8325, 0x0002, 0x6AE6, 0x0001, 0x62C6,
  0x0004, 0x5AA6, 0x0001, 0x6AE6, 0x0001, 0x7B25, 0x0001, 0xCDD0, 0x0001, 0xEF59, 0x0001, 0xCF7E,
  0x0002, 0xBF7F, 0x0001, 0xC79F, 0x0001, 0xE77A, 0x0001, 0xFF15, 0x0001, 0xFD01, 0x0005, 0xFCE0,
  0x0001, 0x9B84, 0x0002, 0x09AA, 0x0001, 0xDEB7, 0x0005, 0xFF99, 0x0001, 0x4B2E, 0x0022, 0x09AA,
  0x0001, 0xDE96, 0x0001, 0xFF99, 0x0001, 0xFF78, 0x0011, 0x09AA, 0x0001, 0x5B8F, 0x0004, 0xFF99,
  0x0001, 0xE6D7, 0x0007, 0x09AA, 0x0001, 0x0149, 0x0014, 0x0129, 0x0001, 0x9D12, 0x0002, 0xFF99,
  0x0001, 0x3A49, 0x0006, 0x00C5, 0x0001, 0x29C8, 0x0002, 0xFF99, 0x0001, 0xAD73, 0x0015, 0x0129,
  0x0007, 0x09AA, 0x0001, 0xC635, 0x0004, 0xFF99, 0x0001, 0x7430, 0x0011, 0x09AA, 0x0001, 0xE6F7,
  0x0001, 0xFF99, 0x0001, 0xEF18, 0x0022, 0x09AA, 0x0001, 0x32AC, 0x0005, 0xFF99, 0x0001, 0xF738,
  0x0002, 0x09AA, 0x0001, 0x8345, 0x000F, 0xFCE0, 0x0001, 0xFDA7, 0x0001, 0xF778, 0x0001, 0xC79F,
  0x0005, 0xBF7F, 0x0001, 0xE77B, 0x0001, 0xFEB0, 0x0005, 0xFCE0, 0x0001, 0x8345, 0x0002, 0x09AA,
  0x0001, 0xF758, 0x0005, 0xFF99, 0x0001, 0x32AC, 0x0022, 0x09AA, 0x0001, 0xF738, 0x0001, 0xFF99,
  0x0001, 0xE6F7, 0x0011, 0x09AA, 0x0001, 0x7C51, 0x0004, 0xFF99, 0x0001, 0xC615, 0x0007, 0x09AA,
  0x0015, 0x0129, 0x0001, 0xAD74, 0x0002, 0xFF99, 0x0001, 0x29C8, 0x0006, 0x00C5, 0x0001, 0x1126,
  0x0002, 0xFF99, 0x0001, 0xCE35, 0x0015, 0x0129, 0x0007, 0x09AA, 0x0001, 0xA573, 0x0004, 0xFF99,
  0x0001, 0x9D12, 0x0011, 0x09AA, 0x0001, 0xCE35, 0x0002, 0xFF99, 0x0001, 0x1A0B, 0x0021, 0x09AA,
  0x0001, 0x222B, 0x0006, 0xFF99, 0x0001, 0x11EA, 0x0001, 0x09AA, 0x0001, 0x6AE6, 0x000F, 0xFCE0,
  0x0001, 0xFF14, 0x0001, 0xD77E, 0x0006, 0xBF7F, 0x0001, 0xC77F, 0x0001, 0xFF78, 0x0001, 0xFD01,
  0x0004, 0xFCE0, 0x0001, 0x6AE6, 0x0001, 0x09AA, 0x0001, 0x11EA, 0x0006, 0xFF99, 0x0001, 0x1A2B,
  0x0021, 0x09AA, 0x0001, 0x1A2B, 0x0002, 0xFF99, 0x0001, 0xC615, 0x0011, 0x09AA, 0x0001, 0x9D33,
  0x0004, 0xFF99, 0x0001, 0xA553, 0x0007, 0x09AA, 0x0015, 0x0129, 0x0001, 0xCE55, 0x0002, 0xFF99,
  0x0001, 0x1106, 0x0007, 0x00C5, 0x0001, 0xEF17, 0x0001, 0xFF99, 0x0001, 0xEEF7, 0x0015, 0x0129,
  0x0001, 0x098A, 0x0006, 0x09AA, 0x0001, 0x8491, 0x0004, 0xFF99, 0x0001, 0xC615, 0x0011, 0x09AA,
  0x0001, 0xA573, 0x0002, 0xFF99, 0x0001, 0x3AED, 0x0022, 0x09AA, 0x0001, 0xFF78, 0x0005, 0xFF99,
  0x0001, 0x2A8C, 0x0001, 0x09AA, 0x0001, 0x5AA7, 0x000F, 0xFCE0, 0x0001, 0xFF78, 0x0001, 0xC77F,
  0x0007, 0xBF7F, 0x0001, 0xF759, 0x0001, 0xFD86, 0x0004, 0xFCE0, 0x0001, 0x52A7, 0x0001, 0x09AA,
  0x0001, 0x328C, 0x0005, 0xFF99, 0x0001, 0xFF58, 0x0022, 0x09AA, 0x0001, 0x42ED, 0x0002, 0xFF99,
  0x0001, 0xA553, 0x0011, 0x09AA, 0x0001, 0xC635, 0x0004, 0xFF99, 0x0001, 0x7C71, 0x0006, 0x09AA,
  0x0001, 0x098A, 0x0015, 0x0129, 0x0001, 0xEF18, 0x0001, 0xFF99, 0x0001, 0xEEF7, 0x0008, 0x00C5,
  0x0001, 0xCE35, 0x0002, 0xFF99, 0x0001, 0x116A, 0x0014, 0x0129, 0x0001, 0x0989, 0x0006, 0x09AA,
  0x0001, 0x536E, 0x0004, 0xFF99, 0x0001, 0xF738, 0x0011, 0x09AA, 0x0001, 0x8491, 0x0002, 0xFF99,
  0x0001, 0x63CF, 0x0022, 0x09AA, 0x0001, 0xE6D7, 0x0005, 0xFF99, 0x0001, 0x4B2E, 0x0001, 0x09AA,
  0x0001, 0x4267, 0x000F, 0xFCE0, 0x0001, 0xFF78, 0x0008, 0xBF7F, 0x0001, 0xEF59, 0x0001, 0xFD86,
  0x0004, 0xFCE0, 0x0001, 0x4248, 0x0001, 0x09AA, 0x0001, 0x4B4E, 0x0005, 0xFF99, 0x0001, 0xDEB7,
  0x0022, 0x09AA, 0x0001, 0x63CF, 0x0002, 0xFF99, 0x0001, 0x7C71, 0x0011, 0x09AA, 0x0001, 0xF738,
  0x0004, 0xFF99, 0x0001, 0x534E, 0x0006, 0x09AA, 0x0001, 0x0989, 0x0014, 0x0129, 0x0001, 0x118A,
  0x0002, 0xFF99, 0x0001, 0xCE14, 0x0008, 0x00C5, 0x0001, 0xAD52, 0x0002, 0xFF99, 0x0001, 0x2A4B,
  0x0014, 0x0129, 0x0001, 0x0969, 0x0006, 0x09AA, 0x0001, 0x2A6C, 0x0005, 0xFF99, 0x0001, 0x2A4C,
  0x0010, 0x09AA, 0x0001, 0x5BAF, 0x0002, 0xFF99, 0x0001, 0x84B1, 0x0022, 0x09AA, 0x0001, 0xC635,
  0x0005, 0xFF99, 0x0001, 0x63CF, 0x0001, 0x09AA, 0x0001, 0x2A28, 0x000F, 0xFCE0, 0x0001, 0xFF15,
  0x0001, 0xCF7E, 0x0006, 0xBF7F, 0x0001, 0xC77F, 0x0001, 0xFF78, 0x0001, 0xFD22, 0x0004, 0xFCE0,
  0x0001, 0x2A08, 0x0001, 0x09AA, 0x0001, 0x6BEF, 0x0005, 0xFF99, 0x0001, 0xC615, 0x0022, 0x09AA,
  0x0001, 0x8CB2, 0x0002, 0xFF99, 0x0001, 0x5B8F, 0x0010, 0x09AA, 0x0001, 0x2A6C, 0x0005, 0xFF99,
  0x0001, 0x224B, 0x0006, 0x09AA, 0x0001, 0x0969, 0x0014, 0x0129, 0x0001, 0x324C, 0x0002, 0xFF99,
  0x0001, 0xAD32, 0x0008, 0x00C5, 0x0001, 0x8C70, 0x0002, 0xFF99, 0x0001, 0x4B0D, 0x0014, 0x0129,
  0x0001, 0x0949, 0x0007, 0x09AA, 0x0001, 0xF738, 0x0004, 0xFF99, 0x0001, 0x5B8E, 0x0010, 0x09AA,
  0x0001, 0x32AC, 0x0002, 0xFF99, 0x0001, 0xB5B4, 0x0022, 0x09AA, 0x0001, 0xAD74, 0x0005, 0xFF99,
  0x0001, 0x8471, 0x0001, 0x09AA, 0x0001, 0x11C9, 0x000F, 0xFCE0, 0x0001, 0xFDE9, 0x0001, 0xF779,
  0x0001, 0xC77F, 0x0005, 0xBF7F, 0x0001, 0xDF7C, 0x0001, 0xFED2, 0x0005, 0xFCE0, 0x0001, 0x11C9,
  0x0001, 0x09AA, 0x0001, 0x8491, 0x0005, 0xFF99, 0x0001, 0xA573, 0x0022, 0x09AA, 0x0001, 0xBDD4,
  0x0002, 0xFF99, 0x0001, 0x328C, 0x0010, 0x09AA, 0x0001, 0x5B8F, 0x0004, 0xFF99, 0x0001, 0xEF38,
  0x0007, 0x09AA, 0x0001, 0x0149, 0x0014, 0x0129, 0x0001, 0x532E, 0x0002, 0xFF99, 0x0001, 0x8C4F,
  0x0008, 0x00C5, 0x0001, 0x6B8D, 0x0002, 0xFF99, 0x0001, 0x73F0, 0x0014, 0x0129, 0x0001, 0x0149,
  0x0007, 0x09AA, 0x0001, 0xC615, 0x0004, 0xFF99, 0x0001, 0x8CD2, 0x0011, 0x09AA, 0x0001, 0xF758,
  0x0001, 0xFF99, 0x0001, 0xE6D7, 0x0022, 0x09AA, 0x0001, 0x8CD2, 0x0005, 0xFF99, 0x0001, 0x9D33,
  0x0002, 0x09AA, 0x0001, 0xF4C0, 0x000F, 0xFCE0, 0x0001, 0xFEB1, 0x0001, 0xEF79, 0x0001, 0xC79F,
  0x0002, 0xBF7F, 0x0001, 0xC77F, 0x0001, 0xDF7C, 0x0001, 0xFF56, 0x0001, 0xFD22, 0x0004, 0xFCE0,
  0x0001, 0xF4C0, 0x0002, 0x09AA, 0x0001, 0x9D33, 0x0005, 0xFF99, 0x0001, 0x8CD2, 0x0022, 0x09AA,
  0x0001, 0xE6F7, 0x0001, 0xFF99, 0x0001, 0xF758, 0x0011, 0x09AA, 0x0001, 0x94F2, 0x0004, 0xFF99,
  0x0001, 0xBE15, 0x0007, 0x09AA, 0x0001, 0x0149, 0x0014, 0x0129, 0x0001, 0x7410, 0x0002, 0xFF99,
  0x0001, 0x6B8D, 0x0008, 0x00C5, 0x0001, 0x426A, 0x0002, 0xFF99, 0x0001, 0x9D12, 0x0015, 0x0129,
  0x0007, 0x09AA, 0x0001, 0x8CB2, 0x0004, 0xFF99, 0x0001, 0xC635, 0x0011, 0x09AA, 0x0001, 0xCE55,
  0x0002, 0xFF99, 0x0001, 0x1A2B, 0x0021, 0x09AA, 0x0001, 0x7430, 0x0005, 0xFF99, 0x0001, 0xBDD4,
  0x0002, 0x09AA, 0x0001, 0xDC81, 0x0010, 0xFCE0, 0x0001, 0xFE2C, 0x0001, 0xFF57, 0x0002, 0xF758,
  0x0001, 0xFF78, 0x0001, 0xFEB1, 0x0001, 0xFD22, 0x0005, 0xFCE0, 0x0001, 0xDC61, 0x0002, 0x09AA,
  0x0001, 0xBDF5, 0x0005, 0xFF99, 0x0001, 0x6C10, 0x0021, 0x09AA, 0x0001, 0x1A2B, 0x0002, 0xFF99,
  0x0001, 0xC635, 0x0011, 0x09AA, 0x0001, 0xCE55, 0x0004, 0xFF99, 0x0001, 0x8491, 0x0007, 0x09AA,
  0x0015, 0x0129, 0x0001, 0xA533, 0x0002, 0xFF99, 0x0001, 0x4269, 0x0008, 0x00C5, 0x0001, 0x1946,
  0x0002, 0xFF99, 0x0001, 0xCE35, 0x0015, 0x0129, 0x0001, 0x098A, 0x0006, 0x09AA, 0x0001, 0x536E,
  0x0004, 0xFF99, 0x0001, 0xFF58, 0x0001, 0x11CA, 0x0010, 0x09AA, 0x0001, 0x9D33, 0x0002, 0xFF99,
  0x0001, 0x4B4E, 0x0021, 0x09AA, 0x0001, 0x538E, 0x0005, 0xFF99, 0x0001, 0xD676, 0x0002, 0x09AA,
  0x0001, 0xCC22, 0x0012, 0xFCE0, 0x0001, 0xFD43, 0x0001, 0xFD64, 0x0001, 0xFD01, 0x0007, 0xFCE0,
  0x0001, 0xCC22, 0x0002, 0x09AA, 0x0001, 0xD696, 0x0005, 0xFF99, 0x0001, 0x536E, 0x0021, 0x09AA,
  0x0001, 0x536E, 0x0002, 0xFF99, 0x0001, 0x9D33, 0x0010, 0x09AA, 0x0001, 0x11EA, 0x0001, 0xFF78,
  0x0004, 0xFF99, 0x0001, 0x4B4E, 0x0006, 0x09AA, 0x0001, 0x0989, 0x0015, 0x0129, 0x0001, 0xCE56,
  0x0002, 0xFF99, 0x0001, 0x1126, 0x0009, 0x00C5, 0x0001, 0xE6D7, 0x0001, 0xFF99, 0x0001, 0xF758,
  0x0001, 0x0949, 0x0014, 0x0129, 0x0001, 0x0969, 0x0006, 0x09AA, 0x0001, 0x1A0B, 0x0001, 0xFF79,
  0x0004, 0xFF99, 0x0001, 0x4B2D, 0x0010, 0x09AA, 0x0001, 0x63EF, 0x0002, 0xFF99, 0x0001, 0x84B1,
  0x0021, 0x09AA, 0x0001, 0x3ACD, 0x0005, 0xFF99, 0x0001, 0xF738, 0x0002, 0x09AA, 0x0001, 0xB3E3,
  0x001C, 0xFCE0, 0x0001, 0xB3E3, 0x0002, 0x09AA, 0x0001, 0xF738, 0x0005, 0xFF99, 0x0001, 0x3AAD,
  0x0021, 0x09AA, 0x0001, 0x8CD2, 0x0002, 0xFF99, 0x0001, 0x63CF, 0x0010, 0x09AA, 0x0001, 0x4B4E,
  0x0004, 0xFF99, 0x0001, 0xFF79, 0x0001, 0x11EB, 0x0006, 0x09AA, 0x0001, 0x0969, 0x0014, 0x0129,
  0x0001, 0x0949, 0x0001, 0xF758, 0x0001, 0xFF99, 0x0001, 0xE6B6, 0x000A, 0x00C5, 0x0001, 0xB593,
  0x0002, 0xFF99, 0x0001, 0x2A2B, 0x0014, 0x0129, 0x0001, 0x0149, 0x0007, 0x09AA, 0x0001, 0xD676,
  0x0004, 0xFF99, 0x0001, 0x8CD2, 0x0010, 0x09AA, 0x0001, 0x2A8C, 0x0002, 0xFF99, 0x0001, 0xC615,
  0x0021, 0x09AA, 0x0001, 0x1A2B, 0x0006, 0xFF99, 0x0001, 0x11EB, 0x0001, 0x09AA, 0x0001, 0x9B84,
  0x001C, 0xFCE0, 0x0001, 0x9B84, 0x0001, 0x09AA, 0x0001, 0x1A0B, 0x0006, 0xFF99, 0x0001, 0x1A0B,
  0x0021, 0x09AA, 0x0001, 0xC615, 0x0002, 0xFF99, 0x0001, 0x2A6C, 0x0010, 0x09AA, 0x0001, 0x94F2,
  0x0004, 0xFF99, 0x0001, 0xCE76, 0x0007, 0x09AA, 0x0001, 0x0149, 0x0014, 0x0129, 0x0001, 0x2A2B,
  0x0002, 0xFF99, 0x0001, 0xB593, 0x000A, 0x00C5, 0x0001, 0x8C6F, 0x0002, 0xFF99, 0x0001, 0x534E,
  0x0015, 0x0129, 0x0007, 0x09AA, 0x0001, 0x8CD2, 0x0004, 0xFF99, 0x0001, 0xD696, 0x0011, 0x09AA,
  0x0001, 0xEF17, 0x0001, 0xFF99, 0x0001, 0xF758, 0x0001, 0x11CA, 0x0021, 0x09AA, 0x0001, 0xF758,
  0x0005, 0xFF99, 0x0001, 0x32AC, 0x0001, 0x09AA, 0x0001, 0x8345, 0x001C, 0xFCE0, 0x0001, 0x8345,
  0x0001, 0x09AA, 0x0001, 0x32AC, 0x0005, 0xFF99, 0x0001, 0xF758, 0x0021, 0x09AA, 0x0001, 0x11CA,
  0x0001, 0xF758, 0x0001, 0xFF99, 0x0001, 0xE6F7, 0x0011, 0x09AA, 0x0001, 0xDE96, 0x0004, 0xFF99,
  0x0001, 0x8CB2, 0x0007, 0x09AA, 0x0015, 0x0129, 0x0001, 0x5B4E, 0x0002, 0xFF99, 0x0001, 0x8C4F,
  0x000A, 0x00C5, 0x0001, 0x5B2C, 0x0002, 0xFF99, 0x0001, 0x8C91, 0x0015, 0x0129, 0x0001, 0x098A,
  0x0006, 0x09AA, 0x0001, 0x4B2E, 0x0005, 0xFF99, 0x0001, 0x224B, 0x0010, 0x09AA, 0x0001, 0xAD94,
  0x0002, 0xFF99, 0x0001, 0x430D, 0x0021, 0x09AA, 0x0001, 0xDEB6, 0x0005, 0xFF99, 0x0001, 0x536E,
  0x0001, 0x09AA, 0x0001, 0x7306, 0x001C, 0xFCE0, 0x0001, 0x6B06, 0x0001, 0x09AA, 0x0001, 0x536E,
  0x0005, 0xFF99, 0x0001, 0xDE96, 0x0021, 0x09AA, 0x0001, 0x4B2E, 0x0002, 0xFF99, 0x0001, 0xAD94,
  0x0010, 0x09AA, 0x0001, 0x2A6C, 0x0005, 0xFF99, 0x0001, 0x430D, 0x0006, 0x09AA, 0x0001, 0x098A,
  0x0015, 0x0129, 0x0001, 0x8C91, 0x0002, 0xFF99, 0x0001, 0x5B0C, 0x000A, 0x00C5, 0x0001, 0x21A7,
  0x0002, 0xFF99, 0x0001, 0xC615, 0x0015, 0x0129, 0x0001, 0x0969, 0x0006, 0x09AA, 0x0001, 0x11CA,
  0x0001, 0xF758, 0x0004, 0xFF99, 0x0001, 0x7430, 0x0010, 0x09AA, 0x0001, 0x6C10, 0x0002, 0xFF99,
  0x0001, 0x8CB2, 0x0021, 0x09AA, 0x0001, 0xBDF4, 0x0005, 0xFF99, 0x0001, 0x7430, 0x0001, 0x09AA,
  0x0001, 0x5AC6, 0x001C, 0xFCE0, 0x0001, 0x5AA6, 0x0001, 0x09AA, 0x0001, 0x7450, 0x0005, 0xFF99,
  0x0001, 0xB5D4, 0x0021, 0x09AA, 0x0001, 0x8CD2, 0x0002, 0xFF99, 0x0001, 0x6BF0, 0x0010, 0x09AA,
  0x0001, 0x7450, 0x0004, 0xFF99, 0x0001, 0xF738, 0x0001, 0x11CA, 0x0006, 0x09AA, 0x0001, 0x0969,
  0x0015, 0x0129, 0x0001, 0xCE35, 0x0002, 0xFF99, 0x0001, 0x2187, 0x000B, 0x00C5, 0x0001, 0xE6D7,
  0x0001, 0xFF99, 0x0001, 0xFF58, 0x0001, 0x0969, 0x0014, 0x0129, 0x0001, 0x0149, 0x0007, 0x09AA,
  0x0001, 0xB5B4, 0x0004, 0xFF99, 0x0001, 0xC615, 0x0010, 0x09AA, 0x0001, 0x224B, 0x0002, 0xFF99,
  0x0001, 0xCE76, 0x0021, 0x09AA, 0x0001, 0x9D12, 0x0005, 0xFF99, 0x0001, 0x94F2, 0x0001, 0x09AA,
  0x0001, 0x4248, 0x001C, 0xFCE0, 0x0001, 0x3A48, 0x0001, 0x09AA, 0x0001, 0x9512, 0x0005, 0xFF99,
  0x0001, 0x9D12, 0x0021, 0x09AA, 0x0001, 0xD676, 0x0002, 0xFF99, 0x0001, 0x224C, 0x0010, 0x09AA,
  0x0001, 0xC635, 0x0004, 0xFF99, 0x0001, 0xAD94, 0x0007, 0x09AA, 0x0001, 0x0149, 0x0014, 0x0129,
  0x0001, 0x0969, 0x0001, 0xFF58, 0x0001, 0xFF99, 0x0001, 0xE6B6, 0x000C, 0x00C5, 0x0001, 0xAD52,
  0x0002, 0xFF99, 0x0001, 0x3A8C, 0x0015, 0x0129, 0x0007, 0x09AA, 0x0001, 0x63AF, 0x0004, 0xFF99,
  0x0001, 0xFF79, 0x0001, 0x224B, 0x0010, 0x09AA, 0x0001, 0xD696, 0x0002, 0xFF99, 0x0001, 0x224B,
  0x0020, 0x09AA, 0x0001, 0x7C51, 0x0005, 0xFF99, 0x0001, 0xB5B4, 0x0001, 0x09AA, 0x0001, 0x2209,
  0x001C, 0xFCE0, 0x0001, 0x21E9, 0x0001, 0x09AA, 0x0001, 0xB5D4, 0x0005, 0xFF99, 0x0001, 0x7C50,
  0x0020, 0x09AA, 0x0001, 0x224B, 0x0002, 0xFF99, 0x0001, 0xD676, 0x0010, 0x09AA, 0x0001, 0x224C,
  0x0005, 0xFF99, 0x0001, 0x5B8F, 0x0007, 0x09AA, 0x0015, 0x0129, 0x0001, 0x42AD, 0x0002, 0xFF99,
  0x0001, 0xA532, 0x000C, 0x00C5, 0x0001, 0x73CD, 0x0002, 0xFF99, 0x0001, 0x7410, 0x0015, 0x0129,
  0x0001, 0x098A, 0x0006, 0x09AA, 0x0001, 0x11EA, 0x0001, 0xF758, 0x0004, 0xFF99, 0x0001, 0x7430,
  0x0010, 0x09AA, 0x0001, 0x8CD2, 0x0002, 0xFF99, 0x0001, 0x7430, 0x0020, 0x09AA, 0x0001, 0x5B8F,
  0x0005, 0xFF99, 0x0001, 0xD676, 0x0002, 0x09AA, 0x0001, 0xFCC0, 0x001A, 0xFCE0, 0x0001, 0xFCC0,
  0x0002, 0x09AA, 0x0001, 0xD696, 0x0005, 0xFF99, 0x0001, 0x5B8E, 0x0020, 0x09AA, 0x0001, 0x7430,
  0x0002, 0xFF99, 0x0001, 0x8CD2, 0x0010, 0x09AA, 0x0001, 0x7C51, 0x0004, 0xFF99, 0x0001, 0xF758,
  0x0001, 0x11EA, 0x0006, 0x09AA, 0x0001, 0x0989, 0x0015, 0x0129, 0x0001, 0x7C30, 0x0002, 0xFF99,
  0x0001, 0x6B8D, 0x000C, 0x00C5, 0x0001, 0x3A29, 0x0002, 0xFF99, 0x0001, 0xB594, 0x0015, 0x0129,
  0x0001, 0x0949, 0x0007, 0x09AA, 0x0001, 0xB5B4, 0x0004, 0xFF99, 0x0001, 0xD676, 0x0010, 0x09AA,
  0x0001, 0x3AED, 0x0002, 0xFF99, 0x0001, 0xC615, 0x0020, 0x09AA, 0x0001, 0x3ACD, 0x0005, 0xFF99,
  0x0001, 0xF758, 0x0002, 0x09AA, 0x0001, 0xDC61, 0x001A, 0xFCE0, 0x0001, 0xDC61, 0x0002, 0x09AA,
  0x0001, 0xF758, 0x0005, 0xFF99, 0x0001, 0x32AC, 0x0020, 0x09AA, 0x0001, 0xC635, 0x0002, 0xFF99,
  0x0001, 0x3ACD, 0x0010, 0x09AA, 0x0001, 0xD696, 0x0004, 0xFF99, 0x0001, 0xAD74, 0x0007, 0x09AA,
  0x0001, 0x0949, 0x0015, 0x0129, 0x0001, 0xB5B4, 0x0002, 0xFF99, 0x0001, 0x3209, 0x000C, 0x00C5,
  0x0001, 0x08E5, 0x0001, 0xF737, 0x0001, 0xFF99, 0x0001, 0xF738, 0x0001, 0x0949, 0x0015, 0x0129,
  0x0007, 0x09AA, 0x0001, 0x5B8F, 0x0005, 0xFF99, 0x0001, 0x42ED, 0x0010, 0x09AA, 0x0001, 0xDEB7,
  0x0001, 0xFF99, 0x0001, 0xFF79, 0x0001, 0x224B, 0x001F, 0x09AA, 0x0001, 0x11EB, 0x0006, 0xFF99,
  0x0001, 0x222B, 0x0001, 0x09AA, 0x0001, 0xC402, 0x001A, 0xFCE0, 0x0001, 0xC402, 0x0001, 0x09AA,
  0x0001, 0x224B, 0x0006, 0xFF99, 0x0001, 0x11EB, 0x001F, 0x09AA, 0x0001, 0x222B, 0x0001, 0xFF79,
  0x0001, 0xFF99, 0x0001, 0xDED7, 0x0010, 0x09AA, 0x0001, 0x430D, 0x0005, 0xFF99, 0x0001, 0x536E,
  0x0007, 0x09AA, 0x0015, 0x0129, 0x0001, 0x0969, 0x0001, 0xF758, 0x0001, 0xFF99, 0x0001, 0xEF17,
  0x0001, 0x08E5, 0x000D, 0x00C5, 0x0001, 0xAD52, 0x0002, 0xFF99, 0x0001, 0x42CD, 0x0015, 0x0129,
  0x0001, 0x0989, 0x0006, 0x09AA, 0x0001, 0x11CA, 0x0001, 0xEF17, 0x0004, 0xFF99, 0x0001, 0x9D33,
  0x0010, 0x09AA, 0x0001, 0x8CD2, 0x0002, 0xFF99, 0x0001, 0x7C51, 0x0020, 0x09AA, 0x0001, 0xEF18,
  0x0005, 0xFF99, 0x0001, 0x42ED, 0x0001, 0x09AA, 0x0001, 0xA3A3, 0x001A, 0xFCE0, 0x0001, 0xA3A3,
  0x0001, 0x09AA, 0x0001, 0x430D, 0x0005, 0xFF99, 0x0001, 0xEF17, 0x0020, 0x09AA, 0x0001, 0x7C51,
  0x0002, 0xFF99, 0x0001, 0x8CD2, 0x0010, 0x09AA, 0x0001, 0xA553, 0x0004, 0xFF99, 0x0001, 0xEEF7,
  0x0001, 0x11CA, 0x0006, 0x09AA, 0x0001, 0x0969, 0x0015, 0x0129, 0x0001, 0x4AED, 0x0002, 0xFF99,
  0x0001, 0xAD32, 0x000E, 0x00C5, 0x0001, 0x6B6D, 0x0002, 0xFF99, 0x0001, 0x8C91, 0x0015, 0x0129,
  0x0001, 0x0949, 0x0007, 0x09AA, 0x0001, 0x8CD2, 0x0004, 0xFF99, 0x0001, 0xF758, 0x0001, 0x1A0B,
  0x000F, 0x09AA, 0x0001, 0x32AC, 0x0002, 0xFF99, 0x0001, 0xDE96, 0x0020, 0x09AA, 0x0001, 0xCE56,
  0x0005, 0xFF99, 0x0001, 0x63AF, 0x0001, 0x09AA, 0x0001, 0x8B45, 0x001A, 0xFCE0, 0x0001, 0x8345,
  0x0001, 0x09AA, 0x0001, 0x63CF, 0x0005, 0xFF99, 0x0001, 0xCE55, 0x0020, 0x09AA, 0x0001, 0xD696,
  0x0002, 0xFF99, 0x0001, 0x3AAD, 0x000F, 0x09AA, 0x0001, 0x1A0B, 0x0001, 0xF758, 0x0004, 0xFF99,
  0x0001, 0x8CD2, 0x0007, 0x09AA, 0x0001, 0x0149, 0x0015, 0x0129, 0x0001, 0x94B2, 0x0002, 0xFF99,
  0x0001, 0x634C, 0x000E, 0x00C5, 0x0001, 0x2187, 0x0002, 0xFF99, 0x0001, 0xD676, 0x0016, 0x0129,
  0x0007, 0x09AA, 0x0001, 0x2A6C, 0x0005, 0xFF99, 0x0001, 0x7C71, 0x0010, 0x09AA, 0x0001, 0xCE56,
  0x0002, 0xFF99, 0x0001, 0x42ED, 0x001F, 0x09AA, 0x0001, 0xAD94, 0x0005, 0xFF99, 0x0001, 0x8491,
  0x0001, 0x09AA, 0x0001, 0x6AE6, 0x001A, 0xFCE0, 0x0001, 0x6AE6, 0x0001, 0x09AA, 0x0001, 0x8491,
  0x0005, 0xFF99, 0x0001, 0xAD74, 0x001F, 0x09AA, 0x0001, 0x430D, 0x0002, 0xFF99, 0x0001, 0xCE55,
  0x0010, 0x09AA, 0x0001, 0x8491, 0x0005, 0xFF99, 0x0001, 0x2A8C, 0x0007, 0x09AA, 0x0016, 0x0129,
  0x0001, 0xD696, 0x0002, 0xFF99, 0x0001, 0x1967, 0x000F, 0x00C5, 0x0001, 0xD655, 0x0002, 0xFF99,
  0x0001, 0x21EA, 0x0015, 0x0129, 0x0001, 0x0969, 0x0007, 0x09AA, 0x0001, 0xBE15, 0x0004, 0xFF99,
  0x0001, 0xE6F7, 0x0001, 0x11CA, 0x000F, 0x09AA, 0x0001, 0x6C10, 0x0002, 0xFF99, 0x0001, 0xA553,
  0x001F, 0x09AA, 0x0001, 0x8CD2, 0x0005, 0xFF99, 0x0001, 0xA573, 0x0001, 0x09AA, 0x0001, 0x5287,
  0x001A, 0xFCE0, 0x0001, 0x5287, 0x0001, 0x09AA, 0x0001, 0xA573, 0x0005, 0xFF99, 0x0001, 0x8CB2,
  0x001F, 0x09AA, 0x0001, 0xA553, 0x0002, 0xFF99, 0x0001, 0x6C10, 0x000F, 0x09AA, 0x0001, 0x11CA,
  0x0001, 0xEEF7, 0x0004, 0xFF99, 0x0001, 0xBDF5, 0x0007, 0x09AA, 0x0001, 0x0969, 0x0015, 0x0129,
  0x0001, 0x21EB, 0x0002, 0xFF99, 0x0001, 0xCE35, 0x0010, 0x00C5, 0x0001, 0x8C6F, 0x0002, 0xFF99,
  0x0001, 0x6BF0, 0x0015, 0x0129, 0x0001, 0x0149, 0x0007, 0x09AA, 0x0001, 0x534E, 0x0005, 0xFF99,
  0x0001, 0x63CF, 0x000F, 0x09AA, 0x0001, 0x1A0B, 0x0001, 0xF758, 0x0001, 0xFF99, 0x0001, 0xF758,
  0x0001, 0x222B, 0x001E, 0x09AA, 0x0001, 0x6BEF, 0x0005, 0xFF99, 0x0001, 0xCE35, 0x0001, 0x09AA,
  0x0001, 0x3228, 0x001A, 0xFCE0, 0x0001, 0x3228, 0x0001, 0x09AA, 0x0001, 0xCE55, 0x0005, 0xFF99,
  0x0001, 0x63CF, 0x001E, 0x09AA, 0x0001, 0x222B, 0x0001, 0xFF58, 0x0001, 0xFF99, 0x0001, 0xF758,
  0x0001, 0x19EB, 0x000F, 0x09AA, 0x0001, 0x6BF0, 0x0005, 0xFF99, 0x0001, 0x4B4E, 0x0007, 0x09AA,
  0x0001, 0x0149, 0x0015, 0x0129, 0x0001, 0x73F0, 0x0002, 0xFF99, 0x0001, 0x844F, 0x0010, 0x00C5,
  0x0001, 0x3A29, 0x0002, 0xFF99, 0x0001, 0xC615, 0x0016, 0x0129, 0x0001, 0x098A, 0x0007, 0x09AA,
  0x0001, 0xD676, 0x0004, 0xFF99, 0x0001, 0xDEB7, 0x0001, 0x09CA, 0x000F, 0x09AA, 0x0001, 0x9512,
  0x0002, 0xFF99, 0x0001, 0x8491, 0x001E, 0x09AA, 0x0001, 0x430D, 0x0005, 0xFF99, 0x0001, 0xEF38,
  0x0001, 0x09AA, 0x0001, 0x11C9, 0x001A, 0xFCE0, 0x0001, 0x11C9, 0x0001, 0x09AA, 0x0001, 0xEF38,
  0x0005, 0xFF99, 0x0001, 0x42ED, 0x001E, 0x09AA, 0x0001, 0x8CB1, 0x0002, 0xFF99, 0x0001, 0x94F2,
  0x000F, 0x09AA, 0x0001, 0x11CA, 0x0001, 0xDEB7, 0x0004, 0xFF99, 0x0001, 0xD696, 0x0007, 0x09AA,
  0x0001, 0x098A, 0x0016, 0x0129, 0x0001, 0xCE35, 0x0002, 0xFF99, 0x0001, 0x3209, 0x0011, 0x00C5,
  0x0001, 0xDE96, 0x0001, 0xFF99, 0x0001, 0xFF79, 0x0001, 0x21EA, 0x0015, 0x0129, 0x0001, 0x0949,
  0x0007, 0x09AA, 0x0001, 0x6BEF, 0x0005, 0xFF99, 0x0001, 0x63CF, 0x000F, 0x09AA, 0x0001, 0x2A8C,
  0x0001, 0xFF79, 0x0001, 0xFF99, 0x0001, 0xEF17, 0x0001, 0x11EA, 0x001D, 0x09AA, 0x0001, 0x1A2B,
  0x0006, 0xFF99, 0x0001, 0x1A2B, 0x0001, 0x09AA, 0x0001, 0xF4A0, 0x0016, 0xFCE0, 0x0001, 0xFCA0,
  0x0001, 0xF460, 0x0001, 0xE400, 0x0001, 0x09AA, 0x0001, 0x222B, 0x0006, 0xFF99, 0x0001, 0x1A0B,
  0x001D, 0x09AA, 0x0001, 0x11EA, 0x0001, 0xEF17, 0x0001, 0xFF99, 0x0001, 0xFF79, 0x0001, 0x2A6C,
  0x000F, 0x09AA, 0x0001, 0x6BF0, 0x0005, 0xFF99, 0x0001, 0x63CF, 0x0007, 0x09AA, 0x0001, 0x0949,
  0x0015, 0x0129, 0x0001, 0x21EB, 0x0002, 0xFF99, 0x0001, 0xDE96, 0x0012, 0x00C5, 0x0001, 0x8C6F,
  0x0002, 0xFF99, 0x0001, 0x73F0, 0x0016, 0x0129, 0x0001, 0x098A, 0x0006, 0x09AA, 0x0001, 0x11CA,
  0x0001, 0xE6D7, 0x0004, 0xFF99, 0x0001, 0xDED7, 0x0001, 0x11CA, 0x000F, 0x09AA, 0x0001, 0xB5B4,
  0x0002, 0xFF99, 0x0001, 0x7450, 0x001E, 0x09AA, 0x0001, 0xEF38, 0x0005, 0xFF99, 0x0001, 0x430D,
  0x0001, 0x3AAD, 0x0001, 0xCBE4, 0x0001, 0xF400, 0x0001, 0xF420, 0x0001, 0xF440, 0x0001, 0xFC80,
  0x0001, 0xFCA0, 0x0001, 0xFCC0, 0x0008, 0xFCE0, 0x0001, 0xFCC0, 0x0001, 0xFCA0, 0x0001, 0xFC80,
  0x0001, 0xF460, 0x0001, 0xF440, 0x0001, 0xF400, 0x0001, 0xEBC0, 0x0001, 0xEBA0, 0x0002, 0xEB80,
  0x0001, 0xC3C4, 0x0001, 0x3AAD, 0x0001, 0x430D, 0x0005, 0xFF99, 0x0001, 0xEF38, 0x001E, 0x09AA,
  0x0001, 0x7C51, 0x0002, 0xFF99, 0x0001, 0xB5B4, 0x000F, 0x09AA, 0x0001, 0x11CA, 0x0001, 0xE6D7,
  0x0004, 0xFF99, 0x0001, 0xDED7, 0x0001, 0x11CA, 0x0007, 0x09AA, 0x0016, 0x0129, 0x0001, 0x7C30,
  0x0002, 0xFF99, 0x0001, 0x844F, 0x0012, 0x00C5, 0x0001, 0x3209, 0x0002, 0xFF99, 0x0001, 0xC615,
  0x0016, 0x0129, 0x0001, 0x0969, 0x0007, 0x09AA, 0x0001, 0x6BF0, 0x0005, 0xFF99, 0x0001, 0x7410,
  0x000F, 0x09AA, 0x0001, 0x3ACD, 0x0002, 0xFF99, 0x0001, 0xEF17, 0x0001, 0x11EA, 0x001D, 0x09AA,
  0x0001, 0xCE56, 0x0005, 0xFF99, 0x0001, 0x63EF, 0x0001, 0xC635, 0x0001, 0xFF99, 0x0001, 0xFED4,
  0x0001, 0xF5AD, 0x0001, 0xECC7, 0x0001, 0xEBE2, 0x0005, 0xEB80, 0x0004, 0xEBA0, 0x0007, 0xEB80,
  0x0001, 0xEBE2, 0x0001, 0xECC7, 0x0001, 0xF5AD, 0x0001, 0xFED4, 0x0001, 0xFF99, 0x0001, 0xC635,
  0x0001, 0x6BEF, 0x0005, 0xFF99, 0x0001, 0xCE35, 0x001D, 0x09AA, 0x0001, 0x11EA, 0x0001, 0xEF17,
  0x0002, 0xFF99, 0x0001, 0x3AED, 0x000F, 0x09AA, 0x0001, 0x7430, 0x0005, 0xFF99, 0x0001, 0x63CF,
  0x0007, 0x09AA, 0x0001, 0x0969, 0x0016, 0x0129, 0x0001, 0xCE55, 0x0002, 0xFF99, 0x0001, 0x31E8,
  0x0013, 0x00C5, 0x0001, 0xDE96, 0x0002, 0xFF99, 0x0001, 0x2A0B, 0x0016, 0x0129, 0x0007, 0x09AA,
  0x0001, 0x11CA, 0x0001, 0xDEB7, 0x0004, 0xFF99, 0x0001, 0xEF38, 0x0001, 0x1A0B, 0x000F, 0x09AA,
  0x0001, 0xB5B4, 0x0002, 0xFF99, 0x0001, 0x7C71, 0x001D, 0x09AA, 0x0001, 0xA573, 0x0005, 0xFF99,
  0x0001, 0x9512, 0x0001, 0xFF79, 0x0005, 0xFF99, 0x0001, 0xFF16, 0x0001, 0xFE51, 0x0001, 0xF5CE,
  0x0001, 0xF54A, 0x0001, 0xECC7, 0x0001, 0xECA6, 0x0001, 0xEC65, 0x0002, 0xEC44, 0x0001, 0xEC65,
  0x0001, 0xECA6, 0x0001, 0xECC7, 0x0001, 0xF54A, 0x0001, 0xF5CE, 0x0001, 0xFE51, 0x0001, 0xFF16,
  0x0005, 0xFF99, 0x0001, 0xFF79, 0x0001, 0x9D12, 0x0005, 0xFF99, 0x0001, 0xA553, 0x001D, 0x09AA,
  0x0001, 0x7C71, 0x0002, 0xFF99, 0x0001, 0xB5B4, 0x000F, 0x09AA, 0x0001, 0x1A0B, 0x0001, 0xEF18,
  0x0004, 0xFF99, 0x0001, 0xDEB7, 0x0001, 0x09CA, 0x0007, 0x09AA, 0x0016, 0x0129, 0x0001, 0x2A2B,
  0x0002, 0xFF99, 0x0001, 0xD675, 0x0014, 0x00C5, 0x0001, 0x842F, 0x0002, 0xFF99, 0x0001, 0x8C91,
  0x0016, 0x0129, 0x0001, 0x0969, 0x0007, 0x09AA, 0x0001, 0x63CF, 0x0005, 0xFF99, 0x0001, 0x94F2,
  0x000F, 0x09AA, 0x0001, 0x32AC, 0x0001, 0xFF79, 0x0001, 0xFF99, 0x0001, 0xEF38, 0x0001, 0x1A2B,
  0x001C, 0x09AA, 0x0001, 0x8491, 0x0005, 0xFF99, 0x0001, 0xD676, 0x001C, 0xFF99, 0x0001, 0xD676,
  0x0005, 0xFF99, 0x0001, 0x8471, 0x001C, 0x09AA, 0x0001, 0x222B, 0x0001, 0xF738, 0x0002, 0xFF99,
  0x0001, 0x3AAD, 0x000F, 0x09AA, 0x0001, 0x9D12, 0x0005, 0xFF99, 0x0001, 0x63AF, 0x0007, 0x09AA,
  0x0001, 0x0969, 0x0016, 0x0129, 0x0001, 0x8CB2, 0x0002, 0xFF99, 0x0001, 0x7C0E, 0x0014, 0x00C5,
  0x0001, 0x2187, 0x0001, 0xFF78, 0x0001, 0xFF99, 0x0001, 0xEEF7, 0x0001, 0x0949, 0x0016, 0x0129,
  0x0008, 0x09AA, 0x0001, 0xCE76, 0x0004, 0xFF99, 0x0001, 0xFF78, 0x0001, 0x328C, 0x000F, 0x09AA,
  0x0001, 0xAD94, 0x0002, 0xFF99, 0x0001, 0x9D33, 0x001C, 0x09AA, 0x0001, 0x5BAF, 0x0005, 0xFF99,
  0x0001, 0xDED7, 0x0001, 0x8491, 0x0001, 0xCE56, 0x0001, 0xFF79, 0x0016, 0xFF99, 0x0001, 0xFF79,
  0x0001, 0xCE56, 0x0001, 0x8491, 0x0001, 0xDED7, 0x0005, 0xFF99, 0x0001, 0x5B8F, 0x001C, 0x09AA,
  0x0001, 0x9D33, 0x0002, 0xFF99, 0x0001, 0xAD73, 0x000F, 0x09AA, 0x0001, 0x32AC, 0x0001, 0xFF78,
  0x0004, 0xFF99, 0x0001, 0xCE56, 0x0008, 0x09AA, 0x0016, 0x0129, 0x0001, 0x0949, 0x0001, 0xEEF7,
  0x0001, 0xFF99, 0x0001, 0xFF78, 0x0001, 0x2187, 0x0015, 0x00C5, 0x0001, 0xB593, 0x0002, 0xFF99,
  0x0001, 0x532E, 0x0016, 0x0129, 0x0001, 0x0969, 0x0007, 0x09AA, 0x0001, 0x430D, 0x0005, 0xFF99,
  0x0001, 0xC615, 0x000F, 0x09AA, 0x0001, 0x224B, 0x0001, 0xF758, 0x0001, 0xFF99, 0x0001, 0xFF79,
  0x0001, 0x3ACD, 0x001B, 0x09AA, 0x0001, 0x3ACD, 0x0006, 0xFF99, 0x0001, 0xEF18, 0x0001, 0x9D12,
  0x0001, 0x538F, 0x0001, 0x5BAF, 0x0001, 0x8CD2, 0x0001, 0xC615, 0x0001, 0xF738, 0x000E, 0xFF99,
  0x0001, 0xF738, 0x0001, 0xC615, 0x0001, 0x8CD2, 0x0001, 0x5BAF, 0x0001, 0x538E, 0x0001, 0x9D12,
  0x0001, 0xEF18, 0x0006, 0xFF99, 0x0001, 0x3ACD, 0x001B, 0x09AA, 0x0001, 0x3ACD, 0x0001, 0xFF79,
  0x0001, 0xFF99, 0x0001, 0xF758, 0x0001, 0x2A4C, 0x000F, 0x09AA, 0x0001, 0xC635, 0x0005, 0xFF99,
  0x0001, 0x430D, 0x0007, 0x09AA, 0x0001, 0x0969, 0x0016, 0x0129, 0x0001, 0x5B4E, 0x0002, 0xFF99,
  0x0001, 0xB572, 0x0016, 0x00C5, 0x0001, 0x52EB, 0x0002, 0xFF99, 0x0001, 0xBDB4, 0x0017, 0x0129,
  0x0008, 0x09AA, 0x0001, 0xAD94, 0x0005, 0xFF99, 0x0001, 0x6C10, 0x000F, 0x09AA, 0x0001, 0x8491,
  0x0002, 0xFF99, 0x0001, 0xCE55, 0x001B, 0x09AA, 0x0001, 0x11EA, 0x0009, 0xFF99, 0x0001, 0xF758,
  0x0001, 0xBDF5, 0x0001, 0x7C71, 0x0001, 0x430D, 0x0001, 0x328C, 0x0001, 0x3AED, 0x0001, 0x5B8F,
  0x0001, 0x7C50, 0x0001, 0x8471, 0x0001, 0x8CD2, 0x0002, 0x9D12, 0x0001, 0x8CD2, 0x0001, 0x8471,
  0x0001, 0x7C50, 0x0001, 0x5B8F, 0x0001, 0x3AED, 0x0001, 0x328C, 0x0001, 0x430D, 0x0001, 0x7C71,
  0x0001, 0xBDF5, 0x0001, 0xF758, 0x0009, 0xFF99, 0x0001, 0x11EA, 0x001B, 0x09AA, 0x0001, 0xCE55,
  0x0002, 0xFF99, 0x0001, 0x8491, 0x000F, 0x09AA, 0x0001, 0x7430, 0x0005, 0xFF99, 0x0001, 0xA573,
  0x0008, 0x09AA, 0x0017, 0x0129, 0x0001, 0xBDD4, 0x0002, 0xFF99, 0x0001, 0x52CB, 0x0016, 0x00C5,
  0x0001, 0x08E5, 0x0001, 0xE6D7, 0x0001, 0xFF99, 0x0001, 0xFF79, 0x0001, 0x220B, 0x0016, 0x0129,
  0x0001, 0x0969, 0x0007, 0x09AA, 0x0001, 0x2A6C, 0x0001, 0xF758, 0x0004, 0xFF99, 0x0001, 0xF738,
  0x0001, 0x224B, 0x000E, 0x09AA, 0x0001, 0x11EA, 0x0001, 0xDED7, 0x0002, 0xFF99, 0x0001, 0x7C51,
  0x001B, 0x09AA, 0x0001, 0xE6D7, 0x000D, 0xFF99, 0x0001, 0xEF18, 0x0001, 0xC635, 0x0001, 0xAD94,
  0x0001, 0x9D33, 0x0001, 0x94D2, 0x0002, 0x8491, 0x0001, 0x94D2, 0x0001, 0x9D33, 0x0001, 0xAD94,
  0x0001, 0xC635, 0x0001, 0xEF18, 0x000D, 0xFF99, 0x0001, 0xE6D7, 0x001B, 0x09AA, 0x0001, 0x7C71,
  0x0002, 0xFF99, 0x0001, 0xDEB7, 0x0001, 0x11EA, 0x000E, 0x09AA, 0x0001, 0x224C, 0x0001, 0xF758,
  0x0004, 0xFF99, 0x0001, 0xF738, 0x0001, 0x224B, 0x0007, 0x09AA, 0x0001, 0x0969, 0x0016, 0x0129,
  0x0001, 0x2A0B, 0x0001, 0xFF79, 0x0001, 0xFF99, 0x0001, 0xE6D7, 0x0001, 0x08E5, 0x0017, 0x00C5,
  0x0001, 0x844F, 0x0002, 0xFF99, 0x0001, 0x94D2, 0x0017, 0x0129, 0x0001, 0x098A, 0x0007, 0x09AA,
  0x0001, 0x7450, 0x0005, 0xFF99, 0x0001, 0xBDF5, 0x000F, 0x09AA, 0x0001, 0x4B2E, 0x0002, 0xFF99,
  0x0001, 0xFF58, 0x0001, 0x32AC, 0x001A, 0x09AA, 0x0001, 0x8CB2, 0x0026, 0xFF99, 0x0001, 0x8CB2,
  0x001A, 0x09AA, 0x0001, 0x328C, 0x0001, 0xF758, 0x0002, 0xFF99, 0x0001, 0x4B2E, 0x000F, 0x09AA,
  0x0001, 0xBDF5, 0x0005, 0xFF99, 0x0001, 0x6C10, 0x0007, 0x09AA, 0x0001, 0x098A, 0x0017, 0x0129,
  0x0001, 0x94F2, 0x0002, 0xFF99, 0x0001, 0x842F, 0x0018, 0x00C5, 0x0001, 0x1966, 0x0001, 0xF758,
  0x0001, 0xFF99, 0x0001, 0xF758, 0x0001, 0x19AA, 0x0016, 0x0129, 0x0001, 0x0949, 0x0008, 0x09AA,
  0x0001, 0xC635, 0x0005, 0xFF99, 0x0001, 0x7450, 0x000F, 0x09AA, 0x0001, 0x9D33, 0x0002, 0xFF99,
  0x0001, 0xD676, 0x0001, 0x11EA, 0x0019, 0x09AA, 0x0001, 0x11CA, 0x0001, 0x9D33, 0x0001, 0xFF78,
  0x0022, 0xFF99, 0x0001, 0xFF78, 0x0001, 0x9D33, 0x0001, 0x11CA, 0x0019, 0x09AA, 0x0001, 0x11CA,
  0x0001, 0xCE76, 0x0002, 0xFF99, 0x0001, 0x9D12, 0x000F, 0x09AA, 0x0001, 0x7C71, 0x0005, 0xFF99,
  0x0001, 0xCE55, 0x0008, 0x09AA, 0x0001, 0x0149, 0x0016, 0x0129, 0x0001, 0x19AA, 0x0001, 0xF758,
  0x0001, 0xFF99, 0x0001, 0xFF58, 0x0001, 0x1967, 0x0019, 0x00C5, 0x0001, 0x9CF1, 0x0002, 0xFF99,
  0x0001, 0x7C30, 0x0017, 0x0129, 0x0001, 0x098A, 0x0007, 0x09AA, 0x0001, 0x32AC, 0x0001, 0xFF78,
  0x0004, 0xFF99, 0x0001, 0xFF58, 0x0001, 0x32AC, 0x000E, 0x09AA, 0x0001, 0x11EB, 0x0001, 0xDED7,
  0x0002, 0xFF99, 0x0001, 0x9D12, 0x001B, 0x09AA, 0x0001, 0x1A0B, 0x0001, 0x6C10, 0x0001, 0xC635,
  0x001E, 0xFF99, 0x0001, 0xD696, 0x0001, 0x7C71, 0x0001, 0x222B, 0x001B, 0x09AA, 0x0001, 0x9D33,
  0x0002, 0xFF99, 0x0001, 0xDED7, 0x0001, 0x11EA, 0x000E, 0x09AA, 0x0001, 0x3ACD, 0x0001, 0xFF78,
  0x0004, 0xFF99, 0x0001, 0xFF58, 0x0001, 0x328C, 0x0007, 0x09AA, 0x0001, 0x0989, 0x0017, 0x0129,
  0x0001, 0x8451, 0x0002, 0xFF99, 0x0001, 0x9CD1, 0x001A, 0x00C5, 0x0001, 0x29C8, 0x0001, 0xFF78,
  0x0001, 0xFF99, 0x0001, 0xE6F7, 0x0001, 0x0949, 0x0016, 0x0129, 0x0001, 0x0149, 0x0008, 0x09AA,
  0x0001, 0x7C71, 0x0005, 0xFF99, 0x0001, 0xDE96, 0x0001, 0x11EB, 0x000E, 0x09AA, 0x0001, 0x3AED,
  0x0001, 0xFF78, 0x0002, 0xFF99, 0x0001, 0x5BAF, 0x001D, 0x09AA, 0x0001, 0x32AC, 0x0001, 0x8CB1,
  0x0001, 0xCE56, 0x0001, 0xFF79, 0x0016, 0xFF99, 0x0001, 0xFF79, 0x0001, 0xCE56, 0x0001, 0x8CB1,
  0x0001, 0x32AC, 0x001D, 0x09AA, 0x0001, 0x63AF, 0x0002, 0xFF99, 0x0001, 0xFF58, 0x0001, 0x3ACD,
  0x000E, 0x09AA, 0x0001, 0x1A0B, 0x0001, 0xDEB7, 0x0005, 0xFF99, 0x0001, 0x7C50, 0x0008, 0x09AA,
  0x0001, 0x0149, 0x0016, 0x0129, 0x0001, 0x0969, 0x0001, 0xEEF7, 0x0002, 0xFF99, 0x0001, 0x29E8,
  0x001B, 0x00C5, 0x0001, 0xB593, 0x0002, 0xFF99, 0x0001, 0x63AF, 0x0017, 0x0129, 0x0001, 0x0969,
  0x0008, 0x09AA, 0x0001, 0xC615, 0x0005, 0xFF99, 0x0001, 0xB5B4, 0x000F, 0x09AA, 0x0001, 0x7430,
  0x0002, 0xFF99, 0x0001, 0xF758, 0x0001, 0x42ED, 0x001F, 0x09AA, 0x0001, 0x1A0B, 0x0001, 0x536E,
  0x0001, 0x9512, 0x0001, 0xC635, 0x0001, 0xEF18, 0x000E, 0xFF99, 0x0001, 0xEF18, 0x0001, 0xC635,
  0x0001, 0x9512, 0x0001, 0x536E, 0x0001, 0x1A0B, 0x001F, 0x09AA, 0x0001, 0x3ACD, 0x0001, 0xF758,
  0x0002, 0xFF99, 0x0001, 0x7430, 0x000F, 0x09AA, 0x0001, 0xB5B4, 0x0005, 0xFF99, 0x0001, 0xBDF5,
  0x0008, 0x09AA, 0x0001, 0x0969, 0x0017, 0x0129, 0x0001, 0x6BCF, 0x0002, 0xFF99, 0x0001, 0xB573,
  0x001C, 0x00C5, 0x0001, 0x426A, 0x0002, 0xFF99, 0x0001, 0xDEB7, 0x0001, 0x0949, 0x0017, 0x0129,
  0x0001, 0x098A, 0x0007, 0x09AA, 0x0001, 0x224B, 0x0001, 0xEF18, 0x0005, 0xFF99, 0x0001, 0x7C71,
  0x000F, 0x09AA, 0x0001, 0xAD94, 0x0002, 0xFF99, 0x0001, 0xEEF7, 0x0001, 0x2A6C, 0x0023, 0x09AA,
  0x0001, 0x1A2B, 0x0001, 0x430D, 0x0001, 0x63EF, 0x0001, 0x7450, 0x0001, 0x8491, 0x0001, 0x8CD2,
  0x0002, 0x9D33, 0x0001, 0x8CD2, 0x0001, 0x8491, 0x0001, 0x7450, 0x0001, 0x63EF, 0x0001, 0x430D,
  0x0001, 0x1A2B, 0x0023, 0x09AA, 0x0001, 0x2A6C, 0x0001, 0xEF17, 0x0002, 0xFF99, 0x0001, 0xAD94,
  0x000F, 0x09AA, 0x0001, 0x8491, 0x0005, 0xFF99, 0x0001, 0xEF17, 0x0001, 0x224B, 0x0007, 0x09AA,
  0x0001, 0x098A, 0x0017, 0x0129, 0x0001, 0x0969, 0x0001, 0xE6D7, 0x0002, 0xFF99, 0x0001, 0x4269,
  0x001D, 0x00C5, 0x0001, 0xC5F4, 0x0002, 0xFF99, 0x0001, 0x6BCF, 0x0017, 0x0129, 0x0001, 0x0149,
  0x0008, 0x09AA, 0x0001, 0x536E, 0x0005, 0xFF99, 0x0001, 0xFF79, 0x0001, 0x536E, 0x000E, 0x09AA,
  0x0001, 0x11EA, 0x0001, 0xCE56, 0x0002, 0xFF99, 0x0001, 0xD696, 0x0001, 0x1A2B, 0x0052, 0x09AA,
  0x0001, 0x1A2B, 0x0001, 0xDE96, 0x0002, 0xFF99, 0x0001, 0xCE35, 0x0001, 0x11EA, 0x000E, 0x09AA,
  0x0001, 0x536E, 0x0001, 0xFF79, 0x0004, 0xFF99, 0x0001, 0xFF79, 0x0001, 0x536E, 0x0008, 0x09AA,
  0x0001, 0x0149, 0x0017, 0x0129, 0x0001, 0x6BF0, 0x0002, 0xFF99, 0x0001, 0xBDB3, 0x001E, 0x00C5,
  0x0001, 0x4269, 0x0002, 0xFF99, 0x0001, 0xE6F7, 0x0001, 0x0969, 0x0017, 0x0129, 0x0001, 0x0969,
  0x0008, 0x09AA, 0x0001, 0x8CB2, 0x0005, 0xFF99, 0x0001, 0xF758, 0x0001, 0x3AED, 0x000E, 0x09AA,
  0x0001, 0x1A2B, 0x0001, 0xDEB7, 0x0002, 0xFF99, 0x0001, 0xD696, 0x0001, 0x1A0B, 0x0050, 0x09AA,
  0x0001, 0x1A0B, 0x0001, 0xCE76, 0x0002, 0xFF99, 0x0001, 0xDED7, 0x0001, 0x222B, 0x000E, 0x09AA,
  0x0001, 0x3ACD, 0x0001, 0xF758, 0x0005, 0xFF99, 0x0001, 0x8491, 0x0008, 0x09AA, 0x0001, 0x0969,
  0x0017, 0x0129, 0x0001, 0x0969, 0x0001, 0xE6D7, 0x0002, 0xFF99, 0x0001, 0x3A49, 0x001F, 0x00C5,
  0x0001, 0xBDB3, 0x0002, 0xFF99, 0x0001, 0x73F0, 0x0018, 0x0129, 0x0001, 0x098A, 0x0008, 0x09AA,
  0x0001, 0xBDD4, 0x0005, 0xFF99, 0x0001, 0xE6F7, 0x0001, 0x2A4C, 0x000E, 0x09AA, 0x0001, 0x328C,
  0x0001, 0xEF17, 0x0002, 0xFF99, 0x0001, 0xCE76, 0x0001, 0x1A0B, 0x004E, 0x09AA, 0x0001, 0x1A0B,
  0x0001, 0xCE76, 0x0002, 0xFF99, 0x0001, 0xEF17, 0x0001, 0x328C, 0x000E, 0x09AA, 0x0001, 0x2A6C,
  0x0001, 0xEEF7, 0x0005, 0xFF99, 0x0001, 0xBDF5, 0x0008, 0x09AA, 0x0001, 0x098A, 0x0018, 0x0129,
  0x0001, 0x7410, 0x0002, 0xFF99, 0x0001, 0xB593, 0x0020, 0x00C5, 0x0001, 0x3A49, 0x0002, 0xFF99,
  0x0001, 0xEEF7, 0x0001, 0x118A, 0x0017, 0x0129, 0x0001, 0x0149, 0x0008, 0x09AA, 0x0001, 0x1A0B,
  0x0001, 0xDEB7, 0x0005, 0xFF99, 0x0001, 0xD696, 0x0001, 0x1A2B, 0x000E, 0x09AA, 0x0001, 0x32AC,
  0x0001, 0xEF17, 0x0002, 0xFF99, 0x0001, 0x8CD2, 0x004E, 0x09AA, 0x0001, 0x8CD2, 0x0002, 0xFF99,
  0x0001, 0xEF17, 0x0001, 0x32AC, 0x000E, 0x09AA, 0x0001, 0x222B, 0x0001, 0xDEB6, 0x0005, 0xFF99,
  0x0001, 0xDEB6, 0x0001, 0x1A0B, 0x0008, 0x09AA, 0x0001, 0x0149, 0x0017, 0x0129, 0x0001, 0x118A,
  0x0001, 0xEEF7, 0x0002, 0xFF99, 0x0001, 0x3A29, 0x0021, 0x00C5, 0x0001, 0xB593, 0x0002, 0xFF99,
  0x0001, 0x8C91, 0x0018, 0x0129, 0x0001, 0x0969, 0x0008, 0x09AA, 0x0001, 0x2A6C, 0x0001, 0xEF17,
  0x0005, 0xFF99, 0x0001, 0xD696, 0x0001, 0x1A0B, 0x000E, 0x09AA, 0x0001, 0x32AC, 0x0001, 0xEF17,
  0x0001, 0xFF99, 0x0001, 0x6BF0, 0x004E, 0x09AA, 0x0001, 0x6BF0, 0x0001, 0xFF99, 0x0001, 0xEF17,
  0x0001, 0x32AC, 0x000E, 0x09AA, 0x0001, 0x1A0B, 0x0001, 0xCE76, 0x0005, 0xFF99, 0x0001, 0xEF18,
  0x0001, 0x2A8C, 0x0008, 0x09AA, 0x0001, 0x0969, 0x0018, 0x0129, 0x0001, 0x8CB1, 0x0002, 0xFF99,
  0x0001, 0xB572, 0x0022, 0x00C5, 0x0001, 0x29C8, 0x0001, 0xFF78, 0x0001, 0xFF99, 0x0001, 0xFF78,
  0x0001, 0x2A0B, 0x0018, 0x0129, 0x0001, 0x0969, 0x0008, 0x09AA, 0x0001, 0x430D, 0x0001, 0xFF58,
  0x0005, 0xFF99, 0x0001, 0xCE55, 0x0001, 0x11EB, 0x000E, 0x09AA, 0x0001, 0x1A0B, 0x0001, 0x328C,
  0x0050, 0x09AA, 0x0001, 0x328C, 0x0001, 0x1A0B, 0x000E, 0x09AA, 0x0001, 0x11EB, 0x0001, 0xCE56,
  0x0005, 0xFF99, 0x0001, 0xF758, 0x0001, 0x42ED, 0x0008, 0x09AA, 0x0001, 0x0969, 0x0018, 0x0129,
  0x0001, 0x2A0B, 0x0001, 0xFF58, 0x0001, 0xFF99, 0x0001, 0xFF78, 0x0001, 0x29C8, 0x0023, 0x00C5,
  0x0001, 0x9490, 0x0002, 0xFF99, 0x0001, 0xB594, 0x0019, 0x0129, 0x0001, 0x098A, 0x0008, 0x09AA,
  0x0001, 0x5BAF, 0x0001, 0xFF79, 0x0005, 0xFF99, 0x0001, 0xCE55, 0x0001, 0x1A0B, 0x006E, 0x09AA,
  0x0001, 0x1A0B, 0x0001, 0xCE55, 0x0005, 0xFF99, 0x0001, 0xFF79, 0x0001, 0x5B8F, 0x0008, 0x09AA,
  0x0001, 0x098A, 0x0019, 0x0129, 0x0001, 0xB5B4, 0x0002, 0xFF99, 0x0001, 0x8C70, 0x0024, 0x00C5,
  0x0001, 0x1126, 0x0001, 0xEF17, 0x0002, 0xFF99, 0x0001, 0x4AED, 0x0018, 0x0129, 0x0001, 0x0149,
  0x0009, 0x09AA, 0x0001, 0x63EF, 0x0006, 0xFF99, 0x0001, 0xD676, 0x0001, 0x1A2B, 0x006C, 0x09AA,
  0x0001, 0x222B, 0x0001, 0xD676, 0x0006, 0xFF99, 0x0001, 0x6BF0, 0x0009, 0x09AA, 0x0001, 0x0149,
  0x0018, 0x0129, 0x0001, 0x42CD, 0x0002, 0xFF99, 0x0001, 0xEEF7, 0x0001, 0x1126, 0x0025, 0x00C5,
  0x0001, 0x6B8D, 0x0002, 0xFF99, 0x0001, 0xD676, 0x0001, 0x0969, 0x0018, 0x0129, 0x0001, 0x0949,
  0x0009, 0x09AA, 0x0001, 0x7450, 0x0006, 0xFF99, 0x0001, 0xDE96, 0x0001, 0x2A4C, 0x006A, 0x09AA,
  0x0001, 0x2A6C, 0x0001, 0xDEB6, 0x0006, 0xFF99, 0x0001, 0x7430, 0x0009, 0x09AA, 0x0001, 0x0949,
  0x0018, 0x0129, 0x0001, 0x0969, 0x0001, 0xDE96, 0x0002, 0xFF99, 0x0001, 0x6B6D, 0x0026, 0x00C5,
  0x0001, 0x08E5, 0x0001, 0xD655, 0x0002, 0xFF99, 0x0001, 0x8471, 0x0019, 0x0129, 0x0001, 0x0949,
  0x0009, 0x09AA, 0x0001, 0x7C71, 0x0006, 0xFF99, 0x0001, 0xE6F7, 0x0001, 0x3ACD, 0x0068, 0x09AA,
  0x0001, 0x3ACD, 0x0001, 0xEEF7, 0x0006, 0xFF99, 0x0001, 0x7C71, 0x0009, 0x09AA, 0x0001, 0x0949,
  0x0019, 0x0129, 0x0001, 0x8471, 0x0002, 0xFF99, 0x0001, 0xCE35, 0x0001, 0x08E5, 0x0027, 0x00C5,
  0x0001, 0x3A29, 0x0001, 0xFF78, 0x0001, 0xFF99, 0x0001, 0xFF78, 0x0001, 0x324C, 0x0019, 0x0129,
  0x0001, 0x0969, 0x0009, 0x09AA, 0x0001, 0x7410, 0x0001, 0xFF79, 0x0005, 0xFF99, 0x0001, 0xF758,
  0x0001, 0x536E, 0x0066, 0x09AA, 0x0001, 0x534E, 0x0001, 0xF758, 0x0006, 0xFF99, 0x0001, 0x7450,
  0x0009, 0x09AA, 0x0001, 0x0969, 0x0019, 0x0129, 0x0001, 0x324C, 0x0001, 0xFF78, 0x0001, 0xFF99,
  0x0001, 0xFF78, 0x0001, 0x3A29, 0x0029, 0x00C5, 0x0001, 0x9490, 0x0002, 0xFF99, 0x0001, 0xCE35,
  0x0001, 0x0949, 0x0019, 0x0129, 0x0001, 0x0969, 0x0009, 0x09AA, 0x0001, 0x6BF0, 0x0001, 0xFF79,
  0x0005, 0xFF99, 0x0001, 0xFF79, 0x0001, 0x8491, 0x0064, 0x09AA, 0x0001, 0x7C71, 0x0001, 0xFF79,
  0x0005, 0xFF99, 0x0001, 0xFF79, 0x0001, 0x6BEF, 0x0009, 0x09AA, 0x0001, 0x0969, 0x0019, 0x0129,
  0x0001, 0x0949, 0x0001, 0xC615, 0x0002, 0xFF99, 0x0001, 0x8C6F, 0x002A, 0x00C5, 0x0001, 0x1106,
  0x0001, 0xDEB6, 0x0002, 0xFF99, 0x0001, 0x73F0, 0x001A, 0x0129, 0x0001, 0x11CA, 0x0001, 0x7430,
  0x0008, 0x09AA, 0x0001, 0x5BAF, 0x0001, 0xFF58, 0x0006, 0xFF99, 0x0001, 0xB5B4, 0x0001, 0x11EB,
  0x0060, 0x09AA, 0x0001, 0x1A0B, 0x0001, 0xB5B4, 0x0006, 0xFF99, 0x0001, 0xF758, 0x0001, 0x5B8F,
  0x0008, 0x09AA, 0x0001, 0x7430, 0x0001, 0x11CA, 0x001A, 0x0129, 0x0001, 0x7410, 0x0002, 0xFF99,
  0x0001, 0xDEB6, 0x0001, 0x1106, 0x002B, 0x00C5, 0x0001, 0x428A, 0x0002, 0xFF99, 0x0001, 0xF758,
  0x0001, 0x324C, 0x0018, 0x0129, 0x0001, 0x116A, 0x0001, 0xC5F5, 0x0001, 0xFF99, 0x0001, 0x94F2,
  0x0008, 0x09AA, 0x0001, 0x430D, 0x0001, 0xEF18, 0x0006, 0xFF99, 0x0001, 0xDE96, 0x0001, 0x3AAD,
  0x005E, 0x09AA, 0x0001, 0x3ACD, 0x0001, 0xDEB7, 0x0006, 0xFF99, 0x0001, 0xEF17, 0x0001, 0x42ED,
  0x0008, 0x09AA, 0x0001, 0x8CD2, 0x0001, 0xFF99, 0x0001, 0xC615, 0x0001, 0x118A, 0x0018, 0x0129,
  0x0001, 0x2A4B, 0x0001, 0xF758, 0x0002, 0xFF99, 0x0001, 0x4AAA, 0x002D, 0x00C5, 0x0001, 0x9CF1,
  0x0002, 0xFF99, 0x0001, 0xD656, 0x0001, 0x0969, 0x0016, 0x0129, 0x0001, 0x116A, 0x0001, 0xC5F5,
  0x0003, 0xFF99, 0x0001, 0x94F2, 0x0008, 0x09AA, 0x0001, 0x2A6C, 0x0001, 0xDEB6, 0x0006, 0xFF99,
  0x0001, 0xFF78, 0x0001, 0x8491, 0x005C, 0x09AA, 0x0001, 0x7430, 0x0001, 0xFF58, 0x0006, 0xFF99,
  0x0001, 0xDEB7, 0x0001, 0x2A8C, 0x0008, 0x09AA, 0x0001, 0x8CD2, 0x0003, 0xFF99, 0x0001, 0xC615,
  0x0001, 0x118A, 0x0016, 0x0129, 0x0001, 0x0969, 0x0001, 0xD676, 0x0002, 0xFF99, 0x0001, 0x9CD1,
  0x002E, 0x00C5, 0x0001, 0x1106, 0x0001, 0xDE96, 0x0002, 0xFF99, 0x0001, 0x8CB1, 0x0015, 0x0129,
  0x0001, 0x116A, 0x0001, 0xC615, 0x0005, 0xFF99, 0x0001, 0x7430, 0x0008, 0x09AA, 0x0001, 0x1A0B,
  0x0001, 0xBDF5, 0x0007, 0xFF99, 0x0001, 0xBDF5, 0x0001, 0x224B, 0x0058, 0x09AA, 0x0001, 0x224C,
  0x0001, 0xBE15, 0x0007, 0xFF99, 0x0001, 0xB5D4, 0x0001, 0x1A0B, 0x0008, 0x09AA, 0x0001, 0x7430,
  0x0005, 0xFF99, 0x0001, 0xC615, 0x0001, 0x116A, 0x0015, 0x0129, 0x0001, 0x94D2, 0x0002, 0xFF99,
  0x0001, 0xDE96, 0x0001, 0x1126, 0x002F, 0x00C5, 0x0001, 0x3A29, 0x0001, 0xFF78, 0x0002, 0xFF99,
  0x0001, 0x4B0D, 0x0013, 0x0129, 0x0001, 0x116A, 0x0001, 0xC5F5, 0x0005, 0xFF99, 0x0001, 0xC615,
  0x0001, 0x11CA, 0x000A, 0x09AA, 0x0001, 0x7C71, 0x0001, 0xFF79, 0x0006, 0xFF99, 0x0001, 0xF758,
  0x0001, 0x7C71, 0x0056, 0x09AA, 0x0001, 0x6C10, 0x0001, 0xF738, 0x0007, 0xFF99, 0x0001, 0x8CD2,
  0x000A, 0x09AA, 0x0001, 0x11AA, 0x0001, 0xC5F5, 0x0005, 0xFF99, 0x0001, 0xC615, 0x0001, 0x118A,
  0x0013, 0x0129, 0x0001, 0x4AED, 0x0002, 0xFF99, 0x0001, 0xFF78, 0x0001, 0x3A29, 0x0031, 0x00C5,
  0x0001, 0x7C0E, 0x0002, 0xFF99, 0x0001, 0xE6F7, 0x0001, 0x19CA, 0x0011, 0x0129, 0x0001, 0x116A,
  0x0001, 0xC5F5, 0x0005, 0xFF99, 0x0001, 0xC615, 0x0001, 0x118A, 0x0001, 0x0129, 0x0001, 0x0969,
  0x000A, 0x09AA, 0x0001, 0x536E, 0x0001, 0xEF38, 0x0007, 0xFF99, 0x0001, 0xC635, 0x0001, 0x32AC,
  0x0052, 0x09AA, 0x0001, 0x32AC, 0x0001, 0xCE35, 0x0007, 0xFF99, 0x0001, 0xEF17, 0x0001, 0x536E,
  0x000A, 0x09AA, 0x0001, 0x0969, 0x0001, 0x0129, 0x0001, 0x116A, 0x0001, 0xC5F5, 0x0005, 0xFF99,
  0x0001, 0xC615, 0x0001, 0x118A, 0x0011, 0x0129, 0x0001, 0x21EA, 0x0001, 0xEEF7, 0x0002, 0xFF99,
  0x0001, 0x7BEE, 0x0032, 0x00C5, 0x0001, 0x08E5, 0x0001, 0xC5D4, 0x0002, 0xFF99, 0x0001, 0xC615,
  0x0001, 0x0949, 0x000F, 0x0129, 0x0001, 0x116A, 0x0001, 0xC5F5, 0x0005, 0xFF99, 0x0001, 0xC615,
  0x0001, 0x118A, 0x0003, 0x0129, 0x0001, 0x0969, 0x000A, 0x09AA, 0x0001, 0x222B, 0x0001, 0xBDD4,
  0x0007, 0xFF99, 0x0001, 0xFF78, 0x0001, 0x9D33, 0x0001, 0x1A2B, 0x004E, 0x09AA, 0x0001, 0x1A0B,
  0x0001, 0x9512, 0x0001, 0xFF78, 0x0007, 0xFF99, 0x0001, 0xBE15, 0x0001, 0x224B, 0x000A, 0x09AA,
  0x0001, 0x0969, 0x0003, 0x0129, 0x0001, 0x116A, 0x0001, 0xC5F5, 0x0005, 0xFF99, 0x0001, 0xC615,
  0x0001, 0x118A, 0x000F, 0x0129, 0x0001, 0x0949, 0x0001, 0xC615, 0x0002, 0xFF99, 0x0001, 0xBDD4,
  0x0001, 0x08E5, 0x0033, 0x00C5, 0x0001, 0x1967, 0x0001, 0xE6D7, 0x0002, 0xFF99, 0x0001, 0x94D2,
  0x000E, 0x0129, 0x0001, 0x116A, 0x0001, 0xC5F5, 0x0005, 0xFF99, 0x0001, 0xC615, 0x0001, 0x118A,
  0x0005, 0x0129, 0x0001, 0x0949, 0x000B, 0x09AA, 0x0001, 0x7C71, 0x0001, 0xFF78, 0x0007, 0xFF99,
  0x0001, 0xEF18, 0x0001, 0x7430, 0x0001, 0x11CA, 0x004A, 0x09AA, 0x0001, 0x11CA, 0x0001, 0x7430,
  0x0001, 0xEF38, 0x0007, 0xFF99, 0x0001, 0xFF58, 0x0001, 0x7C50, 0x000B, 0x09AA, 0x0001, 0x0969,
  0x0005, 0x0129, 0x0001, 0x116A, 0x0001, 0xC5F5, 0x0005, 0xFF99, 0x0001, 0xC615, 0x0001, 0x118A,
  0x000E, 0x0129, 0x0001, 0x9CF2, 0x0002, 0xFF99, 0x0001, 0xEEF7, 0x0001, 0x2187, 0x0035, 0x00C5,
  0x0001, 0x3A49, 0x0001, 0xFF78, 0x0002, 0xFF99, 0x0001, 0x638F, 0x000C, 0x0129, 0x0001, 0x116A,
  0x0001, 0xC5F5, 0x0005, 0xFF99, 0x0001, 0xC615, 0x0001, 0x118A, 0x0007, 0x0129, 0x0001, 0x0949,
  0x000B, 0x09AA, 0x0001, 0x2A8C, 0x0001, 0xC615, 0x0008, 0xFF99, 0x0001, 0xE6D7, 0x0001, 0x6C10,
  0x0001, 0x09CA, 0x0046, 0x09AA, 0x0001, 0x11CA, 0x0001, 0x63CF, 0x0001, 0xDED7, 0x0008, 0xFF99,
  0x0001, 0xC635, 0x0001, 0x32AC, 0x000B, 0x09AA, 0x0001, 0x0949, 0x0007, 0x0129, 0x0001, 0x116A,
  0x0001, 0xC5F5, 0x0005, 0xFF99, 0x0001, 0xC615, 0x0001, 0x118A, 0x000C, 0x0129, 0x0001, 0x5B6F,
  0x0002, 0xFF99, 0x0001, 0xFF78, 0x0001, 0x4269, 0x0037, 0x00C5, 0x0001, 0x73AD, 0x0002, 0xFF99,
  0x0001, 0xF758, 0x0001, 0x326C, 0x000A, 0x0129, 0x0001, 0x116A, 0x0001, 0xC5F5, 0x0005, 0xFF99,
  0x0001, 0xC615, 0x0001, 0x118A, 0x0009, 0x0129, 0x0001, 0x0149, 0x0001, 0x098A, 0x000B, 0x09AA,
  0x0001, 0x7430, 0x0001, 0xF758, 0x0008, 0xFF99, 0x0001, 0xDEB7, 0x0001, 0x6BEF, 0x0001, 0x11CA,
  0x0042, 0x09AA, 0x0001, 0x11CA, 0x0001, 0x6BF0, 0x0001, 0xDED7, 0x0008, 0xFF99, 0x0001, 0xF738,
  0x0001, 0x7410, 0x000B, 0x09AA, 0x0001, 0x098A, 0x0001, 0x0149, 0x0009, 0x0129, 0x0001, 0x116A,
  0x0001, 0xC5F5, 0x0005, 0xFF99, 0x0001, 0xC615, 0x0001, 0x118A, 0x000A, 0x0129, 0x0001, 0x3A6C,
  0x0001, 0xF758, 0x0002, 0xFF99, 0x0001, 0x6BAD, 0x0039, 0x00C5, 0x0001, 0xA511, 0x0002, 0xFF99,
  0x0001, 0xE6F7, 0x0001, 0x21EB, 0x0008, 0x0129, 0x0001, 0x116A, 0x0001, 0xC5F5, 0x0005, 0xFF99,
  0x0001, 0xC615, 0x0001, 0x118A, 0x000C, 0x0129, 0x0001, 0x0969, 0x000B, 0x09AA, 0x0001, 0x224B,
  0x0001, 0xAD74, 0x0009, 0xFF99, 0x0001, 0xE6F7, 0x0001, 0x7C71, 0x0001, 0x1A0B, 0x003E, 0x09AA,
  0x0001, 0x1A0B, 0x0001, 0x8471, 0x0001, 0xEEF7, 0x0009, 0xFF99, 0x0001, 0xA573, 0x0001, 0x224B,
  0x000B, 0x09AA, 0x0001, 0x0969, 0x000C, 0x0129, 0x0001, 0x116A, 0x0001, 0xC5F5, 0x0005, 0xFF99,
  0x0001, 0xC615, 0x0001, 0x118A, 0x0008, 0x0129, 0x0001, 0x21EA, 0x0001, 0xE6D7, 0x0002, 0xFF99,
  0x0001, 0xA532, 0x003A, 0x00C5, 0x0001, 0x1106, 0x0001, 0xCE35, 0x0002, 0xFF99, 0x0001, 0xD676,
  0x0001, 0x118A, 0x0006, 0x0129, 0x0001, 0x116A, 0x0001, 0xC5F5, 0x0005, 0xFF99, 0x0001, 0xC615,
  0x0001, 0x118A, 0x000E, 0x0129, 0x0001, 0x0969, 0x000C, 0x09AA, 0x0001, 0x430D, 0x0001, 0xCE56,
  0x0009, 0xFF99, 0x0001, 0xF758, 0x0001, 0xA553, 0x0001, 0x42ED, 0x003A, 0x09AA, 0x0001, 0x430D,
  0x0001, 0xA553, 0x0001, 0xF758, 0x0009, 0xFF99, 0x0001, 0xCE55, 0x0001, 0x42ED, 0x000C, 0x09AA,
  0x0001, 0x0969, 0x000E, 0x0129, 0x0001, 0x116A, 0x0001, 0xC5F5, 0x0005, 0xFF99, 0x0001, 0xC615,
  0x0001, 0x118A, 0x0006, 0x0129, 0x0001, 0x118A, 0x0001, 0xD676, 0x0002, 0xFF99, 0x0001, 0xCE34,
  0x0001, 0x1106, 0x003B, 0x00C5, 0x0001, 0x1967, 0x0001, 0xE6B6, 0x0002, 0xFF99, 0x0001, 0xC5F5,
  0x0001, 0x0949, 0x0004, 0x0129, 0x0001, 0x116A, 0x0001, 0xC5F5, 0x0005, 0xFF99, 0x0001, 0xC615,
  0x0001, 0x118A, 0x0010, 0x0129, 0x0001, 0x0149, 0x0001, 0x098A, 0x000C, 0x09AA, 0x0001, 0x63CF,
  0x0001, 0xDEB7, 0x000A, 0xFF99, 0x0001, 0xD696, 0x0001, 0x7C50, 0x0001, 0x224C, 0x0034, 0x09AA,
  0x0001, 0x2A4C, 0x0001, 0x7C51, 0x0001, 0xD696, 0x000A, 0xFF99, 0x0001, 0xDEB6, 0x0001, 0x63AF,
  0x000C, 0x09AA, 0x0001, 0x098A, 0x0001, 0x0149, 0x0010, 0x0129, 0x0001, 0x116A, 0x0001, 0xC5F5,
  0x0005, 0xFF99, 0x0001, 0xC615, 0x0001, 0x118A, 0x0004, 0x0129, 0x0001, 0x0949, 0x0001, 0xBDD4,
  0x0002, 0xFF99, 0x0001, 0xE6B6, 0x0001, 0x1967, 0x003D, 0x00C5, 0x0001, 0x31E8, 0x0001, 0xEF37,
  0x0002, 0xFF99, 0x0001, 0x9D13, 0x0003, 0x0129, 0x0001, 0x116A, 0x0001, 0xC5F5, 0x0005, 0xFF99,
  0x0001, 0xC615, 0x0001, 0x118A, 0x0013, 0x0129, 0x0001, 0x0969, 0x000C, 0x09AA, 0x0001, 0x09CA,
  0x0001, 0x6BEF, 0x0001, 0xE6D7, 0x000B, 0xFF99, 0x0001, 0xC635, 0x0001, 0x7430, 0x0001, 0x224C,
  0x002E, 0x09AA, 0x0001, 0x2A6C, 0x0001, 0x7430, 0x0001, 0xCE35, 0x000B, 0xFF99, 0x0001, 0xDED7,
  0x0001, 0x63CF, 0x000D, 0x09AA, 0x0001, 0x0969, 0x0013, 0x0129, 0x0001, 0x116A, 0x0001, 0xC5F5,
  0x0005, 0xFF99, 0x0001, 0xC615, 0x0001, 0x118A, 0x0003, 0x0129, 0x0001, 0xA533, 0x0002, 0xFF99,
  0x0001, 0xEF37, 0x0001, 0x29E8, 0x003F, 0x00C5, 0x0001, 0x428A, 0x0001, 0xFF58, 0x0002, 0xFF99,
  0x0001, 0x94D2, 0x0001, 0x0129, 0x0001, 0x116A, 0x0001, 0xC5F5, 0x0005, 0xFF99, 0x0001, 0xC615,
  0x0001, 0x118A, 0x0015, 0x0129, 0x0001, 0x0149, 0x0001, 0x098A, 0x000C, 0x09AA, 0x0001, 0x11CA,
  0x0001, 0x63CF, 0x0001, 0xD676, 0x000C, 0xFF99, 0x0001, 0xD696, 0x0001, 0x94F2, 0x0001, 0x4B2E,
  0x0001, 0x11EA, 0x0026, 0x09AA, 0x0001, 0x11EA, 0x0001, 0x4B4E, 0x0001, 0x94F2, 0x0001, 0xDE96,
  0x000C, 0xFF99, 0x0001, 0xD676, 0x0001, 0x63CF, 0x0001, 0x11CA, 0x000C, 0x09AA, 0x0001, 0x098A,
  0x0001, 0x0149, 0x0015, 0x0129, 0x0001, 0x116A, 0x0001, 0xC5F5, 0x0005, 0xFF99, 0x0001, 0xC615,
  0x0001, 0x118A, 0x0001, 0x0129, 0x0001, 0x8CB2, 0x0002, 0xFF99, 0x0001, 0xFF78, 0x0001, 0x4A8A,
  0x0041, 0x00C5, 0x0001, 0x634C, 0x0003, 0xFF99, 0x0001, 0x8C91, 0x0001, 0xC5F5, 0x0005, 0xFF99,
  0x0001, 0xC615, 0x0001, 0x118A, 0x0018, 0x0129, 0x0001, 0x0969, 0x000E, 0x09AA, 0x0001, 0x4B4E,
  0x0001, 0xBDF5, 0x000D, 0xFF99, 0x0001, 0xFF78, 0x0001, 0xCE55, 0x0001, 0x94F2, 0x0001, 0x5B8F,
  0x0001, 0x2A6C, 0x001E, 0x09AA, 0x0001, 0x2A6C, 0x0001, 0x5B8F, 0x0001, 0x94F2, 0x0001, 0xCE56,
  0x0001, 0xFF78, 0x000D, 0xFF99, 0x0001, 0xBDF5, 0x0001, 0x4B4E, 0x000E, 0x09AA, 0x0001, 0x0969,
  0x0018, 0x0129, 0x0001, 0x116A, 0x0001, 0xC5F5, 0x0005, 0xFF99, 0x0001, 0xC615, 0x0001, 0x8CB1,
  0x0002, 0xFF99, 0x0001, 0xFF78, 0x0001, 0x634C, 0x0043, 0x00C5, 0x0001, 0x6BAD, 0x0008, 0xFF99,
  0x0001, 0xC615, 0x0001, 0x116A, 0x001A, 0x0129, 0x0001, 0x0149, 0x0001, 0x098A, 0x000E, 0x09AA,
  0x0001, 0x2A8C, 0x0001, 0x8CD2, 0x0001, 0xEEF7, 0x000F, 0xFF99, 0x0001, 0xF738, 0x0001, 0xC635,
  0x0001, 0x9D33, 0x0001, 0x7450, 0x0001, 0x5B8F, 0x0001, 0x3ACD, 0x0001, 0x1A0B, 0x0010, 0x09AA,
  0x0001, 0x1A0B, 0x0001, 0x3ACD, 0x0001, 0x5B8F, 0x0001, 0x7450, 0x0001, 0x9D33, 0x0001, 0xC635,
  0x0001, 0xF738, 0x000F, 0xFF99, 0x0001, 0xE6F7, 0x0001, 0x8CD2, 0x0001, 0x2A6C, 0x000E, 0x09AA,
  0x0001, 0x0989, 0x0001, 0x0149, 0x001A, 0x0129, 0x0001, 0x116A, 0x0001, 0xC615, 0x0008, 0xFF99,
  0x0001, 0x73CE, 0x0045, 0x00C5, 0x0001, 0x7BEE, 0x0006, 0xFF99, 0x0001, 0xC615, 0x0001, 0x118A,
  0x001D, 0x0129, 0x0001, 0x0149, 0x0001, 0x098A, 0x000E, 0x09AA, 0x0001, 0x11CA, 0x0001, 0x5B8E,
  0x0001, 0xAD94, 0x0001, 0xF758, 0x0013, 0xFF99, 0x0001, 0xFF58, 0x0001, 0xE6F7, 0x0001, 0xD676,
  0x0001, 0xC615, 0x0001, 0xB5D4, 0x0002, 0xAD94, 0x0002, 0x9D33, 0x0002, 0xAD94, 0x0001, 0xB5D4,
  0x0001, 0xC615, 0x0001, 0xD676, 0x0001, 0xE6F7, 0x0001, 0xFF78, 0x0013, 0xFF99, 0x0001, 0xF758,
  0x0001, 0xAD94, 0x0001, 0x536E, 0x0001, 0x09CA, 0x000E, 0x09AA, 0x0001, 0x098A, 0x0001, 0x0949,
  0x001D, 0x0129, 0x0001, 0x116A, 0x0001, 0xC5F5, 0x0006, 0xFF99, 0x0001, 0x7BEE, 0x0047, 0x00C5,
  0x0001, 0x844F, 0x0004, 0xFF99, 0x0001, 0xC615, 0x0001, 0x118A, 0x0020, 0x0129, 0x0001, 0x0969,
  0x0010, 0x09AA, 0x0001, 0x11EA, 0x0001, 0x5BAF, 0x0001, 0xAD94, 0x0001, 0xF738, 0x0030, 0xFF99,
  0x0001, 0xF738, 0x0001, 0xAD94, 0x0001, 0x5B8F, 0x0001, 0x11EA, 0x0010, 0x09AA, 0x0001, 0x0969,
  0x0020, 0x0129, 0x0001, 0x116A, 0x0001, 0xC5F5, 0x0004, 0xFF99, 0x0001, 0x842F, 0x0049, 0x00C5,
  0x0001, 0x9490, 0x0003, 0xFF99, 0x0001, 0x8C91, 0x0023, 0x0129, 0x0001, 0x0969, 0x0011, 0x09AA,
  0x0001, 0x09CA, 0x0001, 0x430D, 0x0001, 0x8CD2, 0x0001, 0xCE76, 0x0001, 0xFF79, 0x0028, 0xFF99,
  0x0001, 0xFF79, 0x0001, 0xCE76, 0x0001, 0x8CB2, 0x0001, 0x430D, 0x0001, 0x09CA, 0x0011, 0x09AA,
  0x0001, 0x0969, 0x0023, 0x0129, 0x0001, 0x8C91, 0x0003, 0xFF99, 0x0001, 0x8C70, 0x004B, 0x00C5,
  0x0001, 0x7BEE, 0x0003, 0xFF99, 0x0001, 0x94F2, 0x0024, 0x0129, 0x0001, 0x0969, 0x0013, 0x09AA,
  0x0001, 0x19EB, 0x0001, 0x534E, 0x0001, 0x84B1, 0x0001, 0xC615, 0x0001, 0xF738, 0x0020, 0xFF99,
  0x0001, 0xEF38, 0x0001, 0xC615, 0x0001, 0x84B1, 0x0001, 0x4B4E, 0x0001, 0x19EB, 0x0013, 0x09AA,
  0x0001, 0x0969, 0x0024, 0x0129, 0x0001, 0x94B2, 0x0003, 0xFF99, 0x0001, 0x8C6F, 0x004D, 0x00C5,
  0x0001, 0x7BEE, 0x0003, 0xFF99, 0x0001, 0x9D13, 0x0001, 0x0949, 0x0024, 0x0129, 0x0001, 0x0969,
  0x0016, 0x09AA, 0x0001, 0x2A4C, 0x0001, 0x536E, 0x0001, 0x7C71, 0x0001, 0xA553, 0x0001, 0xC615,
  0x0001, 0xE6D7, 0x0001, 0xFF79, 0x0012, 0xFF99, 0x0001, 0xFF78, 0x0001, 0xE6D7, 0x0001, 0xC615,
  0x0001, 0xA553, 0x0001, 0x7C71, 0x0001, 0x536E, 0x0001, 0x224C, 0x0016, 0x09AA, 0x0001, 0x0969,
  0x0024, 0x0129, 0x0001, 0x0949, 0x0001, 0xA533, 0x0003, 0xFF99, 0x0001, 0x7BEE, 0x004F, 0x00C5,
  0x0001, 0x6B8D, 0x0001, 0xFF78, 0x0002, 0xFF99, 0x0001, 0xBDD4, 0x0001, 0x118A, 0x0025, 0x0129,
  0x0001, 0x0969, 0x0001, 0x098A, 0x0019, 0x09AA, 0x0001, 0x11CA, 0x0001, 0x2A4C, 0x0001, 0x3ACD,
  0x0001, 0x4B4E, 0x0001, 0x63AF, 0x0001, 0x7430, 0x0002, 0x7C71, 0x0001, 0x8CB2, 0x0002, 0x8CD2,
  0x0001, 0x8CB2, 0x0002, 0x7C71, 0x0001, 0x7430, 0x0001, 0x63AF, 0x0001, 0x4B4E, 0x0001, 0x3ACD,
  0x0001, 0x2A4C, 0x0001, 0x11CA, 0x0019, 0x09AA, 0x0001, 0x098A, 0x0001, 0x0949, 0x0025, 0x0129,
  0x0001, 0x118A, 0x0001, 0xBDB4, 0x0003, 0xFF99, 0x0001, 0x73AD, 0x0051, 0x00C5, 0x0001, 0x634C,
  0x0001, 0xFF78, 0x0002, 0xFF99, 0x0001, 0xD676, 0x0001, 0x21EB, 0x0026, 0x0129, 0x0001, 0x0149,
  0x0001, 0x0969, 0x0042, 0x09AA, 0x0001, 0x0969, 0x0001, 0x0149, 0x0026, 0x0129, 0x0001, 0x21EB,
  0x0001, 0xD676, 0x0002, 0xFF99, 0x0001, 0xFF78, 0x0001, 0x5B2C, 0x0053, 0x00C5, 0x0001, 0x4A8A,
  0x0001, 0xF737, 0x0002, 0xFF99, 0x0001, 0xE6F7, 0x0001, 0x326C, 0x0028, 0x0129, 0x0001, 0x0949,
  0x0001, 0x0989, 0x003C, 0x09AA, 0x0001, 0x098A, 0x0001, 0x0149, 0x0028, 0x0129, 0x0001, 0x3A6C,
  0x0001, 0xEEF7, 0x0002, 0xFF99, 0x0001, 0xEF17, 0x0001, 0x428A, 0x0055, 0x00C5, 0x0001, 0x31E8,
  0x0001, 0xE6B6, 0x0002, 0xFF99, 0x0001, 0xF758, 0x0001, 0x63AF, 0x002A, 0x0129, 0x0001, 0x0949,
  0x0001, 0x098A, 0x0036, 0x09AA, 0x0001, 0x0989, 0x0001, 0x0949, 0x002A, 0x0129, 0x0001, 0x5B6F,
  0x0001, 0xF758, 0x0002, 0xFF99, 0x0001, 0xDEB6, 0x0001, 0x29E8, 0x0057, 0x00C5, 0x0001, 0x1967,
  0x0001, 0xCE35, 0x0003, 0xFF99, 0x0001, 0x9D12, 0x0001, 0x0949, 0x002B, 0x0129, 0x0001, 0x0949,
  0x0001, 0x0969, 0x0001, 0x098A, 0x002E, 0x09AA, 0x0001, 0x098A, 0x0001, 0x0969, 0x0001, 0x0949,
  0x002B, 0x0129, 0x0001, 0x0949, 0x0001, 0x8C91, 0x0003, 0xFF99, 0x0001, 0xCE34, 0x0001, 0x1967,
  0x0059, 0x00C5, 0x0001, 0x1106, 0x0001, 0xA532, 0x0003, 0xFF99, 0x0001, 0xC615, 0x0001, 0x19CA,
  0x002E, 0x0129, 0x0001, 0x0149, 0x0001, 0x0969, 0x0001, 0x098A, 0x0026, 0x09AA, 0x0001, 0x098A,
  0x0001, 0x0969, 0x0001, 0x0149, 0x002E, 0x0129, 0x0001, 0x21EA, 0x0001, 0xC615, 0x0003, 0xFF99,
  0x0001, 0xA511, 0x0001, 0x1106, 0x005C, 0x00C5, 0x0001, 0x73AD, 0x0001, 0xFF78, 0x0002, 0xFF99,
  0x0001, 0xE6F7, 0x0001, 0x4AED, 0x0031, 0x0129, 0x0001, 0x0149, 0x0001, 0x0949, 0x0001, 0x0969,
  0x0001, 0x0989, 0x0001, 0x098A, 0x001A, 0x09AA, 0x0001, 0x098A, 0x0001, 0x0989, 0x0001, 0x0969,
  0x0002, 0x0149, 0x0031, 0x0129, 0x0001, 0x4AED, 0x0001, 0xEEF7, 0x0002, 0xFF99, 0x0001, 0xFF78,
  0x0001, 0x6BAD, 0x005F, 0x00C5, 0x0001, 0x4269, 0x0001, 0xE6F7, 0x0003, 0xFF99, 0x0001, 0x94D2,
  0x0001, 0x0969, 0x0036, 0x0129, 0x0002, 0x0149, 0x0004, 0x0969, 0x0001, 0x0989, 0x0008, 0x098A,
  0x0001, 0x0989, 0x0004, 0x0969, 0x0002, 0x0149, 0x0036, 0x0129, 0x0001, 0x0969, 0x0001, 0x8C91,
  0x0001, 0xFF79, 0x0002, 0xFF99, 0x0001, 0xE6D7, 0x0001, 0x3A49, 0x0061, 0x00C5, 0x0001, 0x1967,
  0x0001, 0xC5F4, 0x0003, 0xFF99, 0x0001, 0xD656, 0x0001, 0x2A4B, 0x0080, 0x0129, 0x0001, 0x324C,
  0x0001, 0xD676, 0x0003, 0xFF99, 0x0001, 0xBDD4, 0x0001, 0x1967, 0x0063, 0x00C5, 0x0001, 0x08E5,
  0x0001, 0x7C0E, 0x0001, 0xFF78, 0x0002, 0xFF99, 0x0001, 0xF758, 0x0001, 0x73F0, 0x0001, 0x0949,
  0x007C, 0x0129, 0x0001, 0x0949, 0x0001, 0x73F0, 0x0001, 0xF758, 0x0002, 0xFF99, 0x0001, 0xFF78,
  0x0001, 0x7BEE, 0x0001, 0x08E5, 0x0066, 0x00C5, 0x0001, 0x3A29, 0x0001, 0xDE96, 0x0003, 0xFF99,
  0x0001, 0xCE56, 0x0001, 0x326C, 0x007A, 0x0129, 0x0001, 0x324C, 0x0001, 0xCE35, 0x0003, 0xFF99,
  0x0001, 0xDE76, 0x0001, 0x3A29, 0x0069, 0x00C5, 0x0001, 0x1126, 0x0001, 0x9CF1, 0x0003, 0xFF99,
  0x0001, 0xFF78, 0x0001, 0x8471, 0x0001, 0x0969, 0x0076, 0x0129, 0x0001, 0x0969, 0x0001, 0x8471,
  0x0001, 0xFF78, 0x0003, 0xFF99, 0x0001, 0x9CD1, 0x0001, 0x1106, 0x006C, 0x00C5, 0x0001, 0x4AAA,
  0x0001, 0xDEB6, 0x0003, 0xFF99, 0x0001, 0xDE96, 0x0001, 0x4AED, 0x0074, 0x0129, 0x0001, 0x4AED,
  0x0001, 0xDE96, 0x0003, 0xFF99, 0x0001, 0xDEB6, 0x0001, 0x4A8A, 0x006F, 0x00C5, 0x0001, 0x1106,
  0x0001, 0x8C6F, 0x0001, 0xFF78, 0x0003, 0xFF99, 0x0001, 0xBDD4, 0x0001, 0x2A4B, 0x0070, 0x0129,
  0x0001, 0x2A0B, 0x0001, 0xAD73, 0x0003, 0xFF99, 0x0001, 0xFF78, 0x0001, 0x94B0, 0x0001, 0x1126,
  0x0072, 0x00C5, 0x0001, 0x3A29, 0x0001, 0xD655, 0x0003, 0xFF99, 0x0001, 0xFF78, 0x0001, 0x8C91,
  0x0001, 0x118A, 0x006C, 0x0129, 0x0001, 0x118A, 0x0001, 0x8CB2, 0x0001, 0xFF78, 0x0003, 0xFF99,
  0x0001, 0xCE35, 0x0001, 0x3A29, 0x0075, 0x00C5, 0x0001, 0x08E5, 0x0001, 0x6B8D, 0x0001, 0xEEF7,
  0x0003, 0xFF99, 0x0001, 0xEEF7, 0x0001, 0x73F0, 0x0001, 0x0969, 0x0068, 0x0129, 0x0001, 0x0969,
  0x0001, 0x7410, 0x0001, 0xEF17, 0x0003, 0xFF99, 0x0001, 0xEEF7, 0x0001, 0x6B6D, 0x0001, 0x08E5,
  0x0078, 0x00C5, 0x0001, 0x1126, 0x0001, 0x842F, 0x0001, 0xFF58, 0x0003, 0xFF99, 0x0001, 0xEEF7,
  0x0001, 0x7C30, 0x0001, 0x0969, 0x0064, 0x0129, 0x0001, 0x0949, 0x0001, 0x6BAF, 0x0001, 0xE6F7,
  0x0003, 0xFF99, 0x0001, 0xFF78, 0x0001, 0x94B0, 0x0001, 0x1126, 0x007C, 0x00C5, 0x0001, 0x29C8,
  0x0001, 0xB573, 0x0004, 0xFF99, 0x0001, 0xE6D7, 0x0001, 0x6BAF, 0x0001, 0x0969, 0x0060, 0x0129,
  0x0001, 0x0969, 0x0001, 0x6BCF, 0x0001, 0xE6D7, 0x0004, 0xFF99, 0x0001, 0xB572, 0x0001, 0x29C8,
  0x0080, 0x00C5, 0x0001, 0x3208, 0x0001, 0xAD52, 0x0004, 0xFF99, 0x0001, 0xEEF7, 0x0001, 0x8471,
  0x0001, 0x19AA, 0x005C, 0x0129, 0x0001, 0x118A, 0x0001, 0x73F0, 0x0001, 0xE6D7, 0x0004, 0xFF99,
  0x0001, 0xBDD3, 0x0001, 0x3A29, 0x0084, 0x00C5, 0x0001, 0x3A49, 0x0001, 0xBDD4, 0x0004, 0xFF99,
  0x0001, 0xF758, 0x0001, 0x94D2, 0x0001, 0x220B, 0x0058, 0x0129, 0x0001, 0x2A0B, 0x0001, 0x94F2,
  0x0001, 0xF758, 0x0004, 0xFF99, 0x0001, 0xBDD3, 0x0001, 0x3A49, 0x0088, 0x00C5, 0x0001, 0x426A,
  0x0001, 0xB593, 0x0001, 0xFF78, 0x0003, 0xFF99, 0x0001, 0xFF79, 0x0001, 0xBDD4, 0x0001, 0x534E,
  0x0001, 0x0949, 0x0052, 0x0129, 0x0001, 0x0949, 0x0001, 0x5B4E, 0x0001, 0xBDD4, 0x0001, 0xFF79,
  0x0003, 0xFF99, 0x0001, 0xFF78, 0x0001, 0xB573, 0x0001, 0x4269, 0x008C, 0x00C5, 0x0001, 0x29C8,
  0x0001, 0x94B0, 0x0001, 0xF758, 0x0004, 0xFF99, 0x0001, 0xEF38, 0x0001, 0x9D12, 0x0001, 0x324C,
  0x004E, 0x0129, 0x0001, 0x2A2B, 0x0001, 0x8C91, 0x0001, 0xEEF7, 0x0004, 0xFF99, 0x0001, 0xFF58,
  0x0001, 0xA511, 0x0001, 0x31E8, 0x0090, 0x00C5, 0x0001, 0x1967, 0x0001, 0x842F, 0x0001, 0xE6D7,
  0x0005, 0xFF99, 0x0001, 0xCE35, 0x0001, 0x7410, 0x0001, 0x21EB, 0x0048, 0x0129, 0x0001, 0x21EB,
  0x0001, 0x7410, 0x0001, 0xCE35, 0x0005, 0xFF99, 0x0001, 0xE6D7, 0x0001, 0x842F, 0x0001, 0x1966,
  0x0094, 0x00C5, 0x0001, 0x08E5, 0x0001, 0x52CB, 0x0001, 0xB573, 0x0001, 0xFF78, 0x0005, 0xFF99,
  0x0001, 0xC615, 0x0001, 0x73F0, 0x0001, 0x21EB, 0x0042, 0x0129, 0x0001, 0x21EB, 0x0001, 0x73F0,
  0x0001, 0xC615, 0x0005, 0xFF99, 0x0001, 0xFF78, 0x0001, 0xB573, 0x0001, 0x52CB, 0x0001, 0x08E5,
  0x0099, 0x00C5, 0x0001, 0x2187, 0x0001, 0x7C0E, 0x0001, 0xD676, 0x0006, 0xFF99, 0x0001, 0xD676,
  0x0001, 0x8CB1, 0x0001, 0x4AED, 0x0001, 0x0969, 0x003A, 0x0129, 0x0001, 0x0969, 0x0001, 0x4AED,
  0x0001, 0x94B2, 0x0001, 0xD676, 0x0006, 0xFF99, 0x0001, 0xD675, 0x0001, 0x7C0E, 0x0001, 0x1967,
  0x009F, 0x00C5, 0x0001, 0x3208, 0x0001, 0x844F, 0x0001, 0xDE96, 0x0006, 0xFF99, 0x0001, 0xF758,
  0x0001, 0xB5B4, 0x0001, 0x7C30, 0x0001, 0x42AD, 0x0001, 0x0969, 0x0032, 0x0129, 0x0001, 0x0969,
  0x0001, 0x42AD, 0x0001, 0x7C30, 0x0001, 0xB5B4, 0x0001, 0xF758, 0x0006, 0xFF99, 0x0001, 0xDE96,
  0x0001, 0x844F, 0x0001, 0x3208, 0x00A5, 0x00C5, 0x0001, 0x3A29, 0x0001, 0x8C4F, 0x0001, 0xCE55,
  0x0007, 0xFF99, 0x0001, 0xFF58, 0x0001, 0xC615, 0x0001, 0x8C91, 0x0001, 0x5B4E, 0x0001, 0x2A2B,
  0x0001, 0x0949, 0x0028, 0x0129, 0x0001, 0x0949, 0x0001, 0x2A2B, 0x0001, 0x5B4E, 0x0001, 0x8CB2,
  0x0001, 0xC615, 0x0001, 0xFF78, 0x0007, 0xFF99, 0x0001, 0xCE35, 0x0001, 0x8C4F, 0x0001, 0x3209,
  0x00AB, 0x00C5, 0x0001, 0x1967, 0x0001, 0x634C, 0x0001, 0xAD52, 0x0001, 0xEF17, 0x0008, 0xFF99,
  0x0001, 0xF758, 0x0001, 0xCE55, 0x0001, 0x9D13, 0x0001, 0x7410, 0x0001, 0x532E, 0x0001, 0x324C,
  0x0001, 0x116A, 0x001C, 0x0129, 0x0001, 0x118A, 0x0001, 0x324C, 0x0001, 0x532E, 0x0001, 0x7410,
  0x0001, 0xA513, 0x0001, 0xCE56, 0x0001, 0xF758, 0x0008, 0xFF99, 0x0001, 0xEF17, 0x0001, 0xAD32,
  0x0001, 0x634C, 0x0001, 0x1967, 0x00B1, 0x00C5, 0x0001, 0x08E5, 0x0001, 0x3209, 0x0001, 0x73AD,
  0x0001, 0xAD32, 0x0001, 0xE6D7, 0x000B, 0xFF99, 0x0001, 0xEF17, 0x0001, 0xCE35, 0x0001, 0xB594,
  0x0001, 0x9CF2, 0x0001, 0x8471, 0x0001, 0x7410, 0x0001, 0x638F, 0x0001, 0x4B0D, 0x0001, 0x42CD,
  0x0002, 0x3A6C, 0x0001, 0x2A0B, 0x0001, 0x220B, 0x0002, 0x21EB, 0x0001, 0x220B, 0x0001, 0x2A0B,
  0x0002, 0x3A6C, 0x0001, 0x42CD, 0x0001, 0x4B0D, 0x0001, 0x638F, 0x0001, 0x7410, 0x0001, 0x8471,
  0x0001, 0x9CF2, 0x0001, 0xB594, 0x0001, 0xCE35, 0x0001, 0xEF17, 0x000B, 0xFF99, 0x0001, 0xE6D6,
  0x0001, 0xAD32, 0x0001, 0x73AD, 0x0001, 0x3208, 0x0001, 0x08E5, 0x00B9, 0x00C5, 0x0001, 0x2187,
  0x0001, 0x5B0C, 0x0001, 0x8C6F, 0x0001, 0xB593, 0x0001, 0xE6D6, 0x0028, 0xFF99, 0x0001, 0xE6B6,
  0x0001, 0xB593, 0x0001, 0x8C4F, 0x0001, 0x5B0C, 0x0001, 0x2187, 0x00C3, 0x00C5, 0x0001, 0x1126,
  0x0001, 0x426A, 0x0001, 0x6B8D, 0x0001, 0x8C6F, 0x0001, 0xAD52, 0x0001, 0xCE14, 0x0001, 0xEEF7,
  0x001A, 0xFF99, 0x0001, 0xEEF7, 0x0001, 0xCE14, 0x0001, 0xAD32, 0x0001, 0x8C6F, 0x0001, 0x6B8D,
  0x0001, 0x4269, 0x0001, 0x1126, 0x00CF, 0x00C5, 0x0001, 0x1106, 0x0001, 0x29C8, 0x0001, 0x3A49,
  0x0001, 0x52CB, 0x0001, 0x634C, 0x0001, 0x73CE, 0x0001, 0x8C4F, 0x0002, 0x9CD1, 0x0001, 0xA511,
  0x0002, 0xAD52, 0x0002, 0xBDB3, 0x0002, 0xAD52, 0x0001, 0xA511, 0x0002, 0x9CD1, 0x0001, 0x8C4F,
  0x0001, 0x73CE, 0x0001, 0x634C, 0x0001, 0x52CB, 0x0001, 0x3A49, 0x0001, 0x29C8, 0x0001, 0x1106,
  0x033B, 0x00C5,
};
const size_t kStartupRunWordCount = sizeof(kStartupRuns) / sizeof(kStartupRuns[0]);

const uint16_t kWordmarkStartupRuns[] PROGMEM = {
  0x0253, 0x00C5, 0x000A, 0x08C5, 0x00DB, 0x00C5, 0x0002, 0x08C5, 0x0008, 0x08E5, 0x0001, 0x08C5,
  0x000A, 0x00A4, 0x0001, 0x08C5, 0x0008, 0x08E5, 0x0002, 0x08C5, 0x00CA, 0x00C5, 0x0001, 0x08C5,
  0x0004, 0x08E5, 0x0001, 0x08C5, 0x0001, 0x00A5, 0x0001, 0x00A4, 0x0002, 0x0064, 0x0002, 0x0043,
  0x0001, 0x0063, 0x0002, 0x0084, 0x0001, 0x0064, 0x0001, 0x00A4, 0x000A, 0x1146, 0x0001, 0x00A4,
  0x0001, 0x0064, 0x0002, 0x0084, 0x0001, 0x0063, 0x0002, 0x0043, 0x0002, 0x0064, 0x0001, 0x00A4,
  0x0001, 0x00A5, 0x0001, 0x08C5, 0x0004, 0x08E5, 0x0001, 0x08C5, 0x00BF, 0x00C5, 0x0001, 0x08C5,
  0x0003, 0x08E5, 0x0001, 0x08C5, 0x0001, 0x00A5, 0x0001, 0x0084, 0x0001, 0x0064, 0x0001, 0x0043,
  0x0001, 0x0064, 0x0001, 0x0084, 0x0001, 0x1126, 0x0001, 0x2187, 0x0001, 0x428A, 0x0001, 0x4AAA,
  0x0001, 0x840F, 0x0001, 0x842F, 0x0001, 0x9490, 0x0001, 0xBDF4, 0x0001, 0xBDD4, 0x0001, 0xBDD3,
  0x0001, 0xCE35, 0x0001, 0xEF38, 0x0008, 0xEF17, 0x0001, 0xEF38, 0x0001, 0xCE35, 0x0001, 0xBDD3,
  0x0001, 0xBDD4, 0x0001, 0xBDF4, 0x0001, 0x9490, 0x0001, 0x842F, 0x0001, 0x840F, 0x0001, 0x4AAA,
  0x0001, 0x428A, 0x0001, 0x2187, 0x0001, 0x1126, 0x0001, 0x0084, 0x0001, 0x0064, 0x0001, 0x0043,
  0x0001, 0x0064, 0x0001, 0x0084, 0x0001, 0x00A5, 0x0001, 0x08C5, 0x0003, 0x08E5, 0x0001, 0x08C5,
  0x00B6, 0x00C5, 0x0001, 0x08C5, 0x0003, 0x08E5, 0x0001, 0x00C5, 0x0001, 0x0084, 0x0002, 0x0043,
  0x0001, 0x0084, 0x0001, 0x1126, 0x0001, 0x3A29, 0x0001, 0x530B, 0x0001, 0x842F, 0x0001, 0xAD52,
  0x0001, 0xC614, 0x0001, 0xEEF7, 0x0001, 0xF758, 0x0002, 0xFFD9, 0x0003, 0xFFFA, 0x0004, 0xFFDA,
  0x000A, 0xFFD9, 0x0004, 0xFFDA, 0x0003, 0xFFFA, 0x0002, 0xFFD9, 0x0001, 0xF758, 0x0001, 0xEEF7,
  0x0001, 0xC614, 0x0001, 0xAD52, 0x0001, 0x842F, 0x0001, 0x530B, 0x0001, 0x3A29, 0x0001, 0x1126,
  0x0001, 0x0084, 0x0002, 0x0043, 0x0001, 0x0084, 0x0001, 0x00C5, 0x0003, 0x08E5, 0x0001, 0x08C5,
  0x00AF, 0x00C5, 0x0001, 0x08C5, 0x0002, 0x08E5, 0x0001, 0x00C5, 0x0001, 0x0084, 0x0001, 0x0043,
  0x0001, 0x0064, 0x0001, 0x08C5, 0x0001, 0x29C8, 0x0001, 0x634C, 0x0001, 0x94B0, 0x0001, 0xC5F4,
  0x0001, 0xEEF7, 0x0001, 0xFF99, 0x0001, 0xFFDA, 0x0001, 0xFFFA, 0x0002, 0xFFDA, 0x0002, 0xFFB9,
  0x0003, 0xFFD9, 0x0001, 0xFFF9, 0x0001, 0xFFD9, 0x0002, 0xFFB9, 0x0001, 0xFFD9, 0x0001, 0xFF99,
  0x0001, 0xEF18, 0x0008, 0xEF38, 0x0001, 0xEF18, 0x0001, 0xFF99, 0x0001, 0xFFD9, 0x0002, 0xFFB9,
  0x0001, 0xFFD9, 0x0001, 0xFFF9, 0x0003, 0xFFD9, 0x0002, 0xFFB9, 0x0002, 0xFFDA, 0x0001, 0xFFFA,
  0x0001, 0xFFDA, 0x0001, 0xFF99, 0x0001, 0xEEF7, 0x0001, 0xC5F4, 0x0001, 0x94B0, 0x0001, 0x634C,
  0x0001, 0x29C8, 0x0001, 0x08C5, 0x0001, 0x0064, 0x0001, 0x0043, 0x0001, 0x0084, 0x0001, 0x00C5,
  0x0002, 0x08E5, 0x0001, 0x08C5, 0x00A9, 0x00C5, 0x0001, 0x08C5, 0x0002, 0x08E5, 0x0001, 0x00A4,
  0x0001, 0x0064, 0x0001, 0x0063, 0x0001, 0x08C5, 0x0001, 0x29E8, 0x0001, 0x73CE, 0x0001, 0xAD72,
  0x0001, 0xD676, 0x0001, 0xFF79, 0x0002, 0xFFFA, 0x0001, 0xFFDA, 0x0002, 0xFFB9, 0x0003, 0xFFD9,
  0x0001, 0xFFB9, 0x0001, 0xF758, 0x0001, 0xEF17, 0x0002, 0xC615, 0x0001, 0x94F2, 0x0001, 0x8491,
  0x0001, 0x7450, 0x0001, 0x430D, 0x0002, 0x4B2E, 0x0001, 0x3AED, 0x000A, 0x1A0B, 0x0001, 0x3AED,
  0x0002, 0x4B2E, 0x0001, 0x430D, 0x0001, 0x7450, 0x0001, 0x8491, 0x0001, 0x94F2, 0x0002, 0xC615,
  0x0001, 0xEF17, 0x0001, 0xF758, 0x0001, 0xFFB9, 0x0003, 0xFFD9, 0x0002, 0xFFB9, 0x0001, 0xFFDA,
  0x0002, 0xFFFA, 0x0001, 0xFF79, 0x0001, 0xD676, 0x0001, 0xAD72, 0x0001, 0x73CE, 0x0001, 0x29E8,
  0x0001, 0x08C5, 0x0001, 0x0063, 0x0001, 0x0064, 0x0001, 0x00A4, 0x0002, 0x08E5, 0x0001, 0x08C5,
  0x00A3, 0x00C5, 0x0001, 0x08C5, 0x0002, 0x08E5, 0x0001, 0x00A4, 0x0001, 0x0043, 0x0001, 0x0084,
  0x0001, 0x1946, 0x0001, 0x52CB, 0x0001, 0xA511, 0x0001, 0xD676, 0x0001, 0xFF79, 0x0001, 0xFFFA,
  0x0001, 0xFFDA, 0x0001, 0xFFD9, 0x0001, 0xFFB9, 0x0003, 0xFFD9, 0x0001, 0xF758, 0x0001, 0xD696,
  0x0001, 0xBDD4, 0x0001, 0x8CD2, 0x0001, 0x63CF, 0x0001, 0x430D, 0x0001, 0x2A4C, 0x0001, 0x11EB,
  0x0002, 0x0169, 0x0001, 0x0149, 0x0001, 0x0129, 0x0004, 0x0149, 0x0001, 0x0169, 0x000A, 0x018A,
  0x0001, 0x0169, 0x0004, 0x0149, 0x0001, 0x0129, 0x0001, 0x0149, 0x0002, 0x0169, 0x0001, 0x11EB,
  0x0001, 0x2A4C, 0x0001, 0x430D, 0x0001, 0x63CF, 0x0001, 0x8CD2, 0x0001, 0xBDD4, 0x0001, 0xD696,
  0x0001, 0xF758, 0x0003, 0xFFD9, 0x0001, 0xFFB9, 0x0001, 0xFFD9, 0x0001, 0xFFDA, 0x0001, 0xFFFA,
  0x0001, 0xFF79, 0x0001, 0xD676, 0x0001, 0xA511, 0x0001, 0x52CB, 0x0001, 0x1946, 0x0001, 0x0084,
  0x0001, 0x0043, 0x0001, 0x00A4, 0x0002, 0x08E5, 0x0001, 0x08C5, 0x009E, 0x00C5, 0x0002, 0x08E5,
  0x0001, 0x00A4, 0x0001, 0x0043, 0x0001, 0x0064, 0x0001, 0x2167, 0x0001, 0x634C, 0x0001, 0xB593,
  0x0001, 0xEF17, 0x0001, 0xFFD9, 0x0001, 0xFFFA, 0x0001, 0xFFD9, 0x0001, 0xFFB9, 0x0001, 0xFFD9,
  0x0001, 0xFFF9, 0x0001, 0xFFB9, 0x0001, 0xE6D7, 0x0001, 0xBDF5, 0x0001, 0x8491, 0x0001, 0x4B4E,
  0x0001, 0x224C, 0x0001, 0x09AA, 0x0001, 0x0149, 0x0001, 0x0129, 0x0002, 0x0149, 0x0001, 0x0189,
  0x0001, 0x098A, 0x0002, 0x09AA, 0x0003, 0x09CA, 0x0012, 0x09AA, 0x0003, 0x09CA, 0x0002, 0x09AA,
  0x0001, 0x098A, 0x0001, 0x0189, 0x0002, 0x0149, 0x0001, 0x0129, 0x0001, 0x0149, 0x0001, 0x09AA,
  0x0001, 0x224C, 0x0001, 0x4B4E, 0x0001, 0x8491, 0x0001, 0xBDF5, 0x0001, 0xE6D7, 0x0001, 0xFFB9,
  0x0001, 0xFFF9, 0x0001, 0xFFD9, 0x0001, 0xFFB9, 0x0001, 0xFFD9, 0x0001, 0xFFFA, 0x0001, 0xFFD9,
  0x0001, 0xEF17, 0x0001, 0xB593, 0x0001, 0x634C, 0x0001, 0x2167, 0x0001, 0x0064, 0x0001, 0x0043,
  0x0001, 0x00A4, 0x0002, 0x08E5, 0x0099, 0x00C5, 0x0001, 0x08C5, 0x0001, 0x08E5, 0x0001, 0x00C5,
  0x0001, 0x0064, 0x0001, 0x0043, 0x0001, 0x1946, 0x0001, 0x636C, 0x0001, 0xB593, 0x0001, 0xF738,
  0x0001, 0xFFFA, 0x0001, 0xFFDA, 0x0002, 0xFFB9, 0x0001, 0xFFD9, 0x0001, 0xFFB9, 0x0001, 0xE6F7,
  0x0001, 0xADB4, 0x0001, 0x7430, 0x0001, 0x3AED, 0x0001, 0x11CA, 0x0001, 0x0169, 0x0002, 0x0149,
  0x0001, 0x0189, 0x0002, 0x09AA, 0x0002, 0x09CA, 0x0022, 0x09AA, 0x0002, 0x09CA, 0x0002, 0x09AA,
  0x0001, 0x0189, 0x0002, 0x0149, 0x0001, 0x0169, 0x0001, 0x11CA, 0x0001, 0x3AED, 0x0001, 0x7430,
  0x0001, 0xADB4, 0x0001, 0xE6F7, 0x0001, 0xFFB9, 0x0001, 0xFFD9, 0x0002, 0xFFB9, 0x0001, 0xFFDA,
  0x0001, 0xFFFA, 0x0001, 0xF738, 0x0001, 0xB593, 0x0001, 0x636C, 0x0001, 0x1946, 0x0001, 0x0043,
  0x0001, 0x0064, 0x0001, 0x00C5, 0x0001, 0x08E5, 0x0001, 0x08C5, 0x0094, 0x00C5, 0x0002, 0x08E5,
  0x0001, 0x00A4, 0x0001, 0x0043, 0x0001, 0x00C5, 0x0001, 0x4A8A, 0x0001, 0x9D11, 0x0001, 0xEF17,
  0x0001, 0xFFFA, 0x0001, 0xFFDA, 0x0002, 0xFFB9, 0x0001, 0xFFFA, 0x0001, 0xFF79, 0x0001, 0xCE56,
  0x0001, 0x8CF2, 0x0001, 0x3AED, 0x0001, 0x11CA, 0x0002, 0x0149, 0x0001, 0x0169, 0x0001, 0x098A,
  0x0001, 0x09AA, 0x0001, 0x09CA, 0x002E, 0x09AA, 0x0001, 0x09CA, 0x0001, 0x09AA, 0x0001, 0x098A,
  0x0001, 0x0169, 0x0002, 0x0149, 0x0001, 0x11CA, 0x0001, 0x3AED, 0x0001, 0x8CF2, 0x0001, 0xCE56,
  0x0001, 0xFF79, 0x0001, 0xFFFA, 0x0002, 0xFFB9, 0x0001, 0xFFDA, 0x0001, 0xFFFA, 0x0001, 0xEF17,
  0x0001, 0x9D11, 0x0001, 0x4A8A, 0x0001, 0x00C5, 0x0001, 0x0043, 0x0001, 0x00A4, 0x0002, 0x08E5,
  0x0090, 0x00C5, 0x0002, 0x08E5, 0x0001, 0x0084, 0x0001, 0x0043, 0x0001, 0x1946, 0x0001, 0x73EE,
  0x0001, 0xD675, 0x0001, 0xFFD9, 0x0001, 0xFFFA, 0x0002, 0xFFB9, 0x0001, 0xFFFA, 0x0001, 0xFF99,
  0x0001, 0xC635, 0x0001, 0x7C51, 0x0001, 0x2A8C, 0x0001, 0x0189, 0x0001, 0x0149, 0x0001, 0x0169,
  0x0001, 0x098A, 0x0001, 0x09AA, 0x0001, 0x09CA, 0x0036, 0x09AA, 0x0001, 0x09CA, 0x0001, 0x09AA,
  0x0001, 0x098A, 0x0001, 0x0169, 0x0001, 0x0149, 0x0001, 0x0189, 0x0001, 0x2A8C, 0x0001, 0x7C51,
  0x0001, 0xC635, 0x0001, 0xFF99, 0x0001, 0xFFFA, 0x0002, 0xFFB9, 0x0001, 0xFFFA, 0x0001, 0xFFD9,
  0x0001, 0xD675, 0x0001, 0x73EE, 0x0001, 0x1946, 0x0001, 0x0043, 0x0001, 0x0084, 0x0002, 0x08E5,
  0x008C, 0x00C5, 0x0002, 0x08E5, 0x0001, 0x0064, 0x0001, 0x0084, 0x0001, 0x31E8, 0x0001, 0x9CF1,
  0x0001, 0xEF17, 0x0001, 0xFFFA, 0x0002, 0xFFB9, 0x0001, 0xFFD9, 0x0001, 0xFFB9, 0x0001, 0xC655,
  0x0001, 0x7451, 0x0001, 0x2A8C, 0x0001, 0x0169, 0x0001, 0x0129, 0x0001, 0x0169, 0x0001, 0x09AA,
  0x0001, 0x09CA, 0x003E, 0x09AA, 0x0001, 0x09CA, 0x0001, 0x09AA, 0x0001, 0x0169, 0x0001, 0x0129,
  0x0001, 0x0169, 0x0001, 0x2A8C, 0x0001, 0x7451, 0x0001, 0xC655, 0x0001, 0xFFB9, 0x0001, 0xFFD9,
  0x0002, 0xFFB9, 0x0001, 0xFFFA, 0x0001, 0xEF17, 0x0001, 0x9CF1, 0x0001, 0x31E8, 0x0001, 0x0084,
  0x0001, 0x0064, 0x0002, 0x08E5, 0x0088, 0x00C5, 0x0002, 0x08E5, 0x0001, 0x0064, 0x0001, 0x0084,
  0x0001, 0x428A, 0x0001, 0xBDD4, 0x0001, 0xFF99, 0x0001, 0xFFFA, 0x0001, 0xFF99, 0x0001, 0xFFB9,
  0x0001, 0xFFD9, 0x0001, 0xE6F7, 0x0001, 0x8CF2, 0x0001, 0x3AED, 0x0001, 0x0189, 0x0001, 0x0129,
  0x0001, 0x0169, 0x0001, 0x09AA, 0x0001, 0x09CA, 0x0044, 0x09AA, 0x0001, 0x09CA, 0x0001, 0x09AA,
  0x0001, 0x0169, 0x0001, 0x0129, 0x0001, 0x0189, 0x0001, 0x3AED, 0x0001, 0x8CF2, 0x0001, 0xE6F7,
  0x0001, 0xFFD9, 0x0001, 0xFFB9, 0x0001, 0xFF99, 0x0001, 0xFFFA, 0x0001, 0xFF99, 0x0001, 0xBDD4,
  0x0001, 0x428A, 0x0001, 0x0084, 0x0001, 0x0064, 0x0002, 0x08E5, 0x0084, 0x00C5, 0x0002, 0x08E5,
  0x0001, 0x0064, 0x0001, 0x0084, 0x0001, 0x428A, 0x0001, 0xBDD4, 0x0002, 0xFFDA, 0x0001, 0xFF99,
  0x0001, 0xFFD9, 0x0001, 0xFFB9, 0x0001, 0xC656, 0x0001, 0x63EF, 0x0001, 0x11CA, 0x0001, 0x0149,
  0x0001, 0x0169, 0x0001, 0x09AA, 0x0001, 0x09CA, 0x004A, 0x09AA, 0x0001, 0x09CA, 0x0001, 0x09AA,
  0x0001, 0x0169, 0x0001, 0x0149, 0x0001, 0x11CA, 0x0001, 0x63EF, 0x0001, 0xC656, 0x0001, 0xFFB9,
  0x0001, 0xFFD9, 0x0001, 0xFF99, 0x0002, 0xFFDA, 0x0001, 0xBDD4, 0x0001, 0x428A, 0x0001, 0x0084,
  0x0001, 0x0064, 0x0002, 0x08E5, 0x0080, 0x00C5, 0x0002, 0x08E5, 0x0001, 0x0064, 0x0001, 0x0084,
  0x0001, 0x428A, 0x0001, 0xBDD4, 0x0002, 0xFFDA, 0x0001, 0xFF99, 0x0001, 0xFFFA, 0x0001, 0xFF99,
  0x0001, 0xA553, 0x0001, 0x3AED, 0x0001, 0x0189, 0x0001, 0x0149, 0x0001, 0x098A, 0x0001, 0x09CA,
  0x0050, 0x09AA, 0x0001, 0x09CA, 0x0001, 0x098A, 0x0001, 0x0149, 0x0001, 0x0189, 0x0001, 0x3AED,
  0x0001, 0xA553, 0x0001, 0xFF99, 0x0001, 0xFFFA, 0x0001, 0xFF99, 0x0002, 0xFFDA, 0x0001, 0xBDD4,
  0x0001, 0x428A, 0x0001, 0x0084, 0x0001, 0x0064, 0x0002, 0x08E5, 0x007C, 0x00C5, 0x0001, 0x08C5,
  0x0001, 0x08E5, 0x0002, 0x0084, 0x0001, 0x428A, 0x0001, 0xBDD4, 0x0002, 0xFFDA, 0x0001, 0xFF99,
  0x0001, 0xFFFA, 0x0001, 0xEF18, 0x0001, 0x8CF2, 0x0001, 0x328C, 0x0001, 0x0149, 0x0001, 0x0169,
  0x0001, 0x09AA, 0x0001, 0x09CA, 0x0054, 0x09AA, 0x0001, 0x09CA, 0x0001, 0x09AA, 0x0001, 0x0169,
  0x0001, 0x0149, 0x0001, 0x328C, 0x0001, 0x8CF2, 0x0001, 0xEF18, 0x0001, 0xFFFA, 0x0001, 0xFF99,
  0x0002, 0xFFDA, 0x0001, 0xBDD4, 0x0001, 0x428A, 0x0002, 0x0084, 0x0001, 0x08E5, 0x0001, 0x08C5,
  0x0079, 0x00C5, 0x0001, 0x08E5, 0x0001, 0x00A4, 0x0001, 0x0063, 0x0001, 0x29C8, 0x0001, 0xB5B3,
  0x0001, 0xFFDA, 0x0001, 0xFFD9, 0x0001, 0xFF99, 0x0001, 0xFFFA, 0x0001, 0xEF38, 0x0001, 0x8491,
  0x0001, 0x1A0B, 0x0001, 0x0129, 0x0001, 0x0169, 0x0001, 0x09CA, 0x005A, 0x09AA, 0x0001, 0x09CA,
  0x0001, 0x0169, 0x0001, 0x0129, 0x0001, 0x1A0B, 0x0001, 0x8491, 0x0001, 0xEF38, 0x0001, 0xFFFA,
  0x0001, 0xFF99, 0x0001, 0xFFD9, 0x0001, 0xFFDA, 0x0001, 0xB5B3, 0x0001, 0x29C8, 0x0001, 0x0063,
  0x0001, 0x00A4, 0x0001, 0x08E5, 0x0076, 0x00C5, 0x0002, 0x08E5, 0x0001, 0x0043, 0x0001, 0x1926,
  0x0001, 0x94B0, 0x0001, 0xFF99, 0x0001, 0xFFDA, 0x0001, 0xFF78, 0x0001, 0xFFFA, 0x0001, 0xEF38,
  0x0001, 0x8491, 0x0001, 0x1A0B, 0x0001, 0x0129, 0x0001, 0x018A, 0x0001, 0x09CA, 0x005E, 0x09AA,
  0x0001, 0x09CA, 0x0001, 0x018A, 0x0001, 0x0129, 0x0001, 0x1A0B, 0x0001, 0x8491, 0x0001, 0xEF38,
  0x0001, 0xFFFA, 0x0001, 0xFF78, 0x0001, 0xFFDA, 0x0001, 0xFF99, 0x0001, 0x94B0, 0x0001, 0x1926,
  0x0001, 0x0043, 0x0002, 0x08E5, 0x0072, 0x00C5, 0x0001, 0x08C5, 0x0001, 0x08E5, 0x0002, 0x0084,
  0x0001, 0x634C, 0x0001, 0xE6F7, 0x0001, 0xFFFA, 0x0001, 0xFF79, 0x0001, 0xFFD9, 0x0001, 0xFF99,
  0x0001, 0xA553, 0x0001, 0x222B, 0x0001, 0x0129, 0x0001, 0x018A, 0x0001, 0x09CA, 0x0062, 0x09AA,
  0x0001, 0x09CA, 0x0001, 0x018A, 0x0001, 0x0129, 0x0001, 0x222B, 0x0001, 0xA553, 0x0001, 0xFF99,
  0x0001, 0xFFD9, 0x0001, 0xFF79, 0x0001, 0xFFFA, 0x0001, 0xE6F7, 0x0001, 0x634C, 0x0002, 0x0084,
  0x0001, 0x08E5, 0x0001, 0x08C5, 0x006F, 0x00C5, 0x0001, 0x08E5, 0x0001, 0x00C5, 0x0001, 0x0043,
  0x0001, 0x3A09, 0x0001, 0xBDF4, 0x0001, 0xFFFA, 0x0001, 0xFF99, 0x0001, 0xFFB9, 0x0001, 0xFFD9,
  0x0001, 0xBDF5, 0x0001, 0x328C, 0x0001, 0x0149, 0x0001, 0x018A, 0x0001, 0x09CA, 0x0066, 0x09AA,
  0x0001, 0x09CA, 0x0001, 0x018A, 0x0001, 0x0149, 0x0001, 0x328C, 0x0001, 0xBDF5, 0x0001, 0xFFD9,
  0x0001, 0xFFB9, 0x0001, 0xFF99, 0x0001, 0xFFFA, 0x0001, 0xBDF4, 0x0001, 0x3A09, 0x0001, 0x0043,
  0x0001, 0x00C5, 0x0001, 0x08E5, 0x006C, 0x00C5, 0x0001, 0x08C5, 0x0001, 0x08E5, 0x0001, 0x0084,
  0x0001, 0x00A5, 0x0001, 0x842F, 0x0001, 0xFFB9, 0x0001, 0xFFDA, 0x0001, 0xFF78, 0x0001, 0xFFFA,
  0x0001, 0xD6B6, 0x0001, 0x4B4E, 0x0002, 0x0169, 0x0001, 0x09CA, 0x006A, 0x09AA, 0x0001, 0x09CA,
  0x0002, 0x0169, 0x0001, 0x4B4E, 0x0001, 0xD6B6, 0x0001, 0xFFFA, 0x0001, 0xFF78, 0x0001, 0xFFDA,
  0x0001, 0xFFB9, 0x0001, 0x842F, 0x0001, 0x00A5, 0x0001, 0x0084, 0x0001, 0x08E5, 0x0001, 0x08C5,
  0x0069, 0x00C5, 0x0001, 0x08E5, 0x0001, 0x00C5, 0x0001, 0x0043, 0x0001, 0x3A09, 0x0001, 0xCE55,
  0x0001, 0xFFFA, 0x0001, 0xFF78, 0x0001, 0xFFD9, 0x0001, 0xF778, 0x0001, 0x7C71, 0x0001, 0x09AA,
  0x0001, 0x0149, 0x0070, 0x09AA, 0x0001, 0x0149, 0x0001, 0x09AA, 0x0001, 0x7C71, 0x0001, 0xF778,
  0x0001, 0xFFD9, 0x0001, 0xFF78, 0x0001, 0xFFFA, 0x0001, 0xCE55, 0x0001, 0x3A09, 0x0001, 0x0043,
  0x0001, 0x00C5, 0x0001, 0x08E5, 0x0067, 0x00C5, 0x0001, 0x08E5, 0x0001, 0x0084, 0x0001, 0x00A5,
  0x0001, 0x842F, 0x0001, 0xFFB9, 0x0001, 0xFFD9, 0x0001, 0xFF99, 0x0001, 0xFFFA, 0x0001, 0xBE15,
  0x0001, 0x2A6C, 0x0001, 0x0129, 0x0001, 0x09AA, 0x0001, 0x09CA, 0x0070, 0x09AA, 0x0001, 0x09CA,
  0x0001, 0x09AA, 0x0001, 0x0129, 0x0001, 0x2A6C, 0x0001, 0xBE15, 0x0001, 0xFFFA, 0x0001, 0xFF99,
  0x0001, 0xFFD9, 0x0001, 0xFFB9, 0x0001, 0x842F, 0x0001, 0x00A5, 0x0001, 0x0084, 0x0001, 0x08E5,
  0x0064, 0x00C5, 0x0001, 0x08C5, 0x0001, 0x08E5, 0x0001, 0x0043, 0x0001, 0x2987, 0x0001, 0xC635,
  0x0001, 0xFFFA, 0x0001, 0xFF78, 0x0001, 0xFFD9, 0x0001, 0xE718, 0x0001, 0x63CF, 0x0002, 0x0169,
  0x0001, 0x11CA, 0x0074, 0x09AA, 0x0001, 0x11CA, 0x0002, 0x0169, 0x0001, 0x63CF, 0x0001, 0xE718,
  0x0001, 0xFFD9, 0x0001, 0xFF78, 0x0001, 0xFFFA, 0x0001, 0xC635, 0x0001, 0x2987, 0x0001, 0x0043,
  0x0001, 0x08E5, 0x0001, 0x08C5, 0x0061, 0x00C5, 0x0001, 0x08E5, 0x0001, 0x00C5, 0x0001, 0x0043,
  0x0001, 0x5AEB, 0x0001, 0xEF58, 0x0001, 0xFFDA, 0x0001, 0xFF78, 0x0001, 0xFFFA, 0x0001, 0xBDF5,
  0x0001, 0x1A0B, 0x0001, 0x0129, 0x007A, 0x09AA, 0x0001, 0x0129, 0x0001, 0x1A0B, 0x0001, 0xBDF5,
  0x0001, 0xFFFA, 0x0001, 0xFF78, 0x0001, 0xFFDA, 0x0001, 0xEF58, 0x0001, 0x5AEB, 0x0001, 0x0043,
  0x0001, 0x00C5, 0x0001, 0x08E5, 0x005F, 0x00C5, 0x0001, 0x08E5, 0x0001, 0x0084, 0x0001, 0x00A4,
  0x0001, 0x9490, 0x0001, 0xFFFA, 0x0001, 0xFF99, 0x0001, 0xFFB9, 0x0001, 0xF778, 0x0001, 0x7410,
  0x0001, 0x0169, 0x0001, 0x0189, 0x0001, 0x11CA, 0x007A, 0x09AA, 0x0001, 0x11CA, 0x0001, 0x0189,
  0x0001, 0x0169, 0x0001, 0x7410, 0x0001, 0xF778, 0x0001, 0xFFB9, 0x0001, 0xFF99, 0x0001, 0xFFFA,
  0x0001, 0x9490, 0x0001, 0x00A4, 0x0001, 0x0084, 0x0001, 0x08E5, 0x005D, 0x00C5, 0x0001, 0x08E5,
  0x0001, 0x0064, 0x0001, 0x2987, 0x0001, 0xC635, 0x0001, 0xFFFA, 0x0001, 0xFF78, 0x0001, 0xFFFA,
  0x0001, 0xD696, 0x0001, 0x32AC, 0x0001, 0x0129, 0x0080, 0x09AA, 0x0001, 0x0129, 0x0001, 0x32AC,
  0x0001, 0xD696, 0x0001, 0xFFFA, 0x0001, 0xFF78, 0x0001, 0xFFFA, 0x0001, 0xC635, 0x0001, 0x2987,
  0x0001, 0x0064, 0x0001, 0x08E5, 0x005A, 0x00C5, 0x0001, 0x08C5, 0x0001, 0x08E5, 0x0001, 0x0064,
  0x0001, 0x4A8A, 0x0001, 0xEF58, 0x0001, 0xFFDA, 0x0001, 0xFF78, 0x0001, 0xFFFA, 0x0001, 0x9D53,
  0x0001, 0x11AA, 0x0001, 0x0169, 0x0001, 0x11CA, 0x0080, 0x09AA, 0x0001, 0x11CA, 0x0001, 0x0169,
  0x0001, 0x11AA, 0x0001, 0x9D53, 0x0001, 0xFFFA, 0x0001, 0xFF78, 0x0001, 0xFFDA, 0x0001, 0xEF58,
  0x0001, 0x4A8A, 0x0001, 0x0064, 0x0001, 0x08E5, 0x0001, 0x08C5, 0x0057, 0x00C5, 0x0002, 0x08E5,
  0x0001, 0x0043, 0x0001, 0x6B8D, 0x0001, 0xFFFA, 0x0001, 0xFF99, 0x0001, 0xFFB9, 0x0001, 0xF779,
  0x0001, 0x63EF, 0x0001, 0x0149, 0x0001, 0x098A, 0x0001, 0x09CA, 0x0082, 0x09AA, 0x0001, 0x09CA,
  0x0001, 0x098A, 0x0001, 0x0149, 0x0001, 0x63EF, 0x0001, 0xF779, 0x0001, 0xFFB9, 0x0001, 0xFF99,
  0x0001, 0xFFFA, 0x0001, 0x6B8D, 0x0001, 0x0043, 0x0002, 0x08E5, 0x0055, 0x00C5, 0x0001, 0x08E5,
  0x0001, 0x00A4, 0x0001, 0x0064, 0x0001, 0x9CD1, 0x0001, 0xFFFA, 0x0001, 0xFF78, 0x0001, 0xFFD9,
  0x0001, 0xDEF7, 0x0001, 0x3ACD, 0x0001, 0x0129, 0x0001, 0x09CA, 0x0086, 0x09AA, 0x0001, 0x09CA,
  0x0001, 0x0129, 0x0001, 0x3ACD, 0x0001, 0xDEF7, 0x0001, 0xFFD9, 0x0001, 0xFF78, 0x0001, 0xFFFA,
  0x0001, 0x9CD1, 0x0001, 0x0064, 0x0001, 0x00A4, 0x0001, 0x08E5, 0x0053, 0x00C5, 0x0001, 0x08E5,
  0x0001, 0x00A4, 0x0001, 0x1105, 0x0001, 0xAD72, 0x0001, 0xFFFA, 0x0001, 0xFF78, 0x0001, 0xFFF9,
  0x0001, 0xBE15, 0x0001, 0x11EB, 0x0001, 0x0169, 0x0001, 0x11CA, 0x0088, 0x09AA, 0x0001, 0x11CA,
  0x0001, 0x0169, 0x0001, 0x11EB, 0x0001, 0xBE15, 0x0001, 0xFFF9, 0x0001, 0xFF78, 0x0001, 0xFFFA,
  0x0001, 0xAD72, 0x0001, 0x1105, 0x0001, 0x00A4, 0x0001, 0x08E5, 0x0051, 0x00C5, 0x0001, 0x08E5,
  0x0001, 0x0084, 0x0001, 0x1105, 0x0001, 0xCE55, 0x0001, 0xFFFA, 0x0001, 0xFF58, 0x0001, 0xFFFA,
  0x0001, 0x9D53, 0x0001, 0x0149, 0x0001, 0x018A, 0x0001, 0x09CA, 0x008A, 0x09AA, 0x0001, 0x09CA,
  0x0001, 0x018A, 0x0001, 0x0149, 0x0001, 0x9D53, 0x0001, 0xFFFA, 0x0001, 0xFF58, 0x0001, 0xFFFA,
  0x0001, 0xCE55, 0x0001, 0x1105, 0x0001, 0x0084, 0x0001, 0x08E5, 0x004F, 0x00C5, 0x0001, 0x08E5,
  0x0001, 0x0084, 0x0001, 0x1926, 0x0001, 0xCE55, 0x0001, 0xFFFA, 0x0001, 0xFF78, 0x0001, 0xFFD9,
  0x0001, 0x7450, 0x0001, 0x0169, 0x0090, 0x09AA, 0x0001, 0x0169, 0x0001, 0x7450, 0x0001, 0xFFD9,
  0x0001, 0xFF78, 0x0001, 0xFFFA, 0x0001, 0xCE55, 0x0001, 0x1926, 0x0001, 0x0084, 0x0001, 0x08E5,
  0x004D, 0x00C5, 0x0001, 0x08E5, 0x0001, 0x0064, 0x0001, 0x3A09, 0x0001, 0xE738, 0x0001, 0xFFD9,
  0x0001, 0xFF99, 0x0001, 0xFFB9, 0x0001, 0x6BF0, 0x0001, 0x0128, 0x0092, 0x09AA, 0x0001, 0x0128,
  0x0001, 0x6BF0, 0x0001, 0xFFB9, 0x0001, 0xFF99, 0x0001, 0xFFD9, 0x0001, 0xE738, 0x0001, 0x3A09,
  0x0001, 0x0064, 0x0001, 0x08E5, 0x004B, 0x00C5, 0x0001, 0x08E5, 0x0001, 0x0064, 0x0001, 0x3A08,
  0x0001, 0xEF58, 0x0001, 0xFFB9, 0x0001, 0xFF99, 0x0001, 0xEF58, 0x0001, 0x42ED, 0x0001, 0x0149,
  0x0001, 0x09CA, 0x0092, 0x09AA, 0x0001, 0x09CA, 0x0001, 0x0149, 0x0001, 0x42ED, 0x0001, 0xEF58,
  0x0001, 0xFF99, 0x0001, 0xFFB9, 0x0001, 0xEF58, 0x0001, 0x3A08, 0x0001, 0x0064, 0x0001, 0x08E5,
  0x0049, 0x00C5, 0x0001, 0x08E5, 0x0001, 0x0064, 0x0001, 0x3A08, 0x0001, 0xEF58, 0x0001, 0xFFB9,
  0x0001, 0xFF99, 0x0001, 0xEF58, 0x0001, 0x3ACD, 0x0001, 0x0149, 0x0001, 0x11CA, 0x0094, 0x09AA,
  0x0001, 0x11CA, 0x0001, 0x0149, 0x0001, 0x3ACD, 0x0001, 0xEF58, 0x0001, 0xFF99, 0x0001, 0xFFB9,
  0x0001, 0xEF58, 0x0001, 0x3A08, 0x0001, 0x0064, 0x0001, 0x08E5, 0x0047, 0x00C5, 0x0001, 0x08E5,
  0x0001, 0x0064, 0x0001, 0x3A08, 0x0001, 0xEF58, 0x0001, 0xFFB9, 0x0001, 0xFF99, 0x0001, 0xF758,
  0x0001, 0x3ACD, 0x0001, 0x0149, 0x0001, 0x11CA, 0x0096, 0x09AA, 0x0001, 0x11CA, 0x0001, 0x0149,
  0x0001, 0x3ACD, 0x0001, 0xF758, 0x0001, 0xFF99, 0x0001, 0xFFB9, 0x0001, 0xEF58, 0x0001, 0x3A08,
  0x0001, 0x0064, 0x0001, 0x08E5, 0x0045, 0x00C5, 0x0001, 0x08E5, 0x0001, 0x0084, 0x0001, 0x3A09,
  0x0001, 0xEF58, 0x0001, 0xFFB9, 0x0001, 0xFF99, 0x0001, 0xF758, 0x0001, 0x3ACD, 0x0001, 0x0149,
  0x0001, 0x11CA, 0x0098, 0x09AA, 0x0001, 0x11CA, 0x0001, 0x0149, 0x0001, 0x3ACD, 0x0001, 0xF758,
  0x0001, 0xFF99, 0x0001, 0xFFB9, 0x0001, 0xEF58, 0x0001, 0x3A09, 0x0001, 0x0084, 0x0001, 0x08E5,
  0x0043, 0x00C5, 0x0001, 0x08E5, 0x0001, 0x0084, 0x0001, 0x1926, 0x0001, 0xEF38, 0x0001, 0xFFB9,
  0x0001, 0xFF99, 0x0001, 0xF758, 0x0001, 0x3ACD, 0x0001, 0x0149, 0x0001, 0x11CA, 0x009A, 0x09AA,
  0x0001, 0x11CA, 0x0001, 0x0149, 0x0001, 0x3ACD, 0x0001, 0xF758, 0x0001, 0xFF99, 0x0001, 0xFFB9,
  0x0001, 0xEF38, 0x0001, 0x1926, 0x0001, 0x0084, 0x0001, 0x08E5, 0x0041, 0x00C5, 0x0001, 0x08E5,
  0x0001, 0x00A4, 0x0001, 0x1105, 0x0001, 0xCE55, 0x0001, 0xFFD9, 0x0001, 0xFF99, 0x0001, 0xEF58,
  0x0001, 0x3ACD, 0x0001, 0x0149, 0x0001, 0x11CA, 0x009C, 0x09AA, 0x0001, 0x11CA, 0x0001, 0x0149,
  0x0001, 0x3ACD, 0x0001, 0xEF58, 0x0001, 0xFF99, 0x0001, 0xFFD9, 0x0001, 0xCE55, 0x0001, 0x1105,
  0x0001, 0x00A4, 0x0001, 0x08E5, 0x003F, 0x00C5, 0x0001, 0x08E5, 0x0001, 0x00A4, 0x0001, 0x1105,
  0x0001, 0xCE55, 0x0001, 0xFFFA, 0x0001, 0xFF99, 0x0001, 0xEF58, 0x0001, 0x3ACD, 0x0001, 0x0149,
  0x0001, 0x11CA, 0x009E, 0x09AA, 0x0001, 0x11CA, 0x0001, 0x0149, 0x0001, 0x3ACD, 0x0001, 0xEF58,
  0x0001, 0xFF99, 0x0001, 0xFFFA, 0x0001, 0xCE55, 0x0001, 0x1105, 0x0001, 0x00A4, 0x0001, 0x08E5,
  0x003D, 0x00C5, 0x0001, 0x08C5, 0x0001, 0x08E5, 0x0001, 0x0064, 0x0001, 0xAD72, 0x0001, 0xFFFA,
  0x0001, 0xFF78, 0x0001, 0xFFB9, 0x0001, 0x42ED, 0x0001, 0x0149, 0x0001, 0x11CA, 0x00A0, 0x09AA,
  0x0001, 0x11CA, 0x0001, 0x0149, 0x0001, 0x42ED, 0x0001, 0xFFB9, 0x0001, 0xFF78, 0x0001, 0xFFFA,
  0x0001, 0xAD72, 0x0001, 0x0064, 0x0001, 0x08E5, 0x0001, 0x08C5, 0x003C, 0x00C5, 0x0001, 0x08E5,
  0x0001, 0x0043, 0x0001, 0x9CD1, 0x0001, 0xFFFA, 0x0001, 0xF758, 0x0001, 0xFFD9, 0x0001, 0x6BF0,
  0x0001, 0x0149, 0x0001, 0x11CA, 0x00A2, 0x09AA, 0x0001, 0x11CA, 0x0001, 0x0149, 0x0001, 0x6BF0,
  0x0001, 0xFFD9, 0x0001, 0xF758, 0x0001, 0xFFFA, 0x0001, 0x9CD1, 0x0001, 0x0043, 0x0001, 0x08E5,
  0x003B, 0x00C5, 0x0001, 0x08E5, 0x0001, 0x0064, 0x0001, 0x6B8D, 0x0001, 0xFFFA, 0x0001, 0xFF78,
  0x0001, 0xFFFA, 0x0001, 0x7450, 0x0001, 0x0129, 0x0001, 0x09CA, 0x00A4, 0x09AA, 0x0001, 0x09CA,
  0x0001, 0x0129, 0x0001, 0x7450, 0x0001, 0xFFFA, 0x0001, 0xFF78, 0x0001, 0xFFFA, 0x0001, 0x6B8D,
  0x0001, 0x0064, 0x0001, 0x08E5, 0x0039, 0x00C5, 0x0001, 0x08E5, 0x0001, 0x0064, 0x0001, 0x4A8A,
  0x0001, 0xFFFA, 0x0001, 0xFF78, 0x0001, 0xFFF9, 0x0001, 0x9D53, 0x0001, 0x0169, 0x00A8, 0x09AA,
  0x0001, 0x0169, 0x0001, 0x9D53, 0x0001, 0xFFF9, 0x0001, 0xFF78, 0x0001, 0xFFFA, 0x0001, 0x4A8A,
  0x0001, 0x0064, 0x0001, 0x08E5, 0x0037, 0x00C5, 0x0001, 0x08E5, 0x0001, 0x0084, 0x0001, 0x2187,
  0x0001, 0xEF58, 0x0001, 0xFF99, 0x0001, 0xFFD9, 0x0001, 0xBE15, 0x0001, 0x0149, 0x00AA, 0x09AA,
  0x0001, 0x0149, 0x0001, 0xBE15, 0x0001, 0xFFD9, 0x0001, 0xFF99, 0x0001, 0xEF58, 0x0001, 0x2187,
  0x0001, 0x0084, 0x0001, 0x08E5, 0x0035, 0x00C5, 0x0002, 0x08C5, 0x0001, 0x00A4, 0x0001, 0xCE35,
  0x0001, 0xFFDA, 0x0001, 0xFFB9, 0x0001, 0xE6F7, 0x0001, 0x11EB, 0x0001, 0x098A, 0x00AA, 0x09AA,
  0x0001, 0x098A, 0x0001, 0x11EB, 0x0001, 0xE6F7, 0x0001, 0xFFB9, 0x0001, 0xFFDA, 0x0001, 0xCE35,
  0x0001, 0x00A4, 0x0002, 0x08C5, 0x0034, 0x00C5, 0x0001, 0x08E5, 0x0001, 0x0043, 0x0001, 0x9490,
  0x0001, 0xFFFA, 0x0001, 0xFF78, 0x0001, 0xF779, 0x0001, 0x3ACD, 0x0001, 0x0169, 0x0001, 0x09CA,
  0x00AA, 0x09AA, 0x0001, 0x09CA, 0x0001, 0x0169, 0x0001, 0x3ACD, 0x0001, 0xF779, 0x0001, 0xFF78,
  0x0001, 0xFFFA, 0x0001, 0x9490, 0x0001, 0x0043, 0x0001, 0x08E5, 0x0033, 0x00C5, 0x0001, 0x08E5,
  0x0001, 0x0043, 0x0001, 0x5AEB, 0x0001, 0xFFFA, 0x0001, 0xFF78, 0x0001, 0xFFFA, 0x0001, 0x6BEF,
  0x0001, 0x0129, 0x0001, 0x11CA, 0x00AC, 0x09AA, 0x0001, 0x11CA, 0x0001, 0x0129, 0x0001, 0x6BEF,
  0x0001, 0xFFFA, 0x0001, 0xFF78, 0x0001, 0xFFFA, 0x0001, 0x5AEB, 0x0001, 0x0043, 0x0001, 0x08E5,
  0x0031, 0x00C5, 0x0001, 0x08E5, 0x0001, 0x0084, 0x0001, 0x2187, 0x0001, 0xEF58, 0x0001, 0xFF99,
  0x0001, 0xFFFA, 0x0001, 0xA553, 0x0001, 0x0149, 0x0001, 0x09CA, 0x00AE, 0x09AA, 0x0001, 0x09CA,
  0x0001, 0x0149, 0x0001, 0xA553, 0x0001, 0xFFFA, 0x0001, 0xFF99, 0x0001, 0xEF58, 0x0001, 0x2187,
  0x0001, 0x0084, 0x0001, 0x08E5, 0x002F, 0x00C5, 0x0002, 0x08C5, 0x0001, 0x00A5, 0x0001, 0xCE35,
  0x0001, 0xFFDA, 0x0001, 0xFFB9, 0x0001, 0xD696, 0x0001, 0x09AA, 0x0001, 0x098A, 0x00B0, 0x09AA,
  0x0001, 0x098A, 0x0001, 0x09AA, 0x0001, 0xD696, 0x0001, 0xFFB9, 0x0001, 0xFFDA, 0x0001, 0xCE35,
  0x0001, 0x00A5, 0x0002, 0x08C5, 0x002E, 0x00C5, 0x0001, 0x08E5, 0x0001, 0x0043, 0x0001, 0x842F,
  0x0001, 0xFFFA, 0x0001, 0xFF78, 0x0001, 0xF778, 0x0001, 0x32AC, 0x0001, 0x0169, 0x0001, 0x09CA,
  0x00B0, 0x09AA, 0x0001, 0x09CA, 0x0001, 0x0169, 0x0001, 0x32AC, 0x0001, 0xF778, 0x0001, 0xFF78,
  0x0001, 0xFFFA, 0x0001, 0x842F, 0x0001, 0x0043, 0x0001, 0x08E5, 0x002D, 0x00C5, 0x0001, 0x08E5,
  0x0001, 0x0084, 0x0001, 0x3209, 0x0001, 0xFFB9, 0x0001, 0xFF78, 0x0001, 0xFFFA, 0x0001, 0x7410,
  0x0001, 0x0129, 0x0001, 0x11CA, 0x00B2, 0x09AA, 0x0001, 0x11CA, 0x0001, 0x0129, 0x0001, 0x7410,
  0x0001, 0xFFFA, 0x0001, 0xFF78, 0x0001, 0xFFB9, 0x0001, 0x3209, 0x0001, 0x0084, 0x0001, 0x08E5,
  0x002B, 0x00C5, 0x0002, 0x08C5, 0x0001, 0x08A5, 0x0001, 0xCE55, 0x0001, 0xFFB9, 0x0001, 0xFFD9,
  0x0001, 0xBDF5, 0x0001, 0x0169, 0x00B6, 0x09AA, 0x0001, 0x0169, 0x0001, 0xBDF5, 0x0001, 0xFFD9,
  0x0001, 0xFFB9, 0x0001, 0xCE55, 0x0001, 0x08A5, 0x0002, 0x08C5, 0x002A, 0x00C5, 0x0001, 0x08E5,
  0x0001, 0x0043, 0x0001, 0x842F, 0x0001, 0xFFFA, 0x0001, 0xFF99, 0x0001, 0xEF18, 0x0001, 0x1A0B,
  0x0001, 0x0189, 0x00B6, 0x09AA, 0x0001, 0x0189, 0x0001, 0x1A0B, 0x0001, 0xEF18, 0x0001, 0xFF99,
  0x0001, 0xFFFA, 0x0001, 0x842F, 0x0001, 0x0043, 0x0001, 0x08E5, 0x0029, 0x00C5, 0x0001, 0x08E5,
  0x0001, 0x0084, 0x0001, 0x3229, 0x0001, 0xFFB9, 0x0001, 0xFF78, 0x0001, 0xFFFA, 0x0001, 0x63CF,
  0x0001, 0x0129, 0x0001, 0x09CA, 0x00B6, 0x09AA, 0x0001, 0x09CA, 0x0001, 0x0129, 0x0001, 0x63CF,
  0x0001, 0xFFFA, 0x0001, 0xFF78, 0x0001, 0xFFB9, 0x0001, 0x3229, 0x0001, 0x0084, 0x0001, 0x08E5,
  0x0028, 0x00C5, 0x0001, 0x08E5, 0x0001, 0x0084, 0x0001, 0xC5F4, 0x0001, 0xFFDA, 0x0001, 0xFFD9,
  0x0001, 0xBE15, 0x0001, 0x0169, 0x00BA, 0x09AA, 0x0001, 0x0169, 0x0001, 0xBE15, 0x0001, 0xFFD9,
  0x0001, 0xFFDA, 0x0001, 0xC5F4, 0x0001, 0x0084, 0x0001, 0x08E5, 0x0027, 0x00C5, 0x0001, 0x08E5,
  0x0001, 0x0043, 0x0001, 0x634C, 0x0001, 0xFFFA, 0x0001, 0xFF78, 0x0001, 0xF778, 0x0001, 0x2A6C,
  0x0001, 0x0169, 0x00BA, 0x09AA, 0x0001, 0x0169, 0x0001, 0x2A6C, 0x0001, 0xF778, 0x0001, 0xFF78,
  0x0001, 0xFFFA, 0x0001, 0x634C, 0x0001, 0x0043, 0x0001, 0x08E5, 0x0025, 0x00C5, 0x0001, 0x08C5,
  0x0001, 0x00A4, 0x0001, 0x1126, 0x0001, 0xEF17, 0x0001, 0xFF99, 0x0001, 0xFFFA, 0x0001, 0x8471,
  0x0001, 0x0129, 0x0001, 0x11CA, 0x00BA, 0x09AA, 0x0001, 0x11CA, 0x0001, 0x0129, 0x0001, 0x8471,
  0x0001, 0xFFFA, 0x0001, 0xFF99, 0x0001, 0xEF17, 0x0001, 0x1126, 0x0001, 0x00A4, 0x0001, 0x08C5,
  0x0024, 0x00C5, 0x0001, 0x08E5, 0x0001, 0x0064, 0x0001, 0x94B0, 0x0001, 0xFFFA, 0x0001, 0xFFB9,
  0x0001, 0xDEB6, 0x00C0, 0x09AA, 0x0001, 0xDEB6, 0x0001, 0xFFB9, 0x0001, 0xFFFA, 0x0001, 0x94B0,
  0x0001, 0x0064, 0x0001, 0x08E5, 0x0023, 0x00C5, 0x0001, 0x08E5, 0x0001, 0x0084, 0x0001, 0x29C8,
  0x0001, 0xFF99, 0x0001, 0xFF79, 0x0001, 0xFFD9, 0x0001, 0x4B4E, 0x0001, 0x0149, 0x0001, 0x09CA,
  0x00BC, 0x09AA, 0x0001, 0x09CA, 0x0001, 0x0149, 0x0001, 0x4B4E, 0x0001, 0xFFD9, 0x0001, 0xFF79,
  0x0001, 0xFF99, 0x0001, 0x29C8, 0x0001, 0x0084, 0x0001, 0x08E5, 0x0022, 0x00C5, 0x0001, 0x08E5,
  0x0001, 0x0084, 0x0001, 0xBDB3, 0x0001, 0xFFDA, 0x0001, 0xFFD9, 0x0001, 0xBDF5, 0x0001, 0x0169,
  0x00C0, 0x09AA, 0x0001, 0x0169, 0x0001, 0xBDF5, 0x0001, 0xFFD9, 0x0001, 0xFFDA, 0x0001, 0xBDB3,
  0x0001, 0x0084, 0x0001, 0x08E5, 0x0021, 0x00C5, 0x0001, 0x08E5, 0x0001, 0x0064, 0x0001, 0x428A,
  0x0001, 0xFFDA, 0x0001, 0xFF79, 0x0001, 0xFF99, 0x0001, 0x328C, 0x0001, 0x0169, 0x00C0, 0x09AA,
  0x0001, 0x0169, 0x0001, 0x328C, 0x0001, 0xFF99, 0x0001, 0xFF79, 0x0001, 0xFFDA, 0x0001, 0x428A,
  0x0001, 0x0064, 0x0001, 0x08E5, 0x0020, 0x00C5, 0x0001, 0x08E5, 0x0001, 0x0084, 0x0001, 0xC5D4,
  0x0001, 0xFFDA, 0x0001, 0xFFFA, 0x0001, 0xA553, 0x0001, 0x0149, 0x0001, 0x09CA, 0x00C0, 0x09AA,
  0x0001, 0x09CA, 0x0001, 0x0149, 0x0001, 0xA553, 0x0001, 0xFFFA, 0x0001, 0xFFDA, 0x0001, 0xC5D4,
  0x0001, 0x0084, 0x0001, 0x08E5, 0x001F, 0x00C5, 0x0001, 0x08E5, 0x0001, 0x0064, 0x0001, 0x428A,
  0x0001, 0xFFDA, 0x0001, 0xFF99, 0x0001, 0xEF38, 0x0001, 0x1A2B, 0x0001, 0x018A, 0x00C2, 0x09AA,
  0x0001, 0x018A, 0x0001, 0x1A2B, 0x0001, 0xEF38, 0x0001, 0xFF99, 0x0001, 0xFFDA, 0x0001, 0x428A,
  0x0001, 0x0064, 0x0001, 0x08E5, 0x001E, 0x00C5, 0x0001, 0x08E5, 0x0001, 0x0084, 0x0001, 0xC5D4,
  0x0001, 0xFFDA, 0x0001, 0xFFFA, 0x0001, 0x8491, 0x0001, 0x0129, 0x0001, 0x09CA, 0x00C2, 0x09AA,
  0x0001, 0x09CA, 0x0001, 0x0129, 0x0001, 0x8491, 0x0001, 0xFFFA, 0x0001, 0xFFDA, 0x0001, 0xC5D4,
  0x0001, 0x0084, 0x0001, 0x08E5, 0x001D, 0x00C5, 0x0001, 0x08E5, 0x0001, 0x0064, 0x0001, 0x428A,
  0x0001, 0xFFDA, 0x0001, 0xFF99, 0x0001, 0xEF38, 0x0001, 0x1A0B, 0x0001, 0x098A, 0x00C4, 0x09AA,
  0x0001, 0x098A, 0x0001, 0x1A0B, 0x0001, 0xEF38, 0x0001, 0xFF99, 0x0001, 0xFFDA, 0x0001, 0x428A,
  0x0001, 0x0064, 0x0001, 0x08E5, 0x001C, 0x00C5, 0x0001, 0x08E5, 0x0001, 0x0084, 0x0001, 0xC5D4,
  0x0001, 0xFFDA, 0x0001, 0xFFFA, 0x0001, 0x8491, 0x0001, 0x0129, 0x0001, 0x09CA, 0x00C4, 0x09AA,
  0x0001, 0x09CA, 0x0001, 0x0129, 0x0001, 0x8491, 0x0001, 0xFFFA, 0x0001, 0xFFDA, 0x0001, 0xC5D4,
  0x0001, 0x0084, 0x0001, 0x08E5, 0x001B, 0x00C5, 0x0001, 0x08E5, 0x0001, 0x0064, 0x0001, 0x428A,
  0x0001, 0xFFDA, 0x0001, 0xFF99, 0x0001, 0xEF18, 0x0001, 0x1A0B, 0x0001, 0x018A, 0x00C6, 0x09AA,
  0x0001, 0x018A, 0x0001, 0x1A0B, 0x0001, 0xEF18, 0x0001, 0xFF99, 0x0001, 0xFFDA, 0x0001, 0x428A,
  0x0001, 0x0064, 0x0001, 0x08E5, 0x001A, 0x00C5, 0x0001, 0x08E5, 0x0001, 0x0084, 0x0001, 0xC5D4,
  0x0001, 0xFFDA, 0x0001, 0xFFFA, 0x0001, 0x94F2, 0x0001, 0x0129, 0x0001, 0x09CA, 0x00C6, 0x09AA,
  0x0001, 0x09CA, 0x0001, 0x0129, 0x0001, 0x94F2, 0x0001, 0xFFFA, 0x0001, 0xFFDA, 0x0001, 0xC5D4,
  0x0001, 0x0084, 0x0001, 0x08E5, 0x0019, 0x00C5, 0x0001, 0x08E5, 0x0001, 0x0084, 0x0001, 0x31E8,
  0x0003, 0xFF99, 0x0001, 0x328C, 0x0001, 0x0169, 0x00C8, 0x09AA, 0x0001, 0x0169, 0x0001, 0x328C,
  0x0003, 0xFF99, 0x0001, 0x31E8, 0x0001, 0x0084, 0x0001, 0x08E5, 0x0018, 0x00C5, 0x0001, 0x08E5,
  0x0001, 0x0043, 0x0001, 0x9CF1, 0x0001, 0xFFFA, 0x0001, 0xFFD9, 0x0001, 0xA553, 0x0001, 0x0149,
  0x0001, 0x09CA, 0x00C8, 0x09AA, 0x0001, 0x09CA, 0x0001, 0x0149, 0x0001, 0xA553, 0x0001, 0xFFD9,
  0x0001, 0xFFFA, 0x0001, 0x9CF1, 0x0001, 0x0043, 0x0001, 0x08E5, 0x0017, 0x00C5, 0x0001, 0x08C5,
  0x0001, 0x00A4, 0x0001, 0x1946, 0x0001, 0xEF17, 0x0001, 0xFF99, 0x0001, 0xFFB9, 0x0001, 0x3AED,
  0x0001, 0x0169, 0x002C, 0x09AA, 0x000E, 0x09CA, 0x0090, 0x09AA, 0x0001, 0x0169, 0x0001, 0x3AED,
  0x0001, 0xFFB9, 0x0001, 0xFF99, 0x0001, 0xEF17, 0x0001, 0x1946, 0x0001, 0x00A4, 0x0001, 0x08C5,
  0x0016, 0x00C5, 0x0001, 0x08E5, 0x0001, 0x0043, 0x0001, 0x73EE, 0x0001, 0xFFFA, 0x0001, 0xFFB9,
  0x0001, 0xCE56, 0x0001, 0x0189, 0x002C, 0x09AA, 0x0001, 0x0169, 0x0001, 0x0129, 0x0001, 0x0149,
  0x000B, 0x0129, 0x0002, 0x0149, 0x0001, 0x0169, 0x0001, 0x018A, 0x0001, 0x09AA, 0x0001, 0x09CA,
  0x008C, 0x09AA, 0x0001, 0x0189, 0x0001, 0xCE56, 0x0001, 0xFFB9, 0x0001, 0xFFFA, 0x0001, 0x73EE,
  0x0001, 0x0043, 0x0001, 0x08E5, 0x0018, 0x00C5, 0x0001, 0xD675, 0x0001, 0xFFB9, 0x0001, 0xFFD9,
  0x0001, 0x63EF, 0x0001, 0x0149, 0x0001, 0x09CA, 0x002A, 0x09AA, 0x0001, 0x0189, 0x0001, 0x63AF,
  0x0001, 0x8CF2, 0x0001, 0x8CB1, 0x0009, 0x8CB2, 0x0001, 0x84B1, 0x0001, 0x7C71, 0x0001, 0x6C10,
  0x0001, 0x538F, 0x0001, 0x3ACD, 0x0001, 0x1A0B, 0x0001, 0x0169, 0x0001, 0x0149, 0x0001, 0x0189,
  0x0001, 0x09CA, 0x0089, 0x09AA, 0x0001, 0x09CA, 0x0001, 0x0149, 0x0001, 0x63EF, 0x0001, 0xFFD9,
  0x0001, 0xFFB9, 0x0001, 0xD675, 0x0017, 0x00C5, 0x0001, 0x08E5, 0x0001, 0x0064, 0x0001, 0x4A8A,
  0x0001, 0xFFD9, 0x0001, 0xFF99, 0x0001, 0xE6F7, 0x0001, 0x11CA, 0x0001, 0x098A, 0x002B, 0x09AA,
  0x0001, 0x0149, 0x0001, 0xBDF4, 0x0001, 0xFFFB, 0x000D, 0xFFFA, 0x0001, 0xFFD9, 0x0001, 0xFFB9,
  0x0001, 0xEF38, 0x0001, 0xC635, 0x0001, 0x7C71, 0x0001, 0x2A4C, 0x0001, 0x0149, 0x008A, 0x09AA,
  0x0001, 0x098A, 0x0001, 0x11CA, 0x0001, 0xE6F7, 0x0001, 0xFF99, 0x0001, 0xFFD9, 0x0001, 0x4A8A,
  0x0001, 0x0064, 0x0001, 0x08E5, 0x0014, 0x00C5, 0x0001, 0x08E5, 0x0001, 0x0043, 0x0001, 0xA511,
  0x0001, 0xFFFA, 0x0001, 0xFFD9, 0x0001, 0x94F2, 0x0001, 0x0149, 0x0001, 0x09CA, 0x002B, 0x09AA,
  0x0001, 0x0149, 0x0001, 0xAD94, 0x0001, 0xFFD9, 0x0001, 0xFF58, 0x000C, 0xFF78, 0x0001, 0xFF79,
  0x0001, 0xFF99, 0x0001, 0xFFB9, 0x0001, 0xFFD9, 0x0001, 0xFFFA, 0x0001, 0xF778, 0x0001, 0x8CD2,
  0x0001, 0x09AA, 0x0001, 0x018A, 0x0088, 0x09AA, 0x0001, 0x09CA, 0x0001, 0x0149, 0x0001, 0x94F2,
  0x0001, 0xFFD9, 0x0001, 0xFFFA, 0x0001, 0xA511, 0x0001, 0x0043, 0x0001, 0x08E5, 0x0013, 0x00C5,
  0x0001, 0x08C5, 0x0001, 0x00A4, 0x0001, 0x1946, 0x0001, 0xEF17, 0x0002, 0xFFB9, 0x0001, 0x42ED,
  0x0001, 0x0169, 0x002C, 0x09AA, 0x0001, 0x0149, 0x0001, 0xAD94, 0x0001, 0xFFFA, 0x0001, 0xFF78,
  0x000F, 0xFF99, 0x0001, 0xFF79, 0x0001, 0xFF78, 0x0001, 0xFF99, 0x0001, 0xFFFA, 0x0001, 0xC635,
  0x0001, 0x11CA, 0x0001, 0x098A, 0x0088, 0x09AA, 0x0001, 0x0169, 0x0001, 0x42ED, 0x0002, 0xFFB9,
  0x0001, 0xEF17, 0x0001, 0x1946, 0x0001, 0x00A4, 0x0001, 0x08C5, 0x0012, 0x00C5, 0x0001, 0x08E5,
  0x0001, 0x0043, 0x0001, 0x636C, 0x0001, 0xFFFA, 0x0001, 0xFFB9, 0x0001, 0xCE55, 0x0001, 0x0189,
  0x002D, 0x09AA, 0x0001, 0x0149, 0x0001, 0xAD94, 0x0001, 0xFFFA, 0x0001, 0xFF78, 0x000A, 0xFF99,
  0x0001, 0xFF79, 0x0001, 0xFF78, 0x0001, 0xFF79, 0x0005, 0xFF99, 0x0001, 0xFF78, 0x0001, 0xFFFA,
  0x0001, 0xAD94, 0x0001, 0x0169, 0x0089, 0x09AA, 0x0001, 0x0189, 0x0001, 0xCE55, 0x0001, 0xFFB9,
  0x0001, 0xFFFA, 0x0001, 0x636C, 0x0001, 0x0043, 0x0001, 0x08E5, 0x0012, 0x00C5, 0x0001, 0x08E5,
  0x0001, 0x0064, 0x0001, 0xB593, 0x0001, 0xFFDA, 0x0001, 0xFFFA, 0x0001, 0x7C51, 0x0001, 0x0129,
  0x0001, 0x09CA, 0x002C, 0x09AA, 0x0001, 0x0149, 0x0001, 0xAD94, 0x0001, 0xFFFA, 0x0001, 0xFF78,
  0x0005, 0xFF99, 0x0005, 0xFFB9, 0x0001, 0xFFD9, 0x0001, 0xFFFA, 0x0001, 0xFFB9, 0x0001, 0xFF79,
  0x0005, 0xFF99, 0x0001, 0xFF78, 0x0001, 0xFFD9, 0x0001, 0x430D, 0x0001, 0x0169, 0x0087, 0x09AA,
  0x0001, 0x09CA, 0x0001, 0x0129, 0x0001, 0x7C51, 0x0001, 0xFFFA, 0x0001, 0xFFDA, 0x0001, 0xB593,
  0x0001, 0x0064, 0x0001, 0x08E5, 0x0011, 0x00C5, 0x0001, 0x08C5, 0x0001, 0x00A4, 0x0001, 0x1967,
  0x0001, 0xF738, 0x0001, 0xFFB9, 0x0001, 0xFF99, 0x0001, 0x328C, 0x0001, 0x0169, 0x002D, 0x09AA,
  0x0001, 0x0149, 0x0001, 0xAD94, 0x0001, 0xFFFA, 0x0001, 0xFF78, 0x0002, 0xFF99, 0x0001, 0xFF79,
  0x0001, 0xFFD9, 0x0001, 0xC615, 0x0001, 0x32AC, 0x0001, 0x42ED, 0x0002, 0x3AED, 0x0001, 0x430D,
  0x0001, 0x5B8F, 0x0001, 0x8CB1, 0x0001, 0xDEB6, 0x0001, 0xFFD9, 0x0005, 0xFF99, 0x0001, 0xFF78,
  0x0001, 0xFFFA, 0x0001, 0x9D13, 0x0001, 0x0149, 0x0001, 0x09CA, 0x0005, 0x09AA, 0x0005, 0x09CA,
  0x0006, 0x09AA, 0x0001, 0x09CA, 0x0002, 0x09AA, 0x0001, 0x098A, 0x000D, 0x09AA, 0x0001, 0x09CA,
  0x0003, 0x09AA, 0x0001, 0x098A, 0x0003, 0x09AA, 0x0001, 0x09CA, 0x000A, 0x09AA, 0x0007, 0x09CA,
  0x0009, 0x09AA, 0x0008, 0x09CA, 0x0009, 0x09AA, 0x0007, 0x09CA, 0x002B, 0x09AA, 0x0001, 0x0169,
  0x0001, 0x328C, 0x0001, 0xFF99, 0x0001, 0xFFB9, 0x0001, 0xF738, 0x0001, 0x1967, 0x0001, 0x00A4,
  0x0001, 0x08C5, 0x0010, 0x00C5, 0x0001, 0x08E5, 0x0001, 0x0043, 0x0001, 0x634C, 0x0001, 0xFFFA,
  0x0001, 0xFFB9, 0x0001, 0xCE55, 0x0001, 0x0189, 0x002E, 0x09AA, 0x0001, 0x0149, 0x0001, 0xAD94,
  0x0001, 0xFFFA, 0x0001, 0xFF78, 0x0002, 0xFF99, 0x0001, 0xFF78, 0x0001, 0xFFFA, 0x0001, 0xAD94,
  0x0001, 0x0108, 0x0004, 0x0169, 0x0002, 0x0149, 0x0001, 0x098A, 0x0001, 0x9D53, 0x0001, 0xFFD9,
  0x0001, 0xFF79, 0x0003, 0xFF99, 0x0001, 0xFF79, 0x0001, 0xFFD9, 0x0001, 0xCE55, 0x0001, 0x0189,
  0x0005, 0x09AA, 0x0001, 0x018A, 0x0001, 0x0129, 0x0003, 0x0149, 0x0001, 0x0129, 0x0001, 0x0189,
  0x0003, 0x09AA, 0x0001, 0x09CA, 0x0001, 0x098A, 0x0001, 0x0149, 0x0001, 0x0169, 0x0001, 0x11CA,
  0x0001, 0x11EA, 0x0001, 0x09CA, 0x0001, 0x0169, 0x0001, 0x098A, 0x0009, 0x09AA, 0x0001, 0x0169,
  0x0002, 0x0149, 0x0001, 0x018A, 0x0001, 0x11CA, 0x0001, 0x11EA, 0x0001, 0x11CA, 0x0001, 0x018A,
  0x0002, 0x0149, 0x0001, 0x0169, 0x0009, 0x09AA, 0x0001, 0x0149, 0x0001, 0x0129, 0x0004, 0x0149,
  0x0001, 0x0129, 0x0001, 0x098A, 0x0008, 0x09AA, 0x0001, 0x0149, 0x0001, 0x0129, 0x0004, 0x0149,
  0x0001, 0x0129, 0x0001, 0x0149, 0x0001, 0x098A, 0x0008, 0x09AA, 0x0001, 0x0149, 0x0001, 0x0129,
  0x0003, 0x0149, 0x0001, 0x0129, 0x0001, 0x0149, 0x002C, 0x09AA, 0x0001, 0x0189, 0x0001, 0xCE55,
  0x0001, 0xFFB9, 0x0001, 0xFFFA, 0x0001, 0x634C, 0x0001, 0x0043, 0x0001, 0x08E5, 0x0010, 0x00C5,
  0x0001, 0x08E5, 0x0001, 0x0084, 0x0001, 0xB593, 0x0001, 0xFFDA, 0x0001, 0xFFFA, 0x0001, 0x7C51,
  0x0001, 0x0129, 0x0001, 0x09CA, 0x002D, 0x09AA, 0x0001, 0x0149, 0x0001, 0xAD94, 0x0001, 0xFFFA,
  0x0001, 0xFF78, 0x0002, 0xFF99, 0x0001, 0xFF78, 0x0001, 0xFFFA, 0x0001, 0xB5B4, 0x0001, 0x0169,
  0x0001, 0x11CA, 0x0004, 0x09AA, 0x0001, 0x11CA, 0x0001, 0x0189, 0x0001, 0x09AA, 0x0001, 0xE6D7,
  0x0001, 0xFFB9, 0x0004, 0xFF99, 0x0001, 0xFFB9, 0x0001, 0xDEB6, 0x0001, 0x11CA, 0x0004, 0x09AA,
  0x0001, 0x0189, 0x0001, 0x224C, 0x0001, 0x7C71, 0x0003, 0x7C51, 0x0001, 0x7C91, 0x0001, 0x2A8C,
  0x0001, 0x0189, 0x0002, 0x09AA, 0x0001, 0x0149, 0x0001, 0x11EA, 0x0001, 0x7430, 0x0001, 0xBDF5,
  0x0001, 0xDEB7, 0x0001, 0xE6D7, 0x0001, 0xDEB7, 0x0001, 0xC615, 0x0001, 0x222B, 0x0001, 0x018A,
  0x0005, 0x09AA, 0x0001, 0x09CA, 0x0001, 0x0169, 0x0001, 0x0149, 0x0001, 0x2A8C, 0x0001, 0x7430,
  0x0001, 0xAD94, 0x0001, 0xCE76, 0x0001, 0xDED7, 0x0001, 0xE6F7, 0x0001, 0xDEB7, 0x0001, 0xCE56,
  0x0001, 0xAD94, 0x0001, 0x7430, 0x0001, 0x2A8C, 0x0001, 0x0149, 0x0001, 0x0169, 0x0001, 0x09CA,
  0x0005, 0x09AA, 0x0001, 0x11CA, 0x0001, 0x7410, 0x0001, 0x7C71, 0x0005, 0x7C51, 0x0001, 0x1A0B,
  0x0001, 0x018A, 0x0007, 0x09AA, 0x0001, 0x6BF0, 0x0001, 0x7C71, 0x0004, 0x7C51, 0x0001, 0x7C71,
  0x0001, 0x7C50, 0x0001, 0x19EB, 0x0001, 0x098A, 0x0006, 0x09AA, 0x0001, 0x09CA, 0x0001, 0x7410,
  0x0001, 0x7C71, 0x0003, 0x7C51, 0x0001, 0x7C71, 0x0001, 0x7450, 0x0001, 0x11EB, 0x0001, 0x098A,
  0x0029, 0x09AA, 0x0001, 0x09CA, 0x0001, 0x0129, 0x0001, 0x7C51, 0x0001, 0xFFFA, 0x0001, 0xFFDA,
  0x0001, 0xB593, 0x0001, 0x0084, 0x0001, 0x08E5, 0x000F, 0x00C5, 0x0001, 0x08C5, 0x0001, 0x00A4,
  0x0001, 0x1146, 0x0001, 0xEF17, 0x0001, 0xFFB9, 0x0001, 0xFF79, 0x0001, 0x328C, 0x0001, 0x0169,
  0x002E, 0x09AA, 0x0001, 0x0149, 0x0001, 0xAD94, 0x0001, 0xFFFA, 0x0001, 0xFF78, 0x0002, 0xFF99,
  0x0001, 0xFF78, 0x0001, 0xFFFA, 0x0001, 0xAD94, 0x0001, 0x0149, 0x0006, 0x09AA, 0x0001, 0x09CA,
  0x0001, 0x0149, 0x0001, 0xAD74, 0x0001, 0xFFFA, 0x0001, 0xFF78, 0x0003, 0xFF99, 0x0001, 0xFFB9,
  0x0001, 0xDEB7, 0x0001, 0x11CA, 0x0004, 0x09AA, 0x0001, 0x0149, 0x0001, 0x4B4E, 0x0003, 0xFFFA,
  0x0001, 0xFFD9, 0x0001, 0xFFFB, 0x0001, 0x8CB1, 0x0001, 0x0129, 0x0001, 0x11CA, 0x0001, 0x0149,
  0x0001, 0x536E, 0x0001, 0xDEF7, 0x0001, 0xFFFA, 0x0001, 0xFFD9, 0x0002, 0xFFB9, 0x0001, 0xFFD9,
  0x0001, 0xFF78, 0x0001, 0x1A2B, 0x0001, 0x018A, 0x0005, 0x09AA, 0x0001, 0x0149, 0x0001, 0x32AC,
  0x0001, 0xADB4, 0x0001, 0xFF79, 0x0002, 0xFFFA, 0x0001, 0xFFD9, 0x0003, 0xFFB9, 0x0001, 0xFFD9,
  0x0002, 0xFFFA, 0x0001, 0xFF79, 0x0001, 0xADB4, 0x0001, 0x328C, 0x0001, 0x0149, 0x0005, 0x09AA,
  0x0001, 0x0169, 0x0001, 0xD676, 0x0001, 0xFFFB, 0x0004, 0xFFFA, 0x0001, 0xFFFB, 0x0001, 0x5BAF,
  0x0001, 0x0149, 0x0001, 0x09CA, 0x0004, 0x09AA, 0x0001, 0x0169, 0x0001, 0x2A6C, 0x0001, 0xFFB9,
  0x0007, 0xFFFA, 0x0001, 0x4B4E, 0x0001, 0x0149, 0x0005, 0x09AA, 0x0001, 0x0169, 0x0001, 0x32AD,
  0x0006, 0xFFFA, 0x0001, 0xE6D7, 0x002C, 0x09AA, 0x0001, 0x0169, 0x0001, 0x328C, 0x0001, 0xFF79,
  0x0001, 0xFFB9, 0x0001, 0xEF17, 0x0001, 0x1146, 0x0001, 0x00A4, 0x0001, 0x08C5, 0x000E, 0x00C5,
  0x0001, 0x08E5, 0x0001, 0x0064, 0x0001, 0x52CB, 0x0001, 0xFFDA, 0x0001, 0xFFB9, 0x0001, 0xCE56,
  0x0001, 0x0189, 0x002F, 0x09AA, 0x0001, 0x0149, 0x0001, 0xAD94, 0x0001, 0xFFFA, 0x0001, 0xFF78,
  0x0002, 0xFF99, 0x0001, 0xFF78, 0x0001, 0xFFFA, 0x0001, 0xAD94, 0x0001, 0x0149, 0x0007, 0x09AA,
  0x0001, 0x0149, 0x0001, 0xAD73, 0x0001, 0xFFFA, 0x0001, 0xFF78, 0x0002, 0xFF99, 0x0001, 0xFF79,
  0x0001, 0xFFD9, 0x0001, 0xCE55, 0x0001, 0x0189, 0x0004, 0x09AA, 0x0001, 0x0149, 0x0001, 0x4B2E,
  0x0001, 0xFFB9, 0x0003, 0xFF78, 0x0001, 0xFFD9, 0x0001, 0xBDF5, 0x0001, 0x0189, 0x0001, 0x0149,
  0x0001, 0x7C50, 0x0001, 0xFFFA, 0x0001, 0xFFB9, 0x0001, 0xFF78, 0x0001, 0xFF79, 0x0001, 0xFF99,
  0x0001, 0xFF78, 0x0001, 0xFFB9, 0x0001, 0xDEB6, 0x0001, 0x11CA, 0x0005, 0x09AA, 0x0001, 0x0149,
  0x0001, 0x7C50, 0x0001, 0xFF99, 0x0001, 0xFFFA, 0x0001, 0xFF99, 0x0002, 0xFF78, 0x0001, 0xFF79,
  0x0003, 0xFF99, 0x0001, 0xFF79, 0x0002, 0xFF78, 0x0001, 0xFF99, 0x0001, 0xFFFA, 0x0001, 0xF799,
  0x0001, 0x6BEF, 0x0001, 0x0149, 0x0003, 0x09AA, 0x0001, 0x09CA, 0x0001, 0x0129, 0x0001, 0x7C51,
  0x0001, 0xFFDA, 0x0001, 0xF758, 0x0002, 0xFF78, 0x0001, 0xF758, 0x0001, 0xFFD9, 0x0001, 0x9D33,
  0x0001, 0x0149, 0x0001, 0x09CA, 0x0003, 0x09AA, 0x0001, 0x09CA, 0x0001, 0x0149, 0x0001, 0x63AF,
  0x0001, 0xFFD9, 0x0005, 0xFF78, 0x0001, 0xF758, 0x0001, 0xFFFA, 0x0001, 0x84B1, 0x0001, 0x0149,
  0x0001, 0x09CA, 0x0003, 0x09AA, 0x0001, 0x09CA, 0x0001, 0x0149, 0x0001, 0x7430, 0x0001, 0xFFF9,
  0x0001, 0xF758, 0x0002, 0xFF78, 0x0001, 0xF758, 0x0001, 0xFFDA, 0x0001, 0x8CD2, 0x0001, 0x0129,
  0x0001, 0x09CA, 0x002B, 0x09AA, 0x0001, 0x0189, 0x0001, 0xCE56, 0x0001, 0xFFB9, 0x0001, 0xFFDA,
  0x0001, 0x52CB, 0x0001, 0x0064, 0x0001, 0x08E5, 0x000E, 0x00C5, 0x0001, 0x08E5, 0x0001, 0x0064,
  0x0001, 0xA511, 0x0001, 0xFFFA, 0x0001, 0xFFD9, 0x0001, 0x94F2, 0x0001, 0x0149, 0x0001, 0x09CA,
  0x002E, 0x09AA, 0x0001, 0x0149, 0x0001, 0xAD94, 0x0001, 0xFFFA, 0x0001, 0xFF78, 0x0002, 0xFF99,
  0x0001, 0xFF78, 0x0001, 0xFFFA, 0x0001, 0xAD94, 0x0001, 0x0149, 0x0007, 0x09AA, 0x0001, 0x018A,
  0x0001, 0xD696, 0x0001, 0xFFD9, 0x0003, 0xFF99, 0x0001, 0xFF78, 0x0001, 0xFFFA, 0x0001, 0x9D33,
  0x0001, 0x0149, 0x0001, 0x09CA, 0x0003, 0x09AA, 0x0001, 0x0149, 0x0001, 0x4B2E, 0x0001, 0xFFD9,
  0x0001, 0xFF79, 0x0002, 0xFF99, 0x0001, 0xFFB9, 0x0001, 0xEF38, 0x0001, 0x018A, 0x0001, 0x5BAF,
  0x0001, 0xFFFA, 0x0001, 0xFF99, 0x0001, 0xFF79, 0x0003, 0xFF99, 0x0001, 0xFF79, 0x0001, 0xFFD9,
  0x0001, 0xCE35, 0x0001, 0x0189, 0x0004, 0x09AA, 0x0001, 0x0149, 0x0001, 0x8CD2, 0x0001, 0xFFFA,
  0x0001, 0xFF99, 0x0001, 0xFF78, 0x0003, 0xFF99, 0x0001, 0xFF78, 0x0001, 0xFF79, 0x0001, 0xFF99,
  0x0001, 0xFF79, 0x0001, 0xFF78, 0x0003, 0xFF99, 0x0001, 0xFF78, 0x0001, 0xFF99, 0x0001, 0xFFFA,
  0x0001, 0x7410, 0x0001, 0x0149, 0x0001, 0x09CA, 0x0002, 0x09AA, 0x0001, 0x0169, 0x0001, 0x3ACD,
  0x0001, 0xFFB9, 0x0003, 0xFF99, 0x0001, 0xFF79, 0x0001, 0xFFD9, 0x0001, 0xD696, 0x0005, 0x09AA,
  0x0001, 0x09CA, 0x0001, 0x0149, 0x0001, 0x9D33, 0x0001, 0xFFFA, 0x0001, 0xFF78, 0x0004, 0xFF99,
  0x0001, 0xFF79, 0x0001, 0xFFD9, 0x0001, 0xBE15, 0x0001, 0x0169, 0x0005, 0x09AA, 0x0001, 0x0149,
  0x0001, 0xB5B4, 0x0001, 0xFFFA, 0x0001, 0xFF78, 0x0003, 0xFF99, 0x0001, 0xFFD9, 0x0001, 0x4B2E,
  0x0001, 0x0149, 0x002B, 0x09AA, 0x0001, 0x09CA, 0x0001, 0x0149, 0x0001, 0x94F2, 0x0001, 0xFFD9,
  0x0001, 0xFFFA, 0x0001, 0xA511, 0x0001, 0x0064, 0x0001, 0x08E5, 0x000F, 0x00C5, 0x0001, 0x08C5,
  0x0001, 0xDE96, 0x0001, 0xFFD9, 0x0001, 0xFFB9, 0x0001, 0x42ED, 0x0001, 0x0169, 0x002F, 0x09AA,
  0x0001, 0x0149, 0x0001, 0xAD94, 0x0001, 0xFFFA, 0x0001, 0xFF78, 0x0002, 0xFF99, 0x0001, 0xFF78,
  0x0001, 0xFFFA, 0x0001, 0xAD94, 0x0001, 0x0169, 0x0001, 0x09CA, 0x0004, 0x09AA, 0x0001, 0x0189,
  0x0001, 0x0108, 0x0001, 0x6BF0, 0x0001, 0xFFD9, 0x0001, 0xFF79, 0x0003, 0xFF99, 0x0001, 0xFF79,
  0x0001, 0xFFD9, 0x0001, 0x430D, 0x0001, 0x0169, 0x0004, 0x09AA, 0x0001, 0x0149, 0x0001, 0x4B2E,
  0x0001, 0xFFD9, 0x0001, 0xFF79, 0x0004, 0xFF99, 0x0001, 0x6C10, 0x0001, 0xEF17, 0x0001, 0xFFB9,
  0x0001, 0xFF79, 0x0003, 0xFF99, 0x0001, 0xFF79, 0x0001, 0xFF78, 0x0001, 0xFFD9, 0x0001, 0xB5B4,
  0x0001, 0x0149, 0x0002, 0x09AA, 0x0001, 0x09CA, 0x0001, 0x0149, 0x0001, 0x6BF0, 0x0001, 0xFFFA,
  0x0001, 0xFF78, 0x0005, 0xFF99, 0x0001, 0xFFFA, 0x0001, 0xFFD9, 0x0001, 0xFFB9, 0x0001, 0xFFD9,
  0x0001, 0xFFFA, 0x0001, 0xFF99, 0x0001, 0xFF79, 0x0002, 0xFF99, 0x0001, 0xFF79, 0x0001, 0xFF99,
  0x0001, 0xFFB9, 0x0001, 0x42ED, 0x0001, 0x0169, 0x0003, 0x09AA, 0x0001, 0x09CA, 0x0001, 0xDEB7,
  0x0001, 0xFFB9, 0x0004, 0xFF99, 0x0001, 0xFF79, 0x0001, 0x328C, 0x0001, 0x0169, 0x0005, 0x09AA,
  0x0001, 0xD696, 0x0001, 0xFFD9, 0x0001, 0xFF79, 0x0005, 0xFF99, 0x0001, 0xFFB9, 0x0001, 0xEF18,
  0x0001, 0x1A0B, 0x0001, 0x018A, 0x0003, 0x09AA, 0x0001, 0x098A, 0x0001, 0x11EB, 0x0001, 0xEEF7,
  0x0001, 0xFFB9, 0x0003, 0xFF99, 0x0001, 0xFFB9, 0x0001, 0xEF17, 0x0001, 0x19EB, 0x0001, 0x018A,
  0x002C, 0x09AA, 0x0001, 0x0169, 0x0001, 0x42ED, 0x0001, 0xFFB9, 0x0001, 0xFFD9, 0x0001, 0xDE96,
  0x0001, 0x08C5, 0x000E, 0x00C5, 0x0001, 0x08E5, 0x0001, 0x0084, 0x0001, 0x29E8, 0x0001, 0xFF79,
  0x0001, 0xFFB9, 0x0001, 0xE6F7, 0x0001, 0x11CA, 0x0030, 0x09AA, 0x0001, 0x0149, 0x0001, 0xAD94,
  0x0001, 0xFFFA, 0x0001, 0xFF78, 0x0002, 0xFF99, 0x0001, 0xFF78, 0x0001, 0xFFFA, 0x0001, 0xAD94,
  0x0001, 0x0129, 0x0001, 0x098A, 0x0002, 0x0189, 0x0001, 0x018A, 0x0001, 0x11CA, 0x0001, 0x2A6C,
  0x0001, 0x8491, 0x0005, 0xFF99, 0x0001, 0xFF78, 0x0001, 0xFFFA, 0x0001, 0xAD93, 0x0001, 0x0169,
  0x0005, 0x09AA, 0x0001, 0x0149, 0x0001, 0x4B2E, 0x0001, 0xFFD9, 0x0001, 0xFF79, 0x0008, 0xFF99,
  0x0001, 0xFF78, 0x0001, 0xFF99, 0x0001, 0xFFB9, 0x0001, 0xFFD9, 0x0001, 0xFFB9, 0x0001, 0xFFFA,
  0x0001, 0x9D13, 0x0001, 0x0149, 0x0001, 0x09CA, 0x0001, 0x09AA, 0x0001, 0x0189, 0x0001, 0x224B,
  0x0001, 0xF758, 0x0001, 0xFFB9, 0x0004, 0xFF99, 0x0001, 0xFFB9, 0x0001, 0xFF99, 0x0001, 0xA553,
  0x0001, 0x536E, 0x0001, 0x42ED, 0x0001, 0x4B2E, 0x0001, 0x8CB2, 0x0001, 0xF758, 0x0001, 0xFFB9,
  0x0001, 0xFF79, 0x0002, 0xFF99, 0x0001, 0xFF78, 0x0001, 0xFFD9, 0x0001, 0xCE55, 0x0001, 0x0189,
  0x0002, 0x09AA, 0x0001, 0x09CA, 0x0001, 0x0149, 0x0001, 0xA553, 0x0001, 0xFFFA, 0x0001, 0xFF78,
  0x0002, 0xFF99, 0x0001, 0xFF78, 0x0001, 0xFFFA, 0x0001, 0x6BEF, 0x0001, 0x0149, 0x0001, 0x09CA,
  0x0002, 0x09AA, 0x0001, 0x0169, 0x0001, 0x2A8C, 0x0001, 0xFF79, 0x0008, 0xFF99, 0x0001, 0xFFD9,
  0x0001, 0x4B2E, 0x0001, 0x0169, 0x0003, 0x09AA, 0x0001, 0x0169, 0x0001, 0x430D, 0x0001, 0xFFB9,
  0x0003, 0xFF99, 0x0001, 0xFF78, 0x0001, 0xFFFA, 0x0001, 0xB5B4, 0x0001, 0x0149, 0x002E, 0x09AA,
  0x0001, 0x11CA, 0x0001, 0xE6F7, 0x0001, 0xFFB9, 0x0001, 0xFF79, 0x0001, 0x29E8, 0x0001, 0x0084,
  0x0001, 0x08E5, 0x000C, 0x00C5, 0x0001, 0x08E5, 0x0001, 0x0043, 0x0001, 0x73CE, 0x0001, 0xFFFA,
  0x0001, 0xFFD9, 0x0001, 0xB5B4, 0x0001, 0x0149, 0x0030, 0x09AA, 0x0001, 0x0149, 0x0001, 0xAD94,
  0x0001, 0xFFFA, 0x0001, 0xFF78, 0x0004, 0xFF99, 0x0001, 0xEF18, 0x0001, 0xC635, 0x0003, 0xCE35,
  0x0001, 0xCE56, 0x0001, 0xDEB7, 0x0001, 0xFF78, 0x0001, 0xFFFA, 0x0003, 0xFF99, 0x0001, 0xFF79,
  0x0001, 0xFF99, 0x0001, 0xFFFA, 0x0001, 0xCE56, 0x0001, 0x11CA, 0x0001, 0x098A, 0x0005, 0x09AA,
  0x0001, 0x0149, 0x0001, 0x4B2E, 0x0001, 0xFFD9, 0x0001, 0xFF79, 0x0006, 0xFF99, 0x0001, 0xFF79,
  0x0001, 0xFFB9, 0x0001, 0xFFFA, 0x0001, 0xFF78, 0x0001, 0xDEB6, 0x0001, 0xCE76, 0x0001, 0xD676,
  0x0001, 0xEF78, 0x0001, 0x7C71, 0x0001, 0x0129, 0x0002, 0x09CA, 0x0001, 0x0149, 0x0001, 0x9D13,
  0x0001, 0xFFFA, 0x0001, 0xFF78, 0x0004, 0xFF99, 0x0001, 0xF778, 0x0001, 0x534E, 0x0001, 0x0129,
  0x0001, 0x0149, 0x0002, 0x0169, 0x0001, 0x0129, 0x0001, 0x328C, 0x0001, 0xE6F7, 0x0001, 0xFFB9,
  0x0003, 0xFF99, 0x0001, 0xFF79, 0x0001, 0xFFD9, 0x0001, 0x4B4E, 0x0001, 0x0149, 0x0001, 0x09AA,
  0x0001, 0x09CA, 0x0001, 0x0149, 0x0001, 0x5B8F, 0x0001, 0xFFDA, 0x0001, 0xFF78, 0x0002, 0xFF99,
  0x0001, 0xFF78, 0x0001, 0xFFFA, 0x0001, 0xA573, 0x0001, 0x0149, 0x0001, 0x09CA, 0x0001, 0x09AA,
  0x0001, 0x09CA, 0x0001, 0x0149, 0x0001, 0x63CF, 0x0001, 0xFFFA, 0x0001, 0xFF78, 0x0001, 0xFF79,
  0x0001, 0xFFD9, 0x0001, 0xCE35, 0x0001, 0xCE55, 0x0001, 0xFFD9, 0x0001, 0xFF99, 0x0001, 0xFF78,
  0x0001, 0xFFFA, 0x0001, 0x8491, 0x0001, 0x0149, 0x0001, 0x09CA, 0x0001, 0x09AA, 0x0001, 0x09CA,
  0x0001, 0x0149, 0x0001, 0x8491, 0x0001, 0xFFFA, 0x0001, 0xFF78, 0x0002, 0xFF99, 0x0001, 0xFF78,
  0x0001, 0xFFFA, 0x0001, 0x6C10, 0x0001, 0x0149, 0x0001, 0x09CA, 0x002D, 0x09AA, 0x0001, 0x0149,
  0x0001, 0xB5B4, 0x0001, 0xFFD9, 0x0001, 0xFFFA, 0x0001, 0x73CE, 0x0001, 0x0043, 0x0001, 0x08E5,
  0x000C, 0x00C5, 0x0001, 0x08E5, 0x0001, 0x0064, 0x0001, 0xAD72, 0x0001, 0xFFDA, 0x0001, 0xFFF9,
  0x0001, 0x7430, 0x0001, 0x0149, 0x0001, 0x09CA, 0x002F, 0x09AA, 0x0001, 0x0149, 0x0001, 0xAD94,
  0x0001, 0xFFFA, 0x0001, 0xFF78, 0x0004, 0xFF99, 0x0001, 0xFFB9, 0x0005, 0xFFD9, 0x0001, 0xFFB9,
  0x0001, 0xFF99, 0x0001, 0xFF78, 0x0003, 0xFF99, 0x0001, 0xFFB9, 0x0001, 0xFF99, 0x0001, 0x9D33,
  0x0001, 0x11CA, 0x0001, 0x0189, 0x0006, 0x09AA, 0x0001, 0x0149, 0x0001, 0x4B2E, 0x0001, 0xFFD9,
  0x0001, 0xFF79, 0x0005, 0xFF99, 0x0001, 0xFF79, 0x0001, 0xFFD9, 0x0001, 0xE717, 0x0001, 0x7430,
  0x0001, 0x2A6C, 0x0001, 0x09CA, 0x0001, 0x098A, 0x0001, 0x09AA, 0x0001, 0x1A0B, 0x0001, 0x19EB,
  0x0001, 0x098A, 0x0001, 0x09AA, 0x0001, 0x018A, 0x0001, 0x1A0B, 0x0001, 0xEF38, 0x0001, 0xFFB9,
  0x0003, 0xFF99, 0x0001, 0xFF78, 0x0001, 0xFFFA, 0x0001, 0x7450, 0x0001, 0x0108, 0x0001, 0x11CA,
  0x0001, 0x09CA, 0x0002, 0x09AA, 0x0001, 0x11CA, 0x0001, 0x0129, 0x0001, 0x534E, 0x0001, 0xFFD9,
  0x0003, 0xFF99, 0x0001, 0xFF78, 0x0001, 0xFFFA, 0x0001, 0xA533, 0x0001, 0x0149, 0x0001, 0x09CA,
  0x0001, 0x09AA, 0x0001, 0x0189, 0x0001, 0x224B, 0x0001, 0xF758, 0x0004, 0xFF99, 0x0001, 0xFFB9,
  0x0001, 0xDEB7, 0x0001, 0x09CA, 0x0002, 0x09AA, 0x0001, 0x09CA, 0x0001, 0x0149, 0x0001, 0xA553,
  0x0001, 0xFFFA, 0x0002, 0xFF78, 0x0001, 0xFFFA, 0x0002, 0x84B1, 0x0001, 0xFFFA, 0x0002, 0xFF78,
  0x0001, 0xFFDA, 0x0001, 0xBDF5, 0x0001, 0x0169, 0x0003, 0x09AA, 0x0001, 0x0169, 0x0001, 0xC615,
  0x0001, 0xFFD9, 0x0001, 0xFF79, 0x0003, 0xFF99, 0x0001, 0xFF79, 0x0001, 0x2A8C, 0x0001, 0x0169,
  0x002D, 0x09AA, 0x0001, 0x09CA, 0x0001, 0x0149, 0x0001, 0x7430, 0x0001, 0xFFF9, 0x0001, 0xFFDA,
  0x0001, 0xAD72, 0x0001, 0x0064, 0x0001, 0x08E5, 0x000D, 0x00C5, 0x0001, 0x08C5, 0x0001, 0xDE76,
  0x0001, 0xFFD9, 0x0001, 0xFFB9, 0x0001, 0x3ACD, 0x0001, 0x0169, 0x0030, 0x09AA, 0x0001, 0x0149,
  0x0001, 0xAD94, 0x0001, 0xFFFA, 0x0001, 0xFF78, 0x0005, 0xFF99, 0x0005, 0xFF79, 0x0006, 0xFF99,
  0x0001, 0xA573, 0x0001, 0x2A6C, 0x0001, 0x00E8, 0x0001, 0x018A, 0x0001, 0x09CA, 0x0006, 0x09AA,
  0x0001, 0x0149, 0x0001, 0x4B2E, 0x0001, 0xFFD9, 0x0001, 0xFF79, 0x0004, 0xFF99, 0x0001, 0xFF79,
  0x0001, 0xFFD9, 0x0001, 0xCE56, 0x0001, 0x1A0B, 0x0001, 0x0129, 0x0001, 0x0189, 0x0003, 0x09AA,
  0x0001, 0x018A, 0x0001, 0x098A, 0x0001, 0x09AA, 0x0001, 0x09CA, 0x0001, 0x0149, 0x0001, 0x5BAF,
  0x0001, 0xFFFA, 0x0001, 0xFF78, 0x0003, 0xFF99, 0x0001, 0xFFB9, 0x0001, 0xEF18, 0x0001, 0x1A0B,
  0x0001, 0x09AA, 0x0001, 0x11CA, 0x0005, 0x09CA, 0x0001, 0x09AA, 0x0001, 0xDE96, 0x0001, 0xFFD9,
  0x0003, 0xFF99, 0x0001, 0xFFD9, 0x0001, 0xD696, 0x0004, 0x09AA, 0x0001, 0x0169, 0x0001, 0xC615,
  0x0001, 0xFFD9, 0x0001, 0xFF79, 0x0004, 0xFF99, 0x0001, 0x3AAD, 0x0001, 0x0169, 0x0003, 0x09AA,
  0x0001, 0xDEB6, 0x0001, 0xFFB9, 0x0001, 0xFF99, 0x0001, 0xFF78, 0x0001, 0xFFFA, 0x0001, 0x536E,
  0x0001, 0x4B4E, 0x0001, 0xFFFA, 0x0001, 0xFF78, 0x0001, 0xFF99, 0x0001, 0xFFB9, 0x0001, 0xEF17,
  0x0001, 0x19EB, 0x0001, 0x018A, 0x0001, 0x09AA, 0x0001, 0x018A, 0x0001, 0x222B, 0x0001, 0xF758,
  0x0003, 0xFF99, 0x0001, 0xFF79, 0x0001, 0xFFD9, 0x0001, 0xCE56, 0x0001, 0x018A, 0x002F, 0x09AA,
  0x0001, 0x0169, 0x0001, 0x3ACD, 0x0001, 0xFFB9, 0x0001, 0xFFD9, 0x0001, 0xDE76, 0x0001, 0x08C5,
  0x000C, 0x00C5, 0x0001, 0x08E5, 0x0001, 0x0084, 0x0001, 0x29C8, 0x0001, 0xFF79, 0x0001, 0xFFB9,
  0x0001, 0xE6D7, 0x0001, 0x11CA, 0x0031, 0x09AA, 0x0001, 0x0149, 0x0001, 0xAD94, 0x0001, 0xFFFA,
  0x0001, 0xFF78, 0x0005, 0xFF99, 0x0001, 0xFF78, 0x0005, 0xFF79, 0x0005, 0xFF99, 0x0001, 0xEF18,
  0x0001, 0xC635, 0x0001, 0x7430, 0x0001, 0x11CA, 0x0001, 0x0169, 0x0006, 0x09AA, 0x0001, 0x0149,
  0x0001, 0x4B2E, 0x0001, 0xFFD9, 0x0001, 0xFF79, 0x0004, 0xFF99, 0x0001, 0xFFB9, 0x0001, 0xEF38,
  0x0001, 0x222B, 0x0001, 0x0169, 0x0001, 0x11CA, 0x0007, 0x09AA, 0x0001, 0x09CA, 0x0001, 0x0149,
  0x0001, 0x9D12, 0x0001, 0xFFFA, 0x0001, 0xFF78, 0x0002, 0xFF99, 0x0001, 0xFF78, 0x0001, 0xFFFA,
  0x0001, 0xAD94, 0x0001, 0x00E8, 0x0006, 0x0149, 0x0001, 0x0169, 0x0001, 0x00E8, 0x0001, 0xA553,
  0x0001, 0xFFFA, 0x0001, 0xFF78, 0x0002, 0xFF99, 0x0001, 0xFFB9, 0x0001, 0xF758, 0x0001, 0x222B,
  0x0001, 0x0189, 0x0001, 0x09AA, 0x0001, 0x09CA, 0x0001, 0x0149, 0x0001, 0x7C71, 0x0001, 0xFFFA,
  0x0001, 0xFF78, 0x0002, 0xFF99, 0x0001, 0xFF78, 0x0001, 0xFFFA, 0x0001, 0x7430, 0x0001, 0x0149,
  0x0001, 0x11CA, 0x0001, 0x0169, 0x0001, 0x32AC, 0x0005, 0xFF99, 0x0001, 0x2A6C, 0x0001, 0x222B,
  0x0001, 0xFF78, 0x0003, 0xFF99, 0x0001, 0xFFB9, 0x0001, 0x430D, 0x0001, 0x0169, 0x0001, 0x11CA,
  0x0001, 0x0149, 0x0001, 0x538E, 0x0001, 0xFFDA, 0x0001, 0xFF79, 0x0002, 0xFF99, 0x0001, 0xFF78,
  0x0001, 0xFFFA, 0x0001, 0x8CD2, 0x0001, 0x0149, 0x0001, 0x09CA, 0x002F, 0x09AA, 0x0001, 0x11CA,
  0x0001, 0xE6D7, 0x0001, 0xFFB9, 0x0001, 0xFF79, 0x0001, 0x29C8, 0x0001, 0x0084, 0x0001, 0x08E5,
  0x000A, 0x00C5, 0x0001, 0x08E5, 0x0001, 0x0043, 0x0001, 0x636C, 0x0001, 0xFFFA, 0x0001, 0xFFD9,
  0x0001, 0xBDF5, 0x0001, 0x0169, 0x0031, 0x09AA, 0x0001, 0x0149, 0x0001, 0xAD94, 0x0001, 0xFFFA,
  0x0001, 0xFF78, 0x0004, 0xFF99, 0x0001, 0xFFB9, 0x0001, 0xFFFA, 0x0001, 0xFFDA, 0x0001, 0xFFFA,
  0x0002, 0xFFDA, 0x0001, 0xFFD9, 0x0001, 0xFFB9, 0x0001, 0xFF99, 0x0001, 0xFF79, 0x0002, 0xFF99,
  0x0001, 0xFFB9, 0x0001, 0xFFD9, 0x0001, 0xFFFA, 0x0001, 0xD6B6, 0x0001, 0x3AAC, 0x0001, 0x0169,
  0x0001, 0x09CA, 0x0004, 0x09AA, 0x0001, 0x0149, 0x0001, 0x4B2E, 0x0001, 0xFFD9, 0x0001, 0xFF79,
  0x0003, 0xFF99, 0x0001, 0xFF78, 0x0001, 0xFFFA, 0x0001, 0x8491, 0x0001, 0x0129, 0x0001, 0x11CA,
  0x0009, 0x09AA, 0x0001, 0x0169, 0x0001, 0xC615, 0x0001, 0xFFD9, 0x0001, 0xFF79, 0x0002, 0xFF99,
  0x0001, 0xFF79, 0x0001, 0xFFD9, 0x0001, 0xBDF5, 0x0001, 0x63AF, 0x0007, 0x6BF0, 0x0001, 0x63AF,
  0x0001, 0xBDF5, 0x0001, 0xFFD9, 0x0001, 0xFF79, 0x0004, 0xFF99, 0x0001, 0x32AC, 0x0001, 0x0169,
  0x0002, 0x09AA, 0x0001, 0x0169, 0x0001, 0x3AED, 0x0001, 0xFFB9, 0x0003, 0xFF99, 0x0001, 0xFF78,
  0x0001, 0xFFFA, 0x0001, 0xADB4, 0x0001, 0x0149, 0x0001, 0x11CA, 0x0001, 0x0149, 0x0001, 0x6BF0,
  0x0001, 0xFFFA, 0x0001, 0xFF78, 0x0001, 0xFF99, 0x0001, 0xFFB9, 0x0001, 0xDEB6, 0x0001, 0x09AA,
  0x0001, 0x098A, 0x0001, 0xD696, 0x0001, 0xFFD9, 0x0001, 0xFF79, 0x0001, 0xFF78, 0x0001, 0xFFFA,
  0x0001, 0x7C71, 0x0001, 0x0149, 0x0001, 0x11CA, 0x0001, 0x0149, 0x0001, 0x9512, 0x0001, 0xFFFA,
  0x0001, 0xFF78, 0x0003, 0xFF99, 0x0001, 0xFFD9, 0x0001, 0x4B2E, 0x0001, 0x0149, 0x0030, 0x09AA,
  0x0001, 0x0169, 0x0001, 0xBDF5, 0x0001, 0xFFD9, 0x0001, 0xFFFA, 0x0001, 0x636C, 0x0001, 0x0043,
  0x0001, 0x08E5, 0x000A, 0x00C5, 0x0001, 0x08E5, 0x0001, 0x0043, 0x0001, 0x94B0, 0x0001, 0xFFFA,
  0x0001, 0xFFD9, 0x0001, 0x8491, 0x0001, 0x0149, 0x0001, 0x09CA, 0x0030, 0x09AA, 0x0001, 0x0149,
  0x0001, 0xAD94, 0x0001, 0xFFFA, 0x0001, 0xFF78, 0x0003, 0xFF99, 0x0001, 0xFFB9, 0x0001, 0xEF17,
  0x0001, 0xBDD4, 0x0004, 0xBDF5, 0x0001, 0xCE35, 0x0001, 0xE6F7, 0x0002, 0xFFD9, 0x0001, 0xFF79,
  0x0002, 0xFF99, 0x0001, 0xFF79, 0x0001, 0xFF78, 0x0001, 0xFFD9, 0x0001, 0xF758, 0x0001, 0x328C,
  0x0001, 0x0169, 0x0004, 0x09AA, 0x0001, 0x0149, 0x0001, 0x4B2E, 0x0001, 0xFFD9, 0x0001, 0xFF79,
  0x0004, 0xFF99, 0x0001, 0xFFB9, 0x0001, 0x3AED, 0x0001, 0x0169, 0x000B, 0x09AA, 0x0001, 0xDEB6,
  0x0001, 0xFFD9, 0x0005, 0xFF99, 0x0001, 0xFFB9, 0x0009, 0xFFFA, 0x0001, 0xFFB9, 0x0005, 0xFF99,
  0x0001, 0xFFB9, 0x0001, 0x3AED, 0x0001, 0x0169, 0x0003, 0x09AA, 0x0001, 0x11CA, 0x0001, 0xE6D7,
  0x0001, 0xFFB9, 0x0003, 0xFF99, 0x0001, 0xFFB9, 0x0001, 0xE6F7, 0x0001, 0x11EA, 0x0001, 0x09AA,
  0x0001, 0x0149, 0x0001, 0xAD73, 0x0001, 0xFFFA, 0x0002, 0xFF78, 0x0001, 0xFFFA, 0x0001, 0xAD73,
  0x0001, 0x0169, 0x0001, 0x0149, 0x0001, 0xA553, 0x0001, 0xFFFA, 0x0002, 0xFF78, 0x0001, 0xFFFA,
  0x0001, 0xB5D4, 0x0001, 0x0169, 0x0002, 0x09AA, 0x0001, 0xD676, 0x0001, 0xFFD9, 0x0001, 0xFF79,
  0x0002, 0xFF99, 0x0001, 0xFFB9, 0x0001, 0xEEF7, 0x0001, 0x11EB, 0x0001, 0x098A, 0x002F, 0x09AA,
  0x0001, 0x09CA, 0x0001, 0x0149, 0x0001, 0x8491, 0x0001, 0xFFD9, 0x0001, 0xFFFA, 0x0001, 0x94B0,
  0x0001, 0x0043, 0x0001, 0x08E5, 0x000A, 0x00C5, 0x0001, 0x08C5, 0x0001, 0x0084, 0x0001, 0xC5F4,
  0x0002, 0xFFD9, 0x0001, 0x4B4E, 0x0001, 0x0149, 0x0031, 0x09AA, 0x0001, 0x0149, 0x0001, 0xAD94,
  0x0001, 0xFFFA, 0x0001, 0xFF78, 0x0002, 0xFF99, 0x0001, 0xFF78, 0x0001, 0xFFFA, 0x0001, 0xAD94,
  0x0001, 0x0108, 0x0004, 0x0169, 0x0001, 0x0189, 0x0001, 0x11EA, 0x0001, 0x430E, 0x0001, 0xC635,
  0x0001, 0xFFD9, 0x0001, 0xFF79, 0x0003, 0xFF99, 0x0001, 0xFF78, 0x0001, 0xFFFA, 0x0001, 0xCE56,
  0x0001, 0x098A, 0x0004, 0x09AA, 0x0001, 0x0149, 0x0001, 0x4B2E, 0x0001, 0xFFD9, 0x0001, 0xFF79,
  0x0003, 0xFF99, 0x0001, 0xFFB9, 0x0001, 0xF758, 0x0001, 0x224B, 0x0001, 0x0189, 0x0009, 0x09AA,
  0x0001, 0x098A, 0x0001, 0x11EA, 0x0001, 0xE6F7, 0x0001, 0xFFB9, 0x0006, 0xFF99, 0x0009, 0xFF78,
  0x0006, 0xFF99, 0x0001, 0xFFB9, 0x0001, 0x42ED, 0x0001, 0x0169, 0x0002, 0x09AA, 0x0001, 0x09CA,
  0x0001, 0x0149, 0x0001, 0xA553, 0x0001, 0xFFFA, 0x0001, 0xFF78, 0x0003, 0xFF99, 0x0001, 0xFFB9,
  0x0001, 0x42ED, 0x0001, 0x0149, 0x0001, 0x11CA, 0x0001, 0xDEB7, 0x0001, 0xFFB9, 0x0001, 0xFF99,
  0x0001, 0xFF78, 0x0001, 0xFFFA, 0x0001, 0x7430, 0x0001, 0x0149, 0x0001, 0x0169, 0x0001, 0x6BEF,
  0x0001, 0xFFFA, 0x0001, 0xFF78, 0x0001, 0xFF99, 0x0001, 0xFFB9, 0x0001, 0xE6F7, 0x0001, 0x11EB,
  0x0001, 0x0169, 0x0001, 0x328C, 0x0001, 0xFF78, 0x0003, 0xFF99, 0x0001, 0xFF78, 0x0001, 0xFFFA,
  0x0001, 0xAD94, 0x0001, 0x0149, 0x0031, 0x09AA, 0x0001, 0x0149, 0x0001, 0x4B4E, 0x0002, 0xFFD9,
  0x0001, 0xC5F4, 0x0001, 0x0084, 0x0001, 0x08C5, 0x0009, 0x00C5, 0x0001, 0x08C5, 0x0001, 0x00A5,
  0x0001, 0x1126, 0x0001, 0xEEF7, 0x0001, 0xFFB9, 0x0001, 0xF778, 0x0001, 0x2A4C, 0x0001, 0x0189,
  0x0031, 0x09AA, 0x0001, 0x0149, 0x0001, 0xAD94, 0x0001, 0xFFFA, 0x0001, 0xFF78, 0x0002, 0xFF99,
  0x0001, 0xFF78, 0x0001, 0xFFFA, 0x0001, 0xB5B4, 0x0001, 0x0169, 0x0001, 0x11CA, 0x0004, 0x09AA,
  0x0001, 0x098A, 0x0001, 0x0149, 0x0001, 0x0169, 0x0001, 0xBDF5, 0x0001, 0xFFD9, 0x0001, 0xFF79,
  0x0003, 0xFF99, 0x0001, 0xFF78, 0x0001, 0xFFD9, 0x0001, 0x4B4E, 0x0001, 0x0149, 0x0003, 0x09AA,
  0x0001, 0x0149, 0x0001, 0x4B2E, 0x0001, 0xFFD9, 0x0001, 0xFF79, 0x0003, 0xFF99, 0x0001, 0xFFB9,
  0x0001, 0xF738, 0x0001, 0x1A0B, 0x0001, 0x018A, 0x0009, 0x09AA, 0x0001, 0x018A, 0x0001, 0x1A0B,
  0x0001, 0xEF18, 0x0001, 0xFFB9, 0x0005, 0xFF99, 0x0001, 0xFF79, 0x000F, 0xFF78, 0x0001, 0xFF99,
  0x0001, 0x3AED, 0x0001, 0x0169, 0x0002, 0x09AA, 0x0001, 0x09CA, 0x0001, 0x0149, 0x0001, 0x5BAF,
  0x0001, 0xFFFA, 0x0001, 0xFF78, 0x0002, 0xFF99, 0x0001, 0xFF78, 0x0001, 0xFFFA, 0x0001, 0x7450,
  0x0001, 0x0108, 0x0001, 0x3ACD, 0x0004, 0xFF99, 0x0001, 0xFFB9, 0x0001, 0x3ACD, 0x0001, 0x0169,
  0x0001, 0x0189, 0x0001, 0x32AC, 0x0004, 0xFF99, 0x0001, 0xFFB9, 0x0001, 0x430D, 0x0001, 0x0108,
  0x0001, 0x63CF, 0x0001, 0xFFFA, 0x0001, 0xFF78, 0x0002, 0xFF99, 0x0001, 0xFF78, 0x0001, 0xFFFA,
  0x0001, 0x6BF0, 0x0001, 0x0149, 0x0001, 0x09CA, 0x0030, 0x09AA, 0x0001, 0x0189, 0x0001, 0x2A4C,
  0x0001, 0xF778, 0x0001, 0xFFB9, 0x0001, 0xEEF7, 0x0001, 0x1126, 0x0001, 0x00A5, 0x0001, 0x08C5,
  0x0008, 0x00C5, 0x0001, 0x08E5, 0x0001, 0x0084, 0x0001, 0x3A29, 0x0001, 0xFF99, 0x0001, 0xFFB9,
  0x0001, 0xD696, 0x0033, 0x09AA, 0x0001, 0x0149, 0x0001, 0xAD94, 0x0001, 0xFFFA, 0x0001, 0xFF78,
  0x0002, 0xFF99, 0x0001, 0xFF78, 0x0001, 0xFFFA, 0x0001, 0xAD94, 0x0001, 0x0149, 0x0006, 0x09AA,
  0x0001, 0x11CA, 0x0001, 0x0169, 0x0001, 0x32AC, 0x0005, 0xFF99, 0x0001, 0xFF78, 0x0001, 0xFFFA,
  0x0001, 0x94F2, 0x0001, 0x0149, 0x0001, 0x09CA, 0x0002, 0x09AA, 0x0001, 0x0149, 0x0001, 0x4B2E,
  0x0001, 0xFFD9, 0x0001, 0xFF79, 0x0003, 0xFF99, 0x0001, 0xFFB9, 0x0001, 0xF738, 0x0001, 0x1A0B,
  0x0001, 0x018A, 0x0009, 0x09AA, 0x0001, 0x018A, 0x0001, 0x1A0B, 0x0001, 0xEF18, 0x0001, 0xFFB9,
  0x0005, 0xFF99, 0x0001, 0xFFD9, 0x0010, 0xFFFA, 0x0001, 0x430D, 0x0001, 0x0149, 0x0003, 0x09AA,
  0x0001, 0x0189, 0x0001, 0x224B, 0x0001, 0xF758, 0x0003, 0xFF99, 0x0001, 0xFF78, 0x0001, 0xFFFA,
  0x0001, 0xA573, 0x0001, 0x00E8, 0x0001, 0x63CF, 0x0001, 0xFFFA, 0x0001, 0xFF78, 0x0001, 0xFF99,
  0x0001, 0xFFB9, 0x0001, 0xE6F7, 0x0001, 0x11EA, 0x0002, 0x09AA, 0x0001, 0x11CA, 0x0001, 0xE6D7,
  0x0001, 0xFFB9, 0x0001, 0xFF99, 0x0001, 0xFF78, 0x0001, 0xFFFA, 0x0001, 0x7430, 0x0001, 0x00C8,
  0x0001, 0x9512, 0x0001, 0xFFFA, 0x0001, 0xFF78, 0x0003, 0xFF99, 0x0001, 0xFF78, 0x0001, 0x2A6C,
  0x0001, 0x0169, 0x0033, 0x09AA, 0x0001, 0xD696, 0x0001, 0xFFB9, 0x0001, 0xFF99, 0x0001, 0x3A29,
  0x0001, 0x0084, 0x0001, 0x08E5, 0x0008, 0x00C5, 0x0001, 0x08E5, 0x0001, 0x0064, 0x0001, 0x5B0B,
  0x0001, 0xFFDA, 0x0001, 0xFFD9, 0x0001, 0xBDD4, 0x0001, 0x0169, 0x0032, 0x09AA, 0x0001, 0x0149,
  0x0001, 0xAD94, 0x0001, 0xFFFA, 0x0001, 0xFF78, 0x0002, 0xFF99, 0x0001, 0xFF78, 0x0001, 0xFFFA,
  0x0001, 0xAD94, 0x0001, 0x0149, 0x0008, 0x09AA, 0x0001, 0x11CA, 0x0001, 0xE6D7, 0x0001, 0xFFB9,
  0x0003, 0xFF99, 0x0001, 0xFF78, 0x0001, 0xFFFA, 0x0001, 0xB5D4, 0x0001, 0x0169, 0x0003, 0x09AA,
  0x0001, 0x0149, 0x0001, 0x4B2E, 0x0001, 0xFFD9, 0x0001, 0xFF79, 0x0003, 0xFF99, 0x0001, 0xFFB9,
  0x0001, 0xF738, 0x0001, 0x1A0B, 0x0001, 0x018A, 0x0009, 0x09AA, 0x0001, 0x098A, 0x0001, 0x11EA,
  0x0001, 0xE6D7, 0x0001, 0xFFB9, 0x0004, 0xFF99, 0x0001, 0xFFB9, 0x0001, 0xAD94, 0x0001, 0x7C30,
  0x000F, 0x7C71, 0x0001, 0x224B, 0x0001, 0x0189, 0x0004, 0x09AA, 0x0001, 0x0169, 0x0001, 0xC635,
  0x0001, 0xFFD9, 0x0001, 0xFF79, 0x0001, 0xFF99, 0x0001, 0xFF79, 0x0001, 0xFFD9, 0x0001, 0xCE55,
  0x0001, 0x0108, 0x0001, 0x8CB1, 0x0001, 0xFFFA, 0x0002, 0xFF78, 0x0001, 0xFFFA, 0x0001, 0xB5D4,
  0x0001, 0x0169, 0x0002, 0x09AA, 0x0001, 0x0149, 0x0001, 0xB5B4, 0x0001, 0xFFFA, 0x0002, 0xFF78,
  0x0001, 0xFFFA, 0x0001, 0x9D33, 0x0001, 0x0108, 0x0001, 0xC615, 0x0001, 0xFFD9, 0x0001, 0xFF79,
  0x0001, 0xFF99, 0x0001, 0xFF79, 0x0001, 0xFFD9, 0x0001, 0xCE56, 0x0001, 0x0189, 0x0033, 0x09AA,
  0x0001, 0x0169, 0x0001, 0xBDD4, 0x0001, 0xFFD9, 0x0001, 0xFFDA, 0x0001, 0x5B0B, 0x0001, 0x0064,
  0x0001, 0x08E5, 0x0008, 0x00C5, 0x0001, 0x08E5, 0x0001, 0x0043, 0x0001, 0x842F, 0x0001, 0xFFFA,
  0x0001, 0xFFD9, 0x0001, 0x8CD2, 0x0001, 0x0129, 0x0001, 0x09CA, 0x0031, 0x09AA, 0x0001, 0x0149,
  0x0001, 0xAD94, 0x0001, 0xFFFA, 0x0001, 0xFF78, 0x0002, 0xFF99, 0x0001, 0xFF78, 0x0001, 0xFFFA,
  0x0001, 0xAD94, 0x0001, 0x0149, 0x0009, 0x09AA, 0x0001, 0xD696, 0x0001, 0xFFD9, 0x0001, 0xFF79,
  0x0002, 0xFF99, 0x0001, 0xFF79, 0x0001, 0xFFD9, 0x0001, 0xC615, 0x0001, 0x0169, 0x0003, 0x09AA,
  0x0001, 0x0149, 0x0001, 0x4B2E, 0x0001, 0xFFD9, 0x0001, 0xFF79, 0x0003, 0xFF99, 0x0001, 0xFFB9,
  0x0001, 0xF738, 0x0001, 0x1A0B, 0x0001, 0x018A, 0x000A, 0x09AA, 0x0001, 0x018A, 0x0001, 0xCE76,
  0x0001, 0xFFD9, 0x0001, 0xFF79, 0x0002, 0xFF99, 0x0001, 0xFF78, 0x0001, 0xFFFA, 0x0001, 0x6BF0,
  0x0001, 0x00C8, 0x0001, 0x0149, 0x000E, 0x0129, 0x0001, 0x018A, 0x0004, 0x09AA, 0x0001, 0x09CA,
  0x0001, 0x0149, 0x0001, 0x8491, 0x0001, 0xFFFA, 0x0001, 0xFF78, 0x0002, 0xFF99, 0x0001, 0xFFB9,
  0x0001, 0xE6F7, 0x0001, 0x018A, 0x0001, 0xAD94, 0x0001, 0xFFFA, 0x0002, 0xFF78, 0x0001, 0xFFFA,
  0x0001, 0x8471, 0x0001, 0x0149, 0x0002, 0x09CA, 0x0001, 0x0149, 0x0001, 0x7C71, 0x0001, 0xFFFA,
  0x0001, 0xFF78, 0x0001, 0xFF79, 0x0001, 0xFFD9, 0x0001, 0xC615, 0x0001, 0x098A, 0x0001, 0xE6D7,
  0x0001, 0xFFB9, 0x0002, 0xFF99, 0x0001, 0xFF78, 0x0001, 0xFFFA, 0x0001, 0x8CB2, 0x0001, 0x0149,
  0x0001, 0x09CA, 0x0031, 0x09AA, 0x0001, 0x09CA, 0x0001, 0x0129, 0x0001, 0x8CD2, 0x0001, 0xFFD9,
  0x0001, 0xFFFA, 0x0001, 0x842F, 0x0001, 0x0043, 0x0001, 0x08E5, 0x0008, 0x00C5, 0x0001, 0x08E5,
  0x0001, 0x0064, 0x0001, 0xAD52, 0x0001, 0xFFDA, 0x0001, 0xFFD9, 0x0001, 0x63CF, 0x0001, 0x0149,
  0x0001, 0x09CA, 0x0031, 0x09AA, 0x0001, 0x0149, 0x0001, 0xAD94, 0x0001, 0xFFFA, 0x0001, 0xFF78,
  0x0002, 0xFF99, 0x0001, 0xFF78, 0x0001, 0xFFFA, 0x0001, 0xAD94, 0x0001, 0x0149, 0x0007, 0x09AA,
  0x0001, 0x098A, 0x0001, 0x1A0B, 0x0001, 0xEF38, 0x0001, 0xFFB9, 0x0003, 0xFF99, 0x0001, 0xFF79,
  0x0001, 0xFFD9, 0x0001, 0xC615, 0x0001, 0x0169, 0x0003, 0x09AA, 0x0001, 0x0149, 0x0001, 0x4B2E,
  0x0001, 0xFFD9, 0x0001, 0xFF79, 0x0003, 0xFF99, 0x0001, 0xFFB9, 0x0001, 0xF738, 0x0001, 0x1A0B,
  0x0001, 0x018A, 0x000A, 0x09AA, 0x0001, 0x0149, 0x0001, 0xAD94, 0x0001, 0xFFFA, 0x0001, 0xFF78,
  0x0002, 0xFF99, 0x0001, 0xFF78, 0x0001, 0xFFFA, 0x0001, 0xAD94, 0x0001, 0x0169, 0x0001, 0x11CA,
  0x000C, 0x09CA, 0x0001, 0x11CA, 0x0001, 0x09CA, 0x0006, 0x09AA, 0x0001, 0x0169, 0x0001, 0x42ED,
  0x0001, 0xFFB9, 0x0004, 0xFF99, 0x0001, 0xFF78, 0x0001, 0x2A6C, 0x0001, 0xCE56, 0x0001, 0xFFD9,
  0x0001, 0xFF79, 0x0001, 0xFF99, 0x0001, 0xFFD9, 0x0001, 0x4B2E, 0x0001, 0x0149, 0x0002, 0x09AA,
  0x0001, 0x0169, 0x0001, 0x4B2E, 0x0001, 0xFFD9, 0x0002, 0xFF99, 0x0001, 0xFFD9, 0x0001, 0xDEB6,
  0x0001, 0x328C, 0x0001, 0xF758, 0x0004, 0xFF99, 0x0001, 0xFFB9, 0x0001, 0x430D, 0x0001, 0x0149,
  0x0032, 0x09AA, 0x0001, 0x09CA, 0x0001, 0x0149, 0x0001, 0x63CF, 0x0001, 0xFFD9, 0x0001, 0xFFDA,
  0x0001, 0xAD52, 0x0001, 0x0064, 0x0001, 0x08E5, 0x0008, 0x00C5, 0x0001, 0x08C5, 0x0001, 0x0084,
  0x0001, 0xC614, 0x0002, 0xFFD9, 0x0001, 0x4B0E, 0x0001, 0x0149, 0x0032, 0x09AA, 0x0001, 0x0149,
  0x0001, 0xAD94, 0x0001, 0xFFFA, 0x0001, 0xFF78, 0x0002, 0xFF99, 0x0001, 0xFF78, 0x0001, 0xFFFA,
  0x0001, 0xAD94, 0x0001, 0x0169, 0x0001, 0x09CA, 0x0005, 0x09AA, 0x0001, 0x11CA, 0x0001, 0x0128,
  0x0001, 0x63CF, 0x0001, 0xFFDA, 0x0001, 0xFF79, 0x0003, 0xFF99, 0x0001, 0xFF78, 0x0001, 0xFFFA,
  0x0001, 0xAD73, 0x0001, 0x0149, 0x0003, 0x09AA, 0x0001, 0x0149, 0x0001, 0x4B2E, 0x0001, 0xFFD9,
  0x0001, 0xFF79, 0x0003, 0xFF99, 0x0001, 0xFFB9, 0x0001, 0xF738, 0x0001, 0x1A0B, 0x0001, 0x018A,
  0x0009, 0x09AA, 0x0001, 0x09CA, 0x0001, 0x0149, 0x0001, 0x7430, 0x0001, 0xFFFA, 0x0001, 0xFF78,
  0x0003, 0xFF99, 0x0001, 0xFFB9, 0x0001, 0xEF38, 0x0001, 0x1A0B, 0x0001, 0x018A, 0x000B, 0x09AA,
  0x0001, 0x09CA, 0x0008, 0x09AA, 0x0001, 0x098A, 0x0001, 0x11CA, 0x0001, 0xE6D7, 0x0001, 0xFFB9,
  0x0003, 0xFF99, 0x0001, 0xFFB9, 0x0001, 0x5BAF, 0x0001, 0xE6D7, 0x0001, 0xFFB9, 0x0001, 0xFF79,
  0x0001, 0xFFB9, 0x0001, 0xF738, 0x0001, 0x222B, 0x0001, 0x018A, 0x0002, 0x09AA, 0x0001, 0x0189,
  0x0001, 0x1A2B, 0x0001, 0xF738, 0x0001, 0xFFB9, 0x0001, 0xFF99, 0x0001, 0xFFB9, 0x0001, 0xEF17,
  0x0001, 0x63CF, 0x0004, 0xFF99, 0x0001, 0xFFB9, 0x0001, 0xE6F7, 0x0001, 0x11EA, 0x0001, 0x098A,
  0x0033, 0x09AA, 0x0001, 0x0149, 0x0001, 0x4B0E, 0x0002, 0xFFD9, 0x0001, 0xC614, 0x0001, 0x0084,
  0x0001, 0x08C5, 0x0007, 0x00C5, 0x0001, 0x08C5, 0x0001, 0x00A5, 0x0001, 0x1126, 0x0001, 0xEEF7,
  0x0001, 0xFFB9, 0x0001, 0xF758, 0x0001, 0x2A4C, 0x0001, 0x0189, 0x0032, 0x09AA, 0x0001, 0x0149,
  0x0001, 0xAD94, 0x0001, 0xFFFA, 0x0001, 0xFF78, 0x0002, 0xFF99, 0x0001, 0xFF78, 0x0001, 0xFFFA,
  0x0001, 0xAD94, 0x0001, 0x0129, 0x0001, 0x098A, 0x0003, 0x0189, 0x0002, 0x0169, 0x0001, 0x0128,
  0x0001, 0x328C, 0x0001, 0xEF18, 0x0001, 0xFFB9, 0x0004, 0xFF99, 0x0001, 0xFF78, 0x0001, 0xFFFA,
  0x0001, 0x7C50, 0x0001, 0x0149, 0x0001, 0x09CA, 0x0002, 0x09AA, 0x0001, 0x0149, 0x0001, 0x4B2E,
  0x0001, 0xFFD9, 0x0001, 0xFF79, 0x0003, 0xFF99, 0x0001, 0xFFB9, 0x0001, 0xF738, 0x0001, 0x1A0B,
  0x0001, 0x018A, 0x000A, 0x09AA, 0x0001, 0x0169, 0x0001, 0x2A8C, 0x0005, 0xFF99, 0x0001, 0xFF78,
  0x0001, 0xFFFA, 0x0001, 0xA553, 0x0001, 0x0129, 0x0001, 0x09AA, 0x0001, 0x11CA, 0x0005, 0x09AA,
  0x0002, 0x09CA, 0x0001, 0x09AA, 0x0001, 0x0169, 0x0001, 0x0149, 0x0001, 0x11CA, 0x0007, 0x09AA,
  0x0001, 0x09CA, 0x0001, 0x0149, 0x0001, 0xA573, 0x0001, 0xFFFA, 0x0001, 0xFF78, 0x0002, 0xFF99,
  0x0001, 0xFFB9, 0x0001, 0x94F2, 0x0001, 0xEF38, 0x0001, 0xFFB9, 0x0001, 0xFF79, 0x0001, 0xFFD9,
  0x0001, 0xC635, 0x0001, 0x0189, 0x0004, 0x09AA, 0x0001, 0x0189, 0x0001, 0xCE55, 0x0001, 0xFFD9,
  0x0001, 0xFF79, 0x0001, 0xFFB9, 0x0001, 0xF738, 0x0001, 0x9D13, 0x0001, 0xFFB9, 0x0002, 0xFF99,
  0x0001, 0xFF78, 0x0001, 0xFFFA, 0x0001, 0xAD94, 0x0001, 0x0149, 0x0034, 0x09AA, 0x0001, 0x0189,
  0x0001, 0x2A4C, 0x0001, 0xF758, 0x0001, 0xFFB9, 0x0001, 0xEEF7, 0x0001, 0x1126, 0x0001, 0x00A5,
  0x0001, 0x08C5, 0x0006, 0x00C5, 0x0001, 0x08E5, 0x0001, 0x00A4, 0x0001, 0x2187, 0x0001, 0xF758,
  0x0001, 0xFFB9, 0x0001, 0xEF17, 0x0001, 0x11EB, 0x0001, 0x098A, 0x0032, 0x09AA, 0x0001, 0x0149,
  0x0001, 0xAD94, 0x0001, 0xFFFA, 0x0001, 0xFF78, 0x0002, 0xFF99, 0x0001, 0xFF78, 0x0001, 0xFFD9,
  0x0001, 0xBDD4, 0x0001, 0x1A0B, 0x0001, 0x2A4C, 0x0003, 0x224B, 0x0001, 0x2A8C, 0x0001, 0x4B2E,
  0x0001, 0x8CD2, 0x0001, 0xF758, 0x0001, 0xFFB9, 0x0001, 0xFF79, 0x0006, 0xFF99, 0x0001, 0x2A8C,
  0x0001, 0x0169, 0x0003, 0x09AA, 0x0001, 0x0149, 0x0001, 0x4B2E, 0x0001, 0xFFD9, 0x0001, 0xFF79,
  0x0003, 0xFF99, 0x0001, 0xFFB9, 0x0001, 0xF738, 0x0001, 0x1A0B, 0x0001, 0x018A, 0x000B, 0x09AA,
  0x0001, 0x0169, 0x0001, 0xB5D4, 0x0001, 0xFFFA, 0x0001, 0xFF78, 0x0003, 0xFF99, 0x0001, 0xFF79,
  0x0001, 0xFFD9, 0x0001, 0x9512, 0x0001, 0x09AA, 0x0002, 0x0149, 0x0003, 0x0169, 0x0003, 0x0149,
  0x0001, 0x09AA, 0x0001, 0x3ACD, 0x0001, 0x9D33, 0x0001, 0xA553, 0x0001, 0x0169, 0x0006, 0x09AA,
  0x0001, 0x09CA, 0x0001, 0x0149, 0x0001, 0x63CF, 0x0001, 0xFFFA, 0x0001, 0xFF78, 0x0002, 0xFF99,
  0x0001, 0xFFB9, 0x0001, 0xD676, 0x0001, 0xFF78, 0x0001, 0xFF99, 0x0001, 0xFF78, 0x0001, 0xFFFA,
  0x0001, 0x94F2, 0x0001, 0x0149, 0x0001, 0x09CA, 0x0002, 0x09AA, 0x0001, 0x09CA, 0x0001, 0x0149,
  0x0001, 0x9D12, 0x0001, 0xFFFA, 0x0001, 0xFF78, 0x0001, 0xFF99, 0x0001, 0xFF78, 0x0001, 0xD696,
  0x0001, 0xFFB9, 0x0002, 0xFF99, 0x0001, 0xFF78, 0x0001, 0xFFFA, 0x0001, 0x63CF, 0x0001, 0x0149,
  0x0001, 0x09CA, 0x0033, 0x09AA, 0x0001, 0x098A, 0x0001, 0x11EB, 0x0001, 0xEF17, 0x0001, 0xFFB9,
  0x0001, 0xF758, 0x0001, 0x2187, 0x0001, 0x00A4, 0x0001, 0x08E5, 0x0006, 0x00C5, 0x0001, 0x08E5,
  0x0001, 0x0064, 0x0001, 0x4A8A, 0x0001, 0xFFDA, 0x0001, 0xFFD9, 0x0001, 0xC615, 0x0001, 0x0169,
  0x0033, 0x09AA, 0x0001, 0x0149, 0x0001, 0xAD94, 0x0001, 0xFFFA, 0x0001, 0xFF78, 0x0004, 0xFF99,
  0x0001, 0xFF78, 0x0005, 0xF758, 0x0001, 0xFF78, 0x0001, 0xFFD9, 0x0001, 0xFFFA, 0x0001, 0xFF99,
  0x0001, 0xFF79, 0x0004, 0xFF99, 0x0001, 0xFF78, 0x0001, 0xFFFA, 0x0001, 0xA573, 0x0001, 0x0149,
  0x0004, 0x09AA, 0x0001, 0x0149, 0x0001, 0x4B2E, 0x0001, 0xFFD9, 0x0001, 0xFF79, 0x0003, 0xFF99,
  0x0001, 0xFFB9, 0x0001, 0xF738, 0x0001, 0x1A0B, 0x0001, 0x018A, 0x000B, 0x09AA, 0x0001, 0x0169,
  0x0001, 0x3ACD, 0x0001, 0xFFB9, 0x0005, 0xFF99, 0x0001, 0xFF79, 0x0001, 0xFFFA, 0x0001, 0xDED7,
  0x0001, 0x8491, 0x0001, 0x4B4E, 0x0001, 0x3ACD, 0x0001, 0x32AC, 0x0001, 0x3AED, 0x0001, 0x4B4E,
  0x0001, 0x6C10, 0x0001, 0x9D33, 0x0001, 0xD696, 0x0001, 0xFF99, 0x0001, 0xFFFB, 0x0001, 0xBDF5,
  0x0001, 0x0149, 0x0007, 0x09AA, 0x0001, 0x0189, 0x0001, 0x224C, 0x0001, 0xF758, 0x0004, 0xFF99,
  0x0001, 0xFFB9, 0x0002, 0xFF99, 0x0001, 0xFF79, 0x0001, 0xFFDA, 0x0001, 0x5B8F, 0x0001, 0x0149,
  0x0001, 0x09CA, 0x0002, 0x09AA, 0x0001, 0x09CA, 0x0001, 0x0149, 0x0001, 0x63CF, 0x0001, 0xFFFA,
  0x0001, 0xFF78, 0x0007, 0xFF99, 0x0001, 0xF778, 0x0001, 0x2A6C, 0x0001, 0x0189, 0x0035, 0x09AA,
  0x0001, 0x0169, 0x0001, 0xC615, 0x0001, 0xFFD9, 0x0001, 0xFFDA, 0x0001, 0x4A8A, 0x0001, 0x0064,
  0x0001, 0x08E5, 0x0006, 0x00C5, 0x0001, 0x08E5, 0x0001, 0x0064, 0x0001, 0x4AAA, 0x0002, 0xFFD9,
  0x0001, 0xC615, 0x0001, 0x0169, 0x0033, 0x09AA, 0x0001, 0x0149, 0x0001, 0xAD94, 0x0001, 0xFFFA,
  0x0001, 0xFF78, 0x000C, 0xFF99, 0x0001, 0xFF78, 0x0005, 0xFF99, 0x0001, 0xFF78, 0x0001, 0xFFD9,
  0x0001, 0xE717, 0x0001, 0x1A0B, 0x0001, 0x0189, 0x0004, 0x09AA, 0x0001, 0x0149, 0x0001, 0x4B2E,
  0x0001, 0xFFD9, 0x0001, 0xFF79, 0x0003, 0xFF99, 0x0001, 0xFFB9, 0x0001, 0xF738, 0x0001, 0x1A0B,
  0x0001, 0x018A, 0x000B, 0x09AA, 0x0001, 0x09CA, 0x0001, 0x0149, 0x0001, 0x84B1, 0x0001, 0xFFFA,
  0x0001, 0xFF78, 0x0004, 0xFF99, 0x0001, 0xFF78, 0x0001, 0xFFB9, 0x0001, 0xFFFA, 0x0001, 0xFFD9,
  0x0002, 0xFF99, 0x0001, 0xFFB9, 0x0001, 0xFFD9, 0x0002, 0xFFFA, 0x0001, 0xFFD9, 0x0001, 0xFF78,
  0x0001, 0xFFD9, 0x0001, 0xB5D4, 0x0001, 0x0169, 0x0008, 0x09AA, 0x0001, 0x0189, 0x0001, 0xC635,
  0x0001, 0xFFD9, 0x0001, 0xFF79, 0x0006, 0xFF99, 0x0001, 0xFF78, 0x0001, 0x2A6C, 0x0001, 0x0169,
  0x0004, 0x09AA, 0x0001, 0x0169, 0x0001, 0x32AC, 0x0007, 0xFF99, 0x0001, 0xFF79, 0x0001, 0xFFD9,
  0x0001, 0xCE35, 0x0001, 0x0189, 0x0036, 0x09AA, 0x0001, 0x0169, 0x0001, 0xC615, 0x0002, 0xFFD9,
  0x0001, 0x4AAA, 0x0001, 0x0064, 0x0001, 0x08E5, 0x0006, 0x00C5, 0x0001, 0x08E5, 0x0001, 0x0043,
  0x0001, 0x840F, 0x0001, 0xFFFA, 0x0001, 0xFFD9, 0x0001, 0x94F2, 0x0001, 0x0149, 0x0001, 0x09CA,
  0x0032, 0x09AA, 0x0001, 0x0149, 0x0001, 0xAD94, 0x0001, 0xFFFA, 0x0001, 0xFF78, 0x0010, 0xFF99,
  0x0002, 0xFF78, 0x0001, 0xFFFA, 0x0001, 0xE738, 0x0001, 0x32AC, 0x0001, 0x0169, 0x0005, 0x09AA,
  0x0001, 0x0149, 0x0001, 0x4B2E, 0x0001, 0xFFD9, 0x0001, 0xFF79, 0x0003, 0xFF99, 0x0001, 0xFFB9,
  0x0001, 0xF738, 0x0001, 0x1A0B, 0x0001, 0x018A, 0x000D, 0x09AA, 0x0001, 0x0169, 0x0001, 0xAD73,
  0x0001, 0xFFFA, 0x0002, 0xFF79, 0x0004, 0xFF99, 0x0001, 0xFF78, 0x0001, 0xFF79, 0x0003, 0xFF99,
  0x0001, 0xFF79, 0x0002, 0xFF78, 0x0001, 0xFF79, 0x0001, 0xFF78, 0x0001, 0xFFD9, 0x0001, 0xB5D4,
  0x0001, 0x0169, 0x0007, 0x09AA, 0x0001, 0x09CA, 0x0001, 0x0149, 0x0001, 0x84B1, 0x0001, 0xFFFA,
  0x0001, 0xFF78, 0x0004, 0xFF99, 0x0001, 0xFF79, 0x0001, 0xFFD9, 0x0001, 0xD696, 0x0007, 0x09AA,
  0x0001, 0x11CA, 0x0001, 0xE6D7, 0x0001, 0xFFB9, 0x0005, 0xFF99, 0x0001, 0xFF78, 0x0001, 0xFFFA,
  0x0001, 0x84B1, 0x0001, 0x0129, 0x0001, 0x09CA, 0x0034, 0x09AA, 0x0001, 0x09CA, 0x0001, 0x0149,
  0x0001, 0x94F2, 0x0001, 0xFFD9, 0x0001, 0xFFFA, 0x0001, 0x840F, 0x0001, 0x0043, 0x0001, 0x08E5,
  0x0006, 0x00C5, 0x0001, 0x08E5, 0x0001, 0x0043, 0x0001, 0x842F, 0x0001, 0xFFFA, 0x0001, 0xFFD9,
  0x0001, 0x8491, 0x0001, 0x0129, 0x0001, 0x09CA, 0x0032, 0x09AA, 0x0001, 0x0149, 0x0001, 0xAD94,
  0x0001, 0xFFD9, 0x0001, 0xFF78, 0x000B, 0xFF79, 0x0003, 0xFF78, 0x0001, 0xFF79, 0x0001, 0xFF99,
  0x0002, 0xFFDA, 0x0001, 0xBDF5, 0x0001, 0x224B, 0x0001, 0x0169, 0x0001, 0x09CA, 0x0005, 0x09AA,
  0x0001, 0x0149, 0x0001, 0x4B2E, 0x0001, 0xFFB9, 0x0001, 0xFF78, 0x0002, 0xFF79, 0x0001, 0xFF78,
  0x0001, 0xFF99, 0x0001, 0xEF18, 0x0001, 0x1A0B, 0x0001, 0x018A, 0x000E, 0x09AA, 0x0001, 0x0189,
  0x0001, 0x94F2, 0x0002, 0xFFD9, 0x0001, 0xFF79, 0x0001, 0xFF78, 0x0001, 0xFF79, 0x0008, 0xFF99,
  0x0001, 0xFF79, 0x0002, 0xFF78, 0x0001, 0xFFFA, 0x0001, 0xC615, 0x0001, 0x0149, 0x0008, 0x09AA,
  0x0001, 0x0169, 0x0001, 0x430D, 0x0001, 0xFFB9, 0x0001, 0xFF78, 0x0004, 0xFF79, 0x0001, 0xFF78,
  0x0001, 0xFFFA, 0x0001, 0xA553, 0x0001, 0x0149, 0x0001, 0x09CA, 0x0005, 0x09AA, 0x0001, 0x0169,
  0x0001, 0xB5B4, 0x0001, 0xFFD9, 0x0001, 0xFF78, 0x0004, 0xFF79, 0x0001, 0xFF78, 0x0001, 0xFFB9,
  0x0001, 0x430D, 0x0001, 0x0169, 0x0035, 0x09AA, 0x0001, 0x09CA, 0x0001, 0x0129, 0x0001, 0x8491,
  0x0001, 0xFFD9, 0x0001, 0xFFFA, 0x0001, 0x842F, 0x0001, 0x0043, 0x0001, 0x08E5, 0x0006, 0x00C5,
  0x0001, 0x08E5, 0x0001, 0x0063, 0x0001, 0x9490, 0x0001, 0xFFFA, 0x0001, 0xFFD9, 0x0001, 0x7450,
  0x0001, 0x0149, 0x0001, 0x09CA, 0x0032, 0x09AA, 0x0001, 0x0149, 0x0001, 0xB5D4, 0x0001, 0xFFFA,
  0x000C, 0xFFD9, 0x0003, 0xFFFA, 0x0001, 0xFFD9, 0x0001, 0xF758, 0x0001, 0xB5F5, 0x0001, 0x536E,
  0x0001, 0x0169, 0x0001, 0x0189, 0x0007, 0x09AA, 0x0001, 0x0149, 0x0001, 0x4B4E, 0x0001, 0xFFFA,
  0x0004, 0xFFD9, 0x0001, 0xFFFA, 0x0001, 0xFF79, 0x0001, 0x1A0B, 0x0001, 0x018A, 0x000F, 0x09AA,
  0x0001, 0x0149, 0x0001, 0x4B4E, 0x0001, 0xC656, 0x0001, 0xFFD9, 0x0001, 0xFFFA, 0x0001, 0xFFD9,
  0x0001, 0xFFB9, 0x0006, 0xFF99, 0x0001, 0xFFB9, 0x0001, 0xFFD9, 0x0001, 0xFFFA, 0x0001, 0xFFD9,
  0x0001, 0xDED7, 0x0001, 0x63CF, 0x0001, 0x0169, 0x0008, 0x09AA, 0x0001, 0x098A, 0x0001, 0x11CA,
  0x0001, 0xEF17, 0x0001, 0xFFFA, 0x0005, 0xFFD9, 0x0001, 0xFFFA, 0x0001, 0x6C10, 0x0001, 0x0149,
  0x0001, 0x09CA, 0x0004, 0x09AA, 0x0001, 0x09CA, 0x0001, 0x0129, 0x0001, 0x8491, 0x0001, 0xFFFB,
  0x0005, 0xFFD9, 0x0001, 0xFFFA, 0x0001, 0xEF17, 0x0001, 0x11CA, 0x0001, 0x098A, 0x0035, 0x09AA,
  0x0001, 0x09CA, 0x0001, 0x0149, 0x0001, 0x7450, 0x0001, 0xFFD9, 0x0001, 0xFFFA, 0x0001, 0x9490,
  0x0001, 0x0063, 0x0001, 0x08E5, 0x0006, 0x00C5, 0x0001, 0x08E5, 0x0001, 0x0084, 0x0001, 0xC5F4,
  0x0001, 0xFFDA, 0x0001, 0xFFB9, 0x0001, 0x430E, 0x0001, 0x0149, 0x0033, 0x09AA, 0x0001, 0x0169,
  0x0001, 0x8491, 0x0001, 0xC656, 0x0001, 0xBDF5, 0x000B, 0xC615, 0x0001, 0xBDD4, 0x0001, 0xA573,
  0x0001, 0x84B1, 0x0001, 0x5B8F, 0x0001, 0x224B, 0x0001, 0x0169, 0x0001, 0x0149, 0x0009, 0x09AA,
  0x0001, 0x0169, 0x0001, 0x3ACD, 0x0001, 0xC635, 0x0001, 0xBDF5, 0x0004, 0xC615, 0x0001, 0xB5D4,
  0x0001, 0x19EB, 0x0001, 0x098A, 0x0010, 0x09AA, 0x0001, 0x0149, 0x0001, 0x018A, 0x0001, 0x432D,
  0x0001, 0x9512, 0x0001, 0xCE76, 0x0001, 0xF738, 0x0001, 0xFF99, 0x0001, 0xFFB9, 0x0001, 0xFFD9,
  0x0001, 0xFFB9, 0x0001, 0xFF99, 0x0001, 0xFF78, 0x0001, 0xEF17, 0x0001, 0xCE56, 0x0001, 0x9512,
  0x0001, 0x4B4E, 0x0001, 0x11CA, 0x0001, 0x0149, 0x000A, 0x09AA, 0x0001, 0x0169, 0x0001, 0x8491,
  0x0001, 0xC656, 0x0001, 0xBDF5, 0x0005, 0xC615, 0x0001, 0x328C, 0x0001, 0x0169, 0x0006, 0x09AA,
  0x0001, 0x0169, 0x0001, 0x3AED, 0x0001, 0xC655, 0x0001, 0xBE15, 0x0003, 0xC615, 0x0001, 0xBDF5,
  0x0001, 0xC656, 0x0001, 0x8491, 0x0001, 0x0169, 0x0037, 0x09AA, 0x0001, 0x0149, 0x0001, 0x430E,
  0x0001, 0xFFB9, 0x0001, 0xFFDA, 0x0001, 0xC5F4, 0x0001, 0x0084, 0x0001, 0x08E5, 0x0006, 0x00C5,
  0x0001, 0x08E5, 0x0001, 0x0084, 0x0001, 0xBDD4, 0x0001, 0xFFDA, 0x0001, 0xFFB9, 0x0001, 0x4B2E,
  0x0001, 0x0149, 0x0034, 0x09AA, 0x000F, 0x0169, 0x0001, 0x0149, 0x0001, 0x0129, 0x0001, 0x0149,
  0x0001, 0x0189, 0x000C, 0x09AA, 0x0001, 0x098A, 0x0007, 0x0169, 0x0014, 0x09AA, 0x0001, 0x0169,
  0x0001, 0x0149, 0x0001, 0x098A, 0x0001, 0x1A2B, 0x0001, 0x32AC, 0x0003, 0x430D, 0x0001, 0x3ACD,
  0x0001, 0x2A6C, 0x0001, 0x1A0B, 0x0001, 0x018A, 0x0002, 0x0149, 0x000D, 0x09AA, 0x0008, 0x0169,
  0x0001, 0x098A, 0x0008, 0x09AA, 0x0001, 0x018A, 0x0008, 0x0169, 0x0038, 0x09AA, 0x0001, 0x0149,
  0x0001, 0x4B2E, 0x0001, 0xFFB9, 0x0001, 0xFFDA, 0x0001, 0xBDD4, 0x0001, 0x0084, 0x0001, 0x08E5,
  0x0006, 0x00C5, 0x0001, 0x08E5, 0x0001, 0x0064, 0x0001, 0xBDD3, 0x0001, 0xFFDA, 0x0001, 0xFFD9,
  0x0001, 0x4B2E, 0x0001, 0x0149, 0x0044, 0x09AA, 0x0002, 0x09CA, 0x002A, 0x09AA, 0x0001, 0x09CA,
  0x0001, 0x09AA, 0x0001, 0x018A, 0x0002, 0x0169, 0x0001, 0x0149, 0x0003, 0x0169, 0x0001, 0x018A,
  0x0001, 0x09AA, 0x0001, 0x09CA, 0x0060, 0x09AA, 0x0001, 0x0149, 0x0001, 0x4B2E, 0x0001, 0xFFD9,
  0x0001, 0xFFDA, 0x0001, 0xBDD3, 0x0001, 0x0064, 0x0001, 0x08E5, 0x0007, 0x00C5, 0x0001, 0x00A4,
  0x0001, 0xCE35, 0x0001, 0xFFD9, 0x0001, 0xFF99, 0x0001, 0x3AED, 0x0001, 0x0169, 0x00DC, 0x09AA,
  0x0001, 0x0169, 0x0001, 0x3AED, 0x0001, 0xFF99, 0x0001, 0xFFD9, 0x0001, 0xCE35, 0x0001, 0x00A4,
  0x0006, 0x00C5, 0x0001, 0x08C5, 0x0001, 0x00A4, 0x0001, 0x1946, 0x0001, 0xF737, 0x0001, 0xFFD9,
  0x0001, 0xEF18, 0x0001, 0x19EB, 0x0001, 0x018A, 0x00DC, 0x09AA, 0x0001, 0x018A, 0x0001, 0x19EB,
  0x0001, 0xEF18, 0x0001, 0xFFD9, 0x0001, 0xF737, 0x0001, 0x1946, 0x0001, 0x00A4, 0x0001, 0x08C5,
  0x0004, 0x00C5, 0x0001, 0x08C5, 0x0001, 0x00A4, 0x0001, 0x1146, 0x0001, 0xEF17, 0x0001, 0xFFD9,
  0x0001, 0xEF38, 0x0001, 0x1A0B, 0x0001, 0x018A, 0x00DC, 0x09AA, 0x0001, 0x018A, 0x0001, 0x1A0B,
  0x0001, 0xEF38, 0x0001, 0xFFD9, 0x0001, 0xEF17, 0x0001, 0x1146, 0x0001, 0x00A4, 0x0001, 0x08C5,
  0x0004, 0x00C5, 0x0001, 0x08C5, 0x0001, 0x00A4, 0x0001, 0x1146, 0x0001, 0xEF17, 0x0001, 0xFFD9,
  0x0001, 0xEF38, 0x0001, 0x1A0B, 0x0001, 0x018A, 0x00DC, 0x09AA, 0x0001, 0x018A, 0x0001, 0x1A0B,
  0x0001, 0xEF38, 0x0001, 0xFFD9, 0x0001, 0xEF17, 0x0001, 0x1146, 0x0001, 0x00A4, 0x0001, 0x08C5,
  0x0004, 0x00C5, 0x0001, 0x08C5, 0x0001, 0x00A4, 0x0001, 0x1146, 0x0001, 0xEF17, 0x0001, 0xFFD9,
  0x0001, 0xEF38, 0x0001, 0x1A0B, 0x0001, 0x018A, 0x00DC, 0x09AA, 0x0001, 0x018A, 0x0001, 0x1A0B,
  0x0001, 0xEF38, 0x0001, 0xFFD9, 0x0001, 0xEF17, 0x0001, 0x1146, 0x0001, 0x00A4, 0x0001, 0x08C5,
  0x0004, 0x00C5, 0x0001, 0x08C5, 0x0001, 0x00A4, 0x0001, 0x1146, 0x0001, 0xEF17, 0x0001, 0xFFD9,
  0x0001, 0xEF38, 0x0001, 0x1A0B, 0x0001, 0x018A, 0x00DC, 0x09AA, 0x0001, 0x018A, 0x0001, 0x1A0B,
  0x0001, 0xEF38, 0x0001, 0xFFD9, 0x0001, 0xEF17, 0x0001, 0x1146, 0x0001, 0x00A4, 0x0001, 0x08C5,
  0x0004, 0x00C5, 0x0001, 0x08C5, 0x0001, 0x00A4, 0x0001, 0x1146, 0x0001, 0xEF17, 0x0001, 0xFFD9,
  0x0001, 0xEF38, 0x0001, 0x1A0B, 0x0001, 0x018A, 0x00DC, 0x09AA, 0x0001, 0x018A, 0x0001, 0x1A0B,
  0x0001, 0xEF38, 0x0001, 0xFFD9, 0x0001, 0xEF17, 0x0001, 0x1146, 0x0001, 0x00A4, 0x0001, 0x08C5,
  0x0004, 0x00C5, 0x0001, 0x08C5, 0x0001, 0x00A4, 0x0001, 0x1146, 0x0001, 0xEF17, 0x0001, 0xFFD9,
  0x0001, 0xEF38, 0x0001, 0x1A0B, 0x0001, 0x018A, 0x00DC, 0x09AA, 0x0001, 0x018A, 0x0001, 0x1A0B,
  0x0001, 0xEF38, 0x0001, 0xFFD9, 0x0001, 0xEF17, 0x0001, 0x1146, 0x0001, 0x00A4, 0x0001, 0x08C5,
  0x0004, 0x00C5, 0x0001, 0x08C5, 0x0001, 0x00A4, 0x0001, 0x1146, 0x0001, 0xEF17, 0x0001, 0xFFD9,
  0x0001, 0xEF38, 0x0001, 0x1A0B, 0x0001, 0x018A, 0x00DC, 0x09AA, 0x0001, 0x018A, 0x0001, 0x1A0B,
  0x0001, 0xEF38, 0x0001, 0xFFD9, 0x0001, 0xEF17, 0x0001, 0x1146, 0x0001, 0x00A4, 0x0001, 0x08C5,
  0x0004, 0x00C5, 0x0001, 0x08C5, 0x0001, 0x00A4, 0x0001, 0x1146, 0x0001, 0xEF17, 0x0001, 0xFFD9,
  0x0001, 0xEF38, 0x0001, 0x1A0B, 0x0001, 0x018A, 0x00DC, 0x09AA, 0x0001, 0x018A, 0x0001, 0x1A0B,
  0x0001, 0xEF38, 0x0001, 0xFFD9, 0x0001, 0xEF17, 0x0001, 0x1146, 0x0001, 0x00A4, 0x0001, 0x08C5,
  0x0004, 0x00C5, 0x0001, 0x08C5, 0x0001, 0x00A4, 0x0001, 0x1946, 0x0001, 0xF737, 0x0001, 0xFFD9,
  0x0001, 0xEF18, 0x0001, 0x19EB, 0x0001, 0x018A, 0x00DC, 0x09AA, 0x0001, 0x018A, 0x0001, 0x19EB,
  0x0001, 0xEF18, 0x0001, 0xFFD9, 0x0001, 0xF737, 0x0001, 0x1946, 0x0001, 0x00A4, 0x0001, 0x08C5,
  0x0006, 0x00C5, 0x0001, 0x00A4, 0x0001, 0xCE35, 0x0001, 0xFFD9, 0x0001, 0xFF99, 0x0001, 0x3AED,
  0x0001, 0x0169, 0x00DC, 0x09AA, 0x0001, 0x0169, 0x0001, 0x3AED, 0x0001, 0xFF99, 0x0001, 0xFFD9,
  0x0001, 0xCE35, 0x0001, 0x00A4, 0x0007, 0x00C5, 0x0001, 0x08E5, 0x0001, 0x0064, 0x0001, 0xBDD3,
  0x0001, 0xFFDA, 0x0001, 0xFFD9, 0x0001, 0x4B2E, 0x0001, 0x0149, 0x00DC, 0x09AA, 0x0001, 0x0149,
  0x0001, 0x4B2E, 0x0001, 0xFFD9, 0x0001, 0xFFDA, 0x0001, 0xBDD3, 0x0001, 0x0064, 0x0001, 0x08E5,
  0x0006, 0x00C5, 0x0001, 0x08E5, 0x0001, 0x0084, 0x0001, 0xBDD4, 0x0001, 0xFFDA, 0x0001, 0xFFB9,
  0x0001, 0x4B2E, 0x0001, 0x0149, 0x00DC, 0x09AA, 0x0001, 0x0149, 0x0001, 0x4B2E, 0x0001, 0xFFB9,
  0x0001, 0xFFDA, 0x0001, 0xBDD4, 0x0001, 0x0084, 0x0001, 0x08E5, 0x0006, 0x00C5, 0x0001, 0x08E5,
  0x0001, 0x0084, 0x0001, 0xC5F4, 0x0001, 0xFFDA, 0x0001, 0xFFB9, 0x0001, 0x430E, 0x0001, 0x0149,
  0x00DC, 0x09AA, 0x0001, 0x0149, 0x0001, 0x430E, 0x0001, 0xFFB9, 0x0001, 0xFFDA, 0x0001, 0xC5F4,
  0x0001, 0x0084, 0x0001, 0x08E5, 0x0006, 0x00C5, 0x0001, 0x08E5, 0x0001, 0x0063, 0x0001, 0x9490,
  0x0001, 0xFFFA, 0x0001, 0xFFD9, 0x0001, 0x7450, 0x0001, 0x0149, 0x0001, 0x09CA, 0x00DA, 0x09AA,
  0x0001, 0x09CA, 0x0001, 0x0149, 0x0001, 0x7450, 0x0001, 0xFFD9, 0x0001, 0xFFFA, 0x0001, 0x9490,
  0x0001, 0x0063, 0x0001, 0x08E5, 0x0006, 0x00C5, 0x0001, 0x08E5, 0x0001, 0x0043, 0x0001, 0x842F,
  0x0001, 0xFFFA, 0x0001, 0xFFD9, 0x0001, 0x8491, 0x0001, 0x0129, 0x0001, 0x09CA, 0x0056, 0x09AA,
  0x0007, 0x018A, 0x007D, 0x09AA, 0x0001, 0x09CA, 0x0001, 0x0129, 0x0001, 0x8491, 0x0001, 0xFFD9,
  0x0001, 0xFFFA, 0x0001, 0x842F, 0x0001, 0x0043, 0x0001, 0x08E5, 0x0006, 0x00C5, 0x0001, 0x08E5,
  0x0001, 0x0043, 0x0001, 0x840F, 0x0001, 0xFFFA, 0x0001, 0xFFD9, 0x0001, 0x94F2, 0x0001, 0x0149,
  0x0001, 0x09CA, 0x0027, 0x09AA, 0x0002, 0x018A, 0x002B, 0x09AA, 0x0001, 0x018A, 0x0001, 0x3A48,
  0x0001, 0xBC22, 0x0005, 0xBC02, 0x0001, 0xB3C3, 0x0001, 0x11C9, 0x007C, 0x09AA, 0x0001, 0x09CA,
  0x0001, 0x0149, 0x0001, 0x94F2, 0x0001, 0xFFD9, 0x0001, 0xFFFA, 0x0001, 0x840F, 0x0001, 0x0043,
  0x0001, 0x08E5, 0x0006, 0x00C5, 0x0001, 0x08E5, 0x0001, 0x0064, 0x0001, 0x4AAA, 0x0002, 0xFFD9,
  0x0001, 0xC615, 0x0001, 0x0169, 0x0023, 0x09AA, 0x0001, 0x018A, 0x0001, 0x016B, 0x0001, 0x018A,
  0x0001, 0x09AA, 0x0001, 0x19C9, 0x0001, 0x19E9, 0x0001, 0x19C9, 0x0001, 0x11C9, 0x0001, 0x01AA,
  0x0001, 0x016A, 0x0001, 0x016B, 0x0001, 0x018A, 0x0026, 0x09AA, 0x0001, 0x016A, 0x0001, 0x4A87,
  0x0001, 0xFD40, 0x0004, 0xFD00, 0x0001, 0xFD20, 0x0001, 0xFCC0, 0x0001, 0x19E9, 0x0001, 0x018A,
  0x007C, 0x09AA, 0x0001, 0x0169, 0x0001, 0xC615, 0x0002, 0xFFD9, 0x0001, 0x4AAA, 0x0001, 0x0064,
  0x0001, 0x08E5, 0x0006, 0x00C5, 0x0001, 0x08E5, 0x0001, 0x0064, 0x0001, 0x4A8A, 0x0001, 0xFFDA,
  0x0001, 0xFFD9, 0x0001, 0xC615, 0x0001, 0x0169, 0x0021, 0x09AA, 0x0001, 0x016A, 0x0001, 0x09AA,
  0x0001, 0x4267, 0x0001, 0x8B45, 0x0001, 0xBC02, 0x0001, 0xDC61, 0x0003, 0xECA0, 0x0001, 0xE481,
  0x0001, 0xCC42, 0x0001, 0xABC3, 0x0001, 0x7B25, 0x0001, 0x3A48, 0x0001, 0x09AA, 0x0001, 0x016B,
  0x0001, 0x018A, 0x0023, 0x09AA, 0x0001, 0x016A, 0x0001, 0x4A67, 0x0001, 0xFD00, 0x0001, 0xFCC0,
  0x0004, 0xFCE0, 0x0001, 0xECA0, 0x0001, 0x19E9, 0x0001, 0x018A, 0x007C, 0x09AA, 0x0001, 0x0169,
  0x0001, 0xC615, 0x0001, 0xFFD9, 0x0001, 0xFFDA, 0x0001, 0x4A8A, 0x0001, 0x0064, 0x0001, 0x08E5,
  0x0006, 0x00C5, 0x0001, 0x08E5, 0x0001, 0x00A4, 0x0001, 0x2187, 0x0001, 0xF758, 0x0001, 0xFFB9,
  0x0001, 0xEF17, 0x0001, 0x11EB, 0x0001, 0x098A, 0x001F, 0x09AA, 0x0001, 0x018A, 0x0001, 0x5AA7,
  0x0001, 0xCC42, 0x0001, 0xFD00, 0x0001, 0xFD20, 0x0002, 0xFD00, 0x0003, 0xFCE0, 0x0003, 0xFD00,
  0x0001, 0xFD20, 0x0001, 0xFCE0, 0x0001, 0xDC61, 0x0001, 0x8B64, 0x0001, 0x3A48, 0x0001, 0x098A,
  0x0022, 0x09AA, 0x0001, 0x016A, 0x0001, 0x4A67, 0x0001, 0xFD00, 0x0005, 0xFCE0, 0x0001, 0xF4A0,
  0x0001, 0x19E9, 0x0001, 0x018A, 0x007B, 0x09AA, 0x0001, 0x098A, 0x0001, 0x11EB, 0x0001, 0xEF17,
  0x0001, 0xFFB9, 0x0001, 0xF758, 0x0001, 0x2187, 0x0001, 0x00A4, 0x0001, 0x08E5, 0x0006, 0x00C5,
  0x0001, 0x08C5, 0x0001, 0x00A5, 0x0001, 0x1126, 0x0001, 0xEEF7, 0x0001, 0xFFB9, 0x0001, 0xF758,
  0x0001, 0x2A4C, 0x0001, 0x0189, 0x001F, 0x09AA, 0x0001, 0xA3A3, 0x0001, 0xFD20, 0x0001, 0xFD00,
  0x0001, 0xFCE0, 0x0001, 0xFCC0, 0x0008, 0xFCE0, 0x0001, 0xFCC0, 0x0001, 0xFCE0, 0x0001, 0xFD00,
  0x0001, 0xFD20, 0x0001, 0xFD00, 0x0001, 0x9B84, 0x0001, 0x018A, 0x0021, 0x09AA, 0x0001, 0x016A,
  0x0001, 0x4A67, 0x0001, 0xFD00, 0x0005, 0xFCE0, 0x0001, 0xF4A0, 0x0001, 0x19E9, 0x0001, 0x018A,
  0x007B, 0x09AA, 0x0001, 0x0189, 0x0001, 0x2A4C, 0x0001, 0xF758, 0x0001, 0xFFB9, 0x0001, 0xEEF7,
  0x0001, 0x1126, 0x0001, 0x00A5, 0x0001, 0x08C5, 0x0007, 0x00C5, 0x0001, 0x08C5, 0x0001, 0x0084,
  0x0001, 0xC614, 0x0002, 0xFFD9, 0x0001, 0x4B0E, 0x0001, 0x0149, 0x001D, 0x09AA, 0x0001, 0x018A,
  0x0001, 0xB3E3, 0x0001, 0xFD20, 0x0001, 0xFCC0, 0x000E, 0xFCE0, 0x0001, 0xFCC0, 0x0001, 0xFD20,
  0x0001, 0x7B25, 0x0001, 0x016A, 0x0021, 0x09AA, 0x0001, 0x016A, 0x0001, 0x4A67, 0x0001, 0xFD00,
  0x0005, 0xFCE0, 0x0001, 0xF4A0, 0x0001, 0x19E9, 0x0001, 0x018A, 0x007B, 0x09AA, 0x0001, 0x0149,
  0x0001, 0x4B0E, 0x0002, 0xFFD9, 0x0001, 0xC614, 0x0001, 0x0084, 0x0001, 0x08C5, 0x0008, 0x00C5,
  0x0001, 0x08E5, 0x0001, 0x0064, 0x0001, 0xAD52, 0x0001, 0xFFDA, 0x0001, 0xFFD9, 0x0001, 0x63CF,
  0x0001, 0x0149, 0x0001, 0x09CA, 0x001B, 0x09AA, 0x0001, 0x016B, 0x0001, 0x8345, 0x0001, 0xFD20,
  0x0001, 0xFCC0, 0x000B, 0xFCE0, 0x0001, 0xFCC0, 0x0004, 0xFCE0, 0x0001, 0xECA0, 0x0001, 0x19E9,
  0x0001, 0x018A, 0x0021, 0x09AA, 0x0001, 0x016A, 0x0001, 0x4A67, 0x0001, 0xFD00, 0x0005, 0xFCE0,
  0x0001, 0xF4A0, 0x0001, 0x19E9, 0x0001, 0x018A, 0x007A, 0x09AA, 0x0001, 0x09CA, 0x0001, 0x0149,
  0x0001, 0x63CF, 0x0001, 0xFFD9, 0x0001, 0xFFDA, 0x0001, 0xAD52, 0x0001, 0x0064, 0x0001, 0x08E5,
  0x0008, 0x00C5, 0x0001, 0x08E5, 0x0001, 0x0043, 0x0001, 0x842F, 0x0001, 0xFFFA, 0x0001, 0xFFD9,
  0x0001, 0x8CD2, 0x0001, 0x0129, 0x0001, 0x09CA, 0x001A, 0x09AA, 0x0001, 0x018A, 0x0001, 0x21E9,
  0x0001, 0xF4C0, 0x0006, 0xFCE0, 0x0002, 0xFD00, 0x0001, 0xFCC0, 0x0001, 0xF4C0, 0x0001, 0xFCC0,
  0x0001, 0xFCE0, 0x0002, 0xFD20, 0x0001, 0xFD00, 0x0001, 0xFCE0, 0x0001, 0xFCC0, 0x0001, 0xFD20,
  0x0001, 0x9B84, 0x0001, 0x016B, 0x0022, 0x09AA, 0x0001, 0x016A, 0x0001, 0x4A67, 0x0001, 0xFD00,
  0x0005, 0xFCE0, 0x0001, 0xF4A0, 0x0001, 0x19E9, 0x0001, 0x018A, 0x007A, 0x09AA, 0x0001, 0x09CA,
  0x0001, 0x0129, 0x0001, 0x8CD2, 0x0001, 0xFFD9, 0x0001, 0xFFFA, 0x0001, 0x842F, 0x0001, 0x0043,
  0x0001, 0x08E5, 0x0008, 0x00C5, 0x0001, 0x08E5, 0x0001, 0x0064, 0x0001, 0x5B0B, 0x0001, 0xFFDA,
  0x0001, 0xFFD9, 0x0001, 0xBDD4, 0x0001, 0x0169, 0x001B, 0x09AA, 0x0001, 0x016B, 0x0001, 0x7305,
  0x0001, 0xFD20, 0x0001, 0xFCC0, 0x0004, 0xFCE0, 0x0001, 0xFD00, 0x0001, 0xD461, 0x0001, 0x62C6,
  0x0001, 0x3228, 0x0001, 0x2209, 0x0001, 0x2A08, 0x0001, 0x3A48, 0x0001, 0x62E6, 0x0001, 0xA3A3,
  0x0001, 0xE481, 0x0003, 0xFD00, 0x0001, 0x3A48, 0x0001, 0x018A, 0x0022, 0x09AA, 0x0001, 0x016A,
  0x0001, 0x4A67, 0x0001, 0xFD00, 0x0005, 0xFCE0, 0x0001, 0xECA0, 0x0001, 0x19E9, 0x0001, 0x018A,
  0x007B, 0x09AA, 0x0001, 0x0169, 0x0001, 0xBDD4, 0x0001, 0xFFD9, 0x0001, 0xFFDA, 0x0001, 0x5B0B,
  0x0001, 0x0064, 0x0001, 0x08E5, 0x0008, 0x00C5, 0x0001, 0x08E5, 0x0001, 0x0084, 0x0001, 0x3A29,
  0x0001, 0xFF99, 0x0001, 0xFFB9, 0x0001, 0xD696, 0x001C, 0x09AA, 0x0001, 0x018A, 0x0001, 0xB3E3,
  0x0001, 0xFD00, 0x0004, 0xFCE0, 0x0001, 0xFD00, 0x0001, 0xCC42, 0x0001, 0x11AA, 0x0001, 0x016B,
  0x0004, 0x018A, 0x0002, 0x016A, 0x0001, 0x11C9, 0x0001, 0x4A87, 0x0002, 0xB3E3, 0x0001, 0x018A,
  0x0006, 0x09AA, 0x0001, 0x018A, 0x0005, 0x016B, 0x0001, 0x018A, 0x0004, 0x09AA, 0x0002, 0x016A,
  0x0001, 0x018A, 0x0001, 0x11CA, 0x0001, 0x11C9, 0x0001, 0x09AA, 0x0002, 0x016A, 0x000A, 0x09AA,
  0x0001, 0x016A, 0x0001, 0x4A67, 0x0001, 0xFD00, 0x0005, 0xFCE0, 0x0001, 0xECA0, 0x0001, 0x19C9,
  0x0002, 0x09AA, 0x0001, 0x018A, 0x0001, 0x016B, 0x0001, 0x018A, 0x0001, 0x09AA, 0x0001, 0x11C9,
  0x0001, 0x11CA, 0x0001, 0x018A, 0x0002, 0x016A, 0x0012, 0x09AA, 0x0001, 0x018A, 0x0001, 0x016B,
  0x0001, 0x018A, 0x0001, 0x09AA, 0x0002, 0x11C9, 0x0001, 0x09AA, 0x0001, 0x018A, 0x0002, 0x016A,
  0x0001, 0x018A, 0x000B, 0x09AA, 0x0001, 0x018A, 0x0005, 0x016B, 0x0001, 0x018A, 0x0005, 0x09AA,
  0x0001, 0x016A, 0x0001, 0x018A, 0x0001, 0x11AA, 0x0001, 0x11C9, 0x0001, 0x09AA, 0x0001, 0x018A,
  0x000A, 0x09AA, 0x0001, 0x018A, 0x0001, 0x016B, 0x0001, 0x016A, 0x0001, 0x01AA, 0x0001, 0x11CA,
  0x0001, 0x11C9, 0x0001, 0x11CA, 0x0001, 0x018A, 0x0001, 0x016A, 0x0001, 0x016B, 0x0001, 0x018A,
  0x0023, 0x09AA, 0x0001, 0xD696, 0x0001, 0xFFB9, 0x0001, 0xFF99, 0x0001, 0x3A29, 0x0001, 0x0084,
  0x0001, 0x08E5, 0x0008, 0x00C5, 0x0001, 0x08C5, 0x0001, 0x00A5, 0x0001, 0x1126, 0x0001, 0xEEF7,
  0x0001, 0xFFB9, 0x0001, 0xF778, 0x0001, 0x2A4C, 0x0001, 0x0189, 0x001B, 0x09AA, 0x0001, 0xD441,
  0x0001, 0xFD00, 0x0004, 0xFCE0, 0x0001, 0xFD00, 0x0001, 0x5AC6, 0x0001, 0x016B, 0x0001, 0x11CA,
  0x0007, 0x09AA, 0x0001, 0x016A, 0x0001, 0x018A, 0x0007, 0x09AA, 0x0001, 0x018A, 0x0001, 0x4267,
  0x0001, 0x7B45, 0x0003, 0x7B25, 0x0001, 0x7B45, 0x0001, 0x3A48, 0x0001, 0x018A, 0x0001, 0x11AA,
  0x0002, 0x018A, 0x0001, 0x4A87, 0x0001, 0x9BA4, 0x0001, 0xCC42, 0x0002, 0xE481, 0x0001, 0xD441,
  0x0001, 0xABE3, 0x0001, 0x6AE6, 0x0001, 0x19C9, 0x0001, 0x016A, 0x0008, 0x09AA, 0x0001, 0x016A,
  0x0001, 0x4A67, 0x0001, 0xFD00, 0x0004, 0xFCE0, 0x0001, 0xFD00, 0x0001, 0xE481, 0x0001, 0x11C9,
  0x0001, 0x018A, 0x0001, 0x016A, 0x0001, 0x2A28, 0x0001, 0x7B45, 0x0001, 0xBC02, 0x0001, 0xDC61,
  0x0001, 0xE481, 0x0001, 0xDC61, 0x0001, 0xCC42, 0x0001, 0xA3A3, 0x0001, 0x62C6, 0x0001, 0x19C9,
  0x0001, 0x016A, 0x000E, 0x09AA, 0x0001, 0x016A, 0x0001, 0x018A, 0x0001, 0x3A68, 0x0001, 0x8345,
  0x0001, 0xB3E3, 0x0001, 0xD441, 0x0002, 0xE481, 0x0001, 0xDC61, 0x0001, 0xC422, 0x0001, 0x9BA4,
  0x0001, 0x62C6, 0x0001, 0x19E9, 0x0001, 0x016A, 0x0001, 0x018A, 0x0008, 0x09AA, 0x0001, 0x018A,
  0x0001, 0x2209, 0x0005, 0x7B25, 0x0001, 0x2A28, 0x0001, 0x018A, 0x0002, 0x09AA, 0x0001, 0x016A,
  0x0001, 0x11C9, 0x0001, 0x7306, 0x0001, 0xBC02, 0x0001, 0xDC61, 0x0001, 0xE481, 0x0001, 0xDC61,
  0x0001, 0xC402, 0x0001, 0x21E9, 0x0001, 0x018A, 0x0006, 0x09AA, 0x0001, 0x018A, 0x0001, 0x016A,
  0x0001, 0x2A28, 0x0001, 0x7305, 0x0001, 0xABC3, 0x0001, 0xCC42, 0x0001, 0xDC61, 0x0001, 0xE481,
  0x0001, 0xDC61, 0x0001, 0xCC42, 0x0001, 0xABC3, 0x0001, 0x7305, 0x0001, 0x2A28, 0x0001, 0x016A,
  0x0001, 0x018A, 0x001F, 0x09AA, 0x0001, 0x0189, 0x0001, 0x2A4C, 0x0001, 0xF778, 0x0001, 0xFFB9,
  0x0001, 0xEEF7, 0x0001, 0x1126, 0x0001, 0x00A5, 0x0001, 0x08C5, 0x0009, 0x00C5, 0x0001, 0x08C5,
  0x0001, 0x0084, 0x0001, 0xC5F4, 0x0002, 0xFFD9, 0x0001, 0x4B4E, 0x0001, 0x0149, 0x001A, 0x09AA,
  0x0001, 0x11AA, 0x0001, 0xDC61, 0x0001, 0xFD00, 0x0005, 0xFCE0, 0x0001, 0x3A48, 0x0001, 0x018A,
  0x0011, 0x09AA, 0x0001, 0x016B, 0x0001, 0x8B64, 0x0001, 0xFD60, 0x0001, 0xFD00, 0x0001, 0xFD20,
  0x0001, 0xFD00, 0x0001, 0xFD40, 0x0001, 0xB3E3, 0x0002, 0x018A, 0x0001, 0x2A09, 0x0001, 0xBC02,
  0x0001, 0xFD00, 0x0001, 0xFD20, 0x0005, 0xFD00, 0x0001, 0xFD20, 0x0001, 0xE4A1, 0x0001, 0x62C6,
  0x0001, 0x016A, 0x0007, 0x09AA, 0x0001, 0x016A, 0x0001, 0x4A67, 0x0001, 0xFD00, 0x0004, 0xFCE0,
  0x0001, 0xFD00, 0x0001, 0xDC61, 0x0001, 0x09AA, 0x0001, 0x11AA, 0x0001, 0x9384, 0x0001, 0xFCE0,
  0x0001, 0xFD20, 0x0005, 0xFD00, 0x0001, 0xFD20, 0x0001, 0xFD00, 0x0001, 0xE4A1, 0x0001, 0x6AE6,
  0x0001, 0x018A, 0x000C, 0x09AA, 0x0001, 0x016A, 0x0001, 0x52A7, 0x0001, 0xC422, 0x0001, 0xFD00,
  0x0001, 0xFD20, 0x0006, 0xFD00, 0x0001, 0xFD20, 0x0001, 0xFD00, 0x0001, 0xECA0, 0x0001, 0x8B64,
  0x0001, 0x19C9, 0x0001, 0x018A, 0x0007, 0x09AA, 0x0001, 0x016A, 0x0001, 0x4A87, 0x0001, 0xFD40,
  0x0001, 0xFD00, 0x0001, 0xFD20, 0x0001, 0xFD00, 0x0001, 0xFD60, 0x0001, 0x8B45, 0x0001, 0x016B,
  0x0001, 0x11CA, 0x0001, 0x016A, 0x0001, 0x52A7, 0x0001, 0xDC81, 0x0001, 0xFD20, 0x0002, 0xFD00,
  0x0001, 0xFCE0, 0x0001, 0xFD00, 0x0001, 0xFCE0, 0x0001, 0x19E9, 0x0001, 0x018A, 0x0005, 0x09AA,
  0x0001, 0x016A, 0x0001, 0x3228, 0x0001, 0xABE3, 0x0001, 0xFCE0, 0x0001, 0xFD20, 0x0006, 0xFD00,
  0x0002, 0xFD20, 0x0001, 0xFCE0, 0x0001, 0xABE3, 0x0001, 0x3228, 0x0001, 0x016A, 0x001E, 0x09AA,
  0x0001, 0x0149, 0x0001, 0x4B4E, 0x0002, 0xFFD9, 0x0001, 0xC5F4, 0x0001, 0x0084, 0x0001, 0x08C5,
  0x000A, 0x00C5, 0x0001, 0x08E5, 0x0001, 0x0043, 0x0001, 0x94B0, 0x0001, 0xFFFA, 0x0001, 0xFFD9,
  0x0001, 0x8491, 0x0001, 0x0149, 0x0001, 0x09CA, 0x001A, 0x09AA, 0x0001, 0xDC61, 0x0001, 0xFD00,
  0x0004, 0xFCE0, 0x0001, 0xFD00, 0x0001, 0x62C6, 0x0001, 0x016B, 0x0001, 0x11CA, 0x0010, 0x09AA,
  0x0001, 0x016B, 0x0001, 0x8345, 0x0001, 0xFD00, 0x0001, 0xF4C0, 0x0002, 0xFCC0, 0x0001, 0xFCE0,
  0x0001, 0xECA0, 0x0001, 0x09AA, 0x0001, 0x2A08, 0x0001, 0xECA1, 0x0001, 0xFD20, 0x0001, 0xFCE0,
  0x0001, 0xFCC0, 0x0005, 0xFCE0, 0x0001, 0xFCC0, 0x0001, 0xFD00, 0x0001, 0xFD20, 0x0001, 0x8345,
  0x0001, 0x016A, 0x0006, 0x09AA, 0x0001, 0x016A, 0x0001, 0x4A67, 0x0001, 0xFD00, 0x0004, 0xFCE0,
  0x0001, 0xFD00, 0x0001, 0xC402, 0x0001, 0x09AA, 0x0001, 0xCC22, 0x0001, 0xFD20, 0x0001, 0xFCE0,
  0x0001, 0xFCC0, 0x0005, 0xFCE0, 0x0002, 0xFCC0, 0x0001, 0xFCE0, 0x0001, 0xFD20, 0x0001, 0x9B84,
  0x0001, 0x018A, 0x0009, 0x09AA, 0x0001, 0x098A, 0x0001, 0x09AA, 0x0001, 0xA3A3, 0x0002, 0xFD00,
  0x0001, 0xFCE0, 0x0001, 0xFCC0, 0x0006, 0xFCE0, 0x0002, 0xFCC0, 0x0001, 0xFCE0, 0x0001, 0xFD20,
  0x0001, 0xDC81, 0x0001, 0x3A48, 0x0001, 0x016A, 0x0006, 0x09AA, 0x0001, 0x016A, 0x0001, 0x4A67,
  0x0001, 0xFD00, 0x0003, 0xFCC0, 0x0001, 0xFD00, 0x0001, 0xBC02, 0x0002, 0x018A, 0x0001, 0x7B05,
  0x0002, 0xFD00, 0x0001, 0xFCC0, 0x0002, 0xFCE0, 0x0001, 0xFCC0, 0x0001, 0xFCE0, 0x0001, 0xDC61,
  0x0001, 0x11AA, 0x0005, 0x09AA, 0x0001, 0x018A, 0x0001, 0x7B05, 0x0001, 0xFCE0, 0x0001, 0xFD00,
  0x0001, 0xFCE0, 0x0001, 0xFCC0, 0x0007, 0xFCE0, 0x0001, 0xFCC0, 0x0001, 0xFCE0, 0x0001, 0xFD20,
  0x0001, 0xF4E0, 0x0001, 0x6AE6, 0x0001, 0x016A, 0x001C, 0x09AA, 0x0001, 0x09CA, 0x0001, 0x0149,
  0x0001, 0x8491, 0x0001, 0xFFD9, 0x0001, 0xFFFA, 0x0001, 0x94B0, 0x0001, 0x0043, 0x0001, 0x08E5,
  0x000A, 0x00C5, 0x0001, 0x08E5, 0x0001, 0x0043, 0x0001, 0x636C, 0x0001, 0xFFFA, 0x0001, 0xFFD9,
  0x0001, 0xBDF5, 0x0001, 0x0169, 0x001A, 0x09AA, 0x0001, 0x018A, 0x0001, 0xC422, 0x0001, 0xFD00,
  0x0004, 0xFCE0, 0x0001, 0xFD00, 0x0001, 0xD461, 0x0001, 0x19C9, 0x0001, 0x016A, 0x0010, 0x09AA,
  0x0001, 0x016B, 0x0001, 0x8345, 0x0001, 0xFD20, 0x0001, 0xFCC0, 0x0003, 0xFCE0, 0x0001, 0xFD00,
  0x0001, 0x6AE6, 0x0001, 0xD441, 0x0001, 0xFD00, 0x0001, 0xFCC0, 0x000A, 0xFCE0, 0x0001, 0xFD20,
  0x0001, 0x6AE6, 0x0001, 0x016B, 0x0005, 0x09AA, 0x0001, 0x016A, 0x0001, 0x4A67, 0x0001, 0xFD00,
  0x0004, 0xFCE0, 0x0001, 0xFD00, 0x0001, 0xB3E3, 0x0001, 0xA3A3, 0x0001, 0xFD20, 0x0001, 0xFCC0,
  0x000A, 0xFCE0, 0x0001, 0xFCC0, 0x0001, 0xFD20, 0x0001, 0x7305, 0x0001, 0x016A, 0x0009, 0x09AA,
  0x0001, 0xBC02, 0x0001, 0xFD20, 0x0005, 0xFCE0, 0x0001, 0xFCC0, 0x0007, 0xFCE0, 0x0001, 0xFCC0,
  0x0001, 0xFD00, 0x0001, 0xF4E0, 0x0001, 0x3A48, 0x0001, 0x018A, 0x0005, 0x09AA, 0x0001, 0x016A,
  0x0001, 0x4A67, 0x0001, 0xFD00, 0x0004, 0xFCE0, 0x0001, 0xECA0, 0x0001, 0x018A, 0x0001, 0x5AC6,
  0x0001, 0xFD20, 0x0006, 0xFCE0, 0x0001, 0xFD00, 0x0001, 0xCC22, 0x0001, 0x018A, 0x0004, 0x09AA,
  0x0001, 0x016A, 0x0001, 0x8B64, 0x0001, 0xFD20, 0x0001, 0xFCE0, 0x0001, 0xFCC0, 0x0007, 0xFCE0,
  0x0001, 0xFCC0, 0x0003, 0xFCE0, 0x0001, 0xFCC0, 0x0001, 0xFCE0, 0x0001, 0xFD20, 0x0001, 0x7306,
  0x0001, 0x016A, 0x001C, 0x09AA, 0x0001, 0x0169, 0x0001, 0xBDF5, 0x0001, 0xFFD9, 0x0001, 0xFFFA,
  0x0001, 0x636C, 0x0001, 0x0043, 0x0001, 0x08E5, 0x000A, 0x00C5, 0x0001, 0x08E5, 0x0001, 0x0084,
  0x0001, 0x29C8, 0x0001, 0xFF79, 0x0001, 0xFFB9, 0x0001, 0xE6D7, 0x0001, 0x11CA, 0x001A, 0x09AA,
  0x0001, 0x016B, 0x0001, 0x9384, 0x0001, 0xFD20, 0x0001, 0xFCC0, 0x0004, 0xFCE0, 0x0001, 0xFD00,
  0x0001, 0xD461, 0x0001, 0x3A48, 0x0001, 0x016B, 0x0001, 0x018A, 0x000E, 0x09AA, 0x0001, 0x016B,
  0x0001, 0x8345, 0x0001, 0xFD20, 0x0001, 0xFCC0, 0x0006, 0xFCE0, 0x0001, 0xFCC0, 0x0001, 0xFCE0,
  0x0003, 0xFD00, 0x0008, 0xFCE0, 0x0001, 0xF4C0, 0x0001, 0x2209, 0x0001, 0x018A, 0x0004, 0x09AA,
  0x0001, 0x016A, 0x0001, 0x4A67, 0x0001, 0xFD00, 0x000A, 0xFCE0, 0x0003, 0xFD00, 0x0008, 0xFCE0,
  0x0001, 0xF4C0, 0x0001, 0x21E9, 0x0001, 0x018A, 0x0006, 0x09AA, 0x0001, 0x018A, 0x0001, 0xA3A3,
  0x0001, 0xFD20, 0x0001, 0xFCC0, 0x0005, 0xFCE0, 0x0001, 0xFD20, 0x0004, 0xFD00, 0x0004, 0xFCE0,
  0x0001, 0xFCC0, 0x0001, 0xFD00, 0x0001, 0xE481, 0x0001, 0x11C9, 0x0005, 0x09AA, 0x0001, 0x016A,
  0x0001, 0x4A67, 0x0001, 0xFD00, 0x0005, 0xFCE0, 0x0001, 0x6AE6, 0x0001, 0xECA0, 0x0006, 0xFCE0,
  0x0001, 0xFCC0, 0x0001, 0xFD00, 0x0001, 0xB3E3, 0x0001, 0x018A, 0x0003, 0x09AA, 0x0001, 0x016A,
  0x0001, 0x6AE6, 0x0001, 0xFD20, 0x0006, 0xFCE0, 0x0001, 0xFD20, 0x0003, 0xFD00, 0x0001, 0xFD20,
  0x0006, 0xFCE0, 0x0001, 0xFD00, 0x0001, 0x4268, 0x0001, 0x018A, 0x001B, 0x09AA, 0x0001, 0x11CA,
  0x0001, 0xE6D7, 0x0001, 0xFFB9, 0x0001, 0xFF79, 0x0001, 0x29C8, 0x0001, 0x0084, 0x0001, 0x08E5,
  0x000C, 0x00C5, 0x0001, 0x08C5, 0x0001, 0xDE76, 0x0001, 0xFFD9, 0x0001, 0xFFB9, 0x0001, 0x3ACD,
  0x0001, 0x0169, 0x0019, 0x09AA, 0x0001, 0x018A, 0x0001, 0x4267, 0x0001, 0xFD00, 0x0006, 0xFCE0,
  0x0001, 0xFD00, 0x0001, 0xFCE0, 0x0001, 0xA3A4, 0x0001, 0x2A28, 0x0001, 0x016A, 0x0001, 0x018A,
  0x000C, 0x09AA, 0x0001, 0x016B, 0x0001, 0x8345, 0x0001, 0xFD20, 0x0001, 0xFCC0, 0x0005, 0xFCE0,
  0x0001, 0xFCC0, 0x0002, 0xFD00, 0x0001, 0xE481, 0x0001, 0xCC42, 0x0001, 0xD461, 0x0001, 0xFCE0,
  0x0001, 0xFD00, 0x0005, 0xFCE0, 0x0001, 0xFCC0, 0x0001, 0xFD20, 0x0001, 0x9B84, 0x0001, 0x016A,
  0x0004, 0x09AA, 0x0001, 0x016A, 0x0001, 0x4A67, 0x0001, 0xFD00, 0x0008, 0xFCE0, 0x0001, 0xFD00,
  0x0001, 0xFCE0, 0x0001, 0xDC61, 0x0001, 0xCC42, 0x0001, 0xDC61, 0x0001, 0xFCE0, 0x0001, 0xFD00,
  0x0005, 0xFCE0, 0x0001, 0xFCC0, 0x0001, 0xFD20, 0x0001, 0x7B25, 0x0001, 0x016B, 0x0005, 0x09AA,
  0x0001, 0x016A, 0x0001, 0x52A7, 0x0001, 0xFD00, 0x0001, 0xFCC0, 0x0004, 0xFCE0, 0x0001, 0xFD00,
  0x0001, 0xECC0, 0x0001, 0x8B45, 0x0001, 0x4A87, 0x0001, 0x4268, 0x0001, 0x52A7, 0x0001, 0xA3A3,
  0x0005, 0xFCE0, 0x0001, 0xFCC0, 0x0001, 0xFD20, 0x0001, 0x9364, 0x0001, 0x016B, 0x0004, 0x09AA,
  0x0001, 0x016A, 0x0001, 0x4A67, 0x0001, 0xFD00, 0x0009, 0xFCE0, 0x0001, 0xFCC0, 0x0001, 0xFCE0,
  0x0002, 0xFD00, 0x0001, 0xFCE0, 0x0001, 0xFD20, 0x0001, 0x9B84, 0x0001, 0x016A, 0x0002, 0x09AA,
  0x0001, 0x018A, 0x0001, 0x2209, 0x0001, 0xF4C0, 0x0007, 0xFCE0, 0x0001, 0xA3A3, 0x0001, 0x52A7,
  0x0001, 0x4268, 0x0001, 0x4A87, 0x0001, 0x8B44, 0x0001, 0xF4C0, 0x0001, 0xFD00, 0x0003, 0xFCE0,
  0x0001, 0xFCC0, 0x0001, 0xFD00, 0x0001, 0xCC22, 0x0001, 0x018A, 0x001A, 0x09AA, 0x0001, 0x0169,
  0x0001, 0x3ACD, 0x0001, 0xFFB9, 0x0001, 0xFFD9, 0x0001, 0xDE76, 0x0001, 0x08C5, 0x000D, 0x00C5,
  0x0001, 0x08E5, 0x0001, 0x0064, 0x0001, 0xAD72, 0x0001, 0xFFDA, 0x0001, 0xFFF9, 0x0001, 0x7430,
  0x0001, 0x0149, 0x0001, 0x09CA, 0x0019, 0x09AA, 0x0001, 0x018A, 0x0001, 0xB3E3, 0x0001, 0xFD20,
  0x0001, 0xFCC0, 0x0006, 0xFCE0, 0x0001, 0xFD20, 0x0001, 0xF4E0, 0x0001, 0x9BA4, 0x0001, 0x3228,
  0x0001, 0x016A, 0x0001, 0x018A, 0x000A, 0x09AA, 0x0001, 0x016B, 0x0001, 0x8345, 0x0001, 0xFD20,
  0x0001, 0xFCC0, 0x0005, 0xFCE0, 0x0001, 0xFD00, 0x0001, 0xD461, 0x0001, 0x4A67, 0x0001, 0x11C9,
  0x0002, 0x09AA, 0x0001, 0x2A08, 0x0001, 0xABC3, 0x0001, 0xFD00, 0x0006, 0xFCE0, 0x0001, 0xECA0,
  0x0001, 0x19E9, 0x0001, 0x018A, 0x0003, 0x09AA, 0x0001, 0x016A, 0x0001, 0x4A67, 0x0001, 0xFD00,
  0x0007, 0xFCE0, 0x0001, 0xFD00, 0x0001, 0xABE3, 0x0001, 0x3228, 0x0001, 0x11AA, 0x0002, 0x09AA,
  0x0001, 0x3A48, 0x0001, 0xD461, 0x0001, 0xFD00, 0x0005, 0xFCE0, 0x0001, 0xFD00, 0x0001, 0xBC02,
  0x0001, 0x018A, 0x0006, 0x09AA, 0x0001, 0xD441, 0x0001, 0xFD00, 0x0004, 0xFCE0, 0x0001, 0xFD00,
  0x0001, 0xDC61, 0x0001, 0x2A09, 0x0001, 0x016B, 0x0002, 0x018A, 0x0001, 0x016A, 0x0001, 0x016B,
  0x0001, 0x5AA6, 0x0006, 0xFCE0, 0x0001, 0xF4A0, 0x0001, 0x19E9, 0x0001, 0x018A, 0x0003, 0x09AA,
  0x0001, 0x016A, 0x0001, 0x4A67, 0x0001, 0xFD00, 0x0009, 0xFCE0, 0x0001, 0xFD20, 0x0001, 0xFCC0,
  0x0001, 0xDC61, 0x0001, 0xCC42, 0x0001, 0xD441, 0x0001, 0xECC0, 0x0001, 0x7B25, 0x0001, 0x016B,
  0x0002, 0x09AA, 0x0001, 0x016B, 0x0001, 0x9B84, 0x0001, 0xFD20, 0x0001, 0xFCC0, 0x0004, 0xFCE0,
  0x0001, 0xF4E0, 0x0001, 0x5287, 0x0001, 0x016B, 0x0001, 0x016A, 0x0002, 0x018A, 0x0001, 0x016B,
  0x0001, 0x3228, 0x0001, 0xE481, 0x0001, 0xFD00, 0x0004, 0xFCE0, 0x0001, 0xFD00, 0x0001, 0x4A87,
  0x0001, 0x016A, 0x0018, 0x09AA, 0x0001, 0x09CA, 0x0001, 0x0149, 0x0001, 0x7430, 0x0001, 0xFFF9,
  0x0001, 0xFFDA, 0x0001, 0xAD72, 0x0001, 0x0064, 0x0001, 0x08E5, 0x000C, 0x00C5, 0x0001, 0x08E5,
  0x0001, 0x0043, 0x0001, 0x73CE, 0x0001, 0xFFFA, 0x0001, 0xFFD9, 0x0001, 0xB5B4, 0x0001, 0x0149,
  0x001A, 0x09AA, 0x0001, 0x018A, 0x0001, 0x21E9, 0x0001, 0xECA0, 0x0001, 0xFD00, 0x0001, 0xFCC0,
  0x0005, 0xFCE0, 0x0001, 0xFCC0, 0x0001, 0xFCE0, 0x0001, 0xFD20, 0x0001, 0xFCE0, 0x0001, 0xA3A4,
  0x0001, 0x2A08, 0x0001, 0x016A, 0x0009, 0x09AA, 0x0001, 0x016B, 0x0001, 0x8345, 0x0001, 0xFD20,
  0x0001, 0xFCC0, 0x0005, 0xFCE0, 0x0001, 0xE481, 0x0001, 0x19E9, 0x0001, 0x016B, 0x0003, 0x09AA,
  0x0001, 0x018A, 0x0001, 0x016A, 0x0001, 0xB3E3, 0x0001, 0xFD00, 0x0001, 0xFCC0, 0x0004, 0xFCE0,
  0x0001, 0xFD00, 0x0001, 0x52A7, 0x0001, 0x016A, 0x0003, 0x09AA, 0x0001, 0x016A, 0x0001, 0x4A67,
  0x0001, 0xFD00, 0x0006, 0xFCE0, 0x0001, 0xFD00, 0x0001, 0xABC3, 0x0001, 0x016A, 0x0001, 0x018A,
  0x0003, 0x09AA, 0x0001, 0x016B, 0x0001, 0x2209, 0x0001, 0xF4C0, 0x0005, 0xFCE0, 0x0001, 0xFD00,
  0x0001, 0xDC61, 0x0001, 0x11CA, 0x0004, 0x09AA, 0x0001, 0x016A, 0x0001, 0x4A87, 0x0001, 0xFD00,
  0x0006, 0xFCE0, 0x0001, 0x3A48, 0x0001, 0x016B, 0x0001, 0x11CA, 0x0003, 0x09AA, 0x0001, 0x11CA,
  0x0001, 0x014B, 0x0001, 0x8B64, 0x0001, 0xFD20, 0x0001, 0xFCC0, 0x0002, 0xFCE0, 0x0001, 0xFCC0,
  0x0001, 0xFD20, 0x0001, 0x62C6, 0x0001, 0x016A, 0x0003, 0x09AA, 0x0001, 0x016A, 0x0001, 0x4A67,
  0x0001, 0xFD00, 0x0007, 0xFCE0, 0x0001, 0xFD00, 0x0001, 0xE4A1, 0x0001, 0x7305, 0x0001, 0x2A09,
  0x0003, 0x09AA, 0x0001, 0x19E9, 0x0001, 0x19C9, 0x0002, 0x09AA, 0x0001, 0x018A, 0x0001, 0x19E9,
  0x0001, 0xECA0, 0x0005, 0xFCE0, 0x0001, 0xFD00, 0x0001, 0x7305, 0x0001, 0x014B, 0x0001, 0x11CA,
  0x0003, 0x09AA, 0x0001, 0x11CA, 0x0001, 0x016B, 0x0001, 0x5287, 0x0001, 0xFD00, 0x0004, 0xFCE0,
  0x0001, 0xFD20, 0x0001, 0xA3A4, 0x0001, 0x016A, 0x0019, 0x09AA, 0x0001, 0x0149, 0x0001, 0xB5B4,
  0x0001, 0xFFD9, 0x0001, 0xFFFA, 0x0001, 0x73CE, 0x0001, 0x0043, 0x0001, 0x08E5, 0x000C, 0x00C5,
  0x0001, 0x08E5, 0x0001, 0x0084, 0x0001, 0x29E8, 0x0001, 0xFF79, 0x0001, 0xFFB9, 0x0001, 0xE6F7,
  0x0001, 0x11CA, 0x001B, 0x09AA, 0x0001, 0x018A, 0x0001, 0x3A48, 0x0001, 0xECC0, 0x0001, 0xFD00,
  0x0001, 0xFCC0, 0x0006, 0xFCE0, 0x0001, 0xFCC0, 0x0001, 0xFCE0, 0x0001, 0xFD20, 0x0001, 0xF4C0,
  0x0001, 0x8B65, 0x0001, 0x11AA, 0x0001, 0x018A, 0x0007, 0x09AA, 0x0001, 0x016B, 0x0001, 0x8345,
  0x0001, 0xFD20, 0x0001, 0xFCC0, 0x0003, 0xFCE0, 0x0001, 0xFCC0, 0x0001, 0xFD20, 0x0001, 0x7305,
  0x0001, 0x016B, 0x0001, 0x11CA, 0x0003, 0x09AA, 0x0001, 0x11AA, 0x0001, 0x018A, 0x0001, 0x3228,
  0x0005, 0xFCE0, 0x0001, 0xFCC0, 0x0001, 0xFD20, 0x0001, 0x9364, 0x0001, 0x016B, 0x0003, 0x09AA,
  0x0001, 0x016A, 0x0001, 0x4A67, 0x0001, 0xFD00, 0x0006, 0xFCE0, 0x0001, 0xECA0, 0x0001, 0x19E9,
  0x0001, 0x018A, 0x0004, 0x09AA, 0x0001, 0x11CA, 0x0001, 0x016B, 0x0001, 0x9BA4, 0x0001, 0xFD20,
  0x0001, 0xFCC0, 0x0004, 0xFCE0, 0x0001, 0xF4A0, 0x0001, 0x19E9, 0x0001, 0x018A, 0x0003, 0x09AA,
  0x0001, 0x016B, 0x0001, 0x9B84, 0x0001, 0xFD20, 0x0001, 0xFCC0, 0x0003, 0xFCE0, 0x0001, 0xFD00,
  0x0001, 0xBC02, 0x0001, 0x018A, 0x0001, 0x11C9, 0x0004, 0x09AA, 0x0001, 0x11AA, 0x0001, 0x09AA,
  0x0001, 0x3228, 0x0004, 0xFCE0, 0x0001, 0xFCC0, 0x0001, 0xFD20, 0x0001, 0xA3A4, 0x0001, 0x016A,
  0x0003, 0x09AA, 0x0001, 0x016A, 0x0001, 0x4A67, 0x0001, 0xFD00, 0x0006, 0xFCE0, 0x0001, 0xFD00,
  0x0001, 0xCC42, 0x0001, 0x19E9, 0x0001, 0x016B, 0x0001, 0x018A, 0x0003, 0x09AA, 0x0001, 0x018A,
  0x0003, 0x09AA, 0x0001, 0x016A, 0x0001, 0x5AC6, 0x0001, 0xFD00, 0x0005, 0xFCE0, 0x0001, 0xECA0,
  0x0001, 0x19E9, 0x0001, 0x09AA, 0x0001, 0x11AA, 0x0006, 0x09AA, 0x0001, 0xDC61, 0x0001, 0xFD00,
  0x0003, 0xFCE0, 0x0001, 0xFD00, 0x0001, 0xD461, 0x001A, 0x09AA, 0x0001, 0x11CA, 0x0001, 0xE6F7,
  0x0001, 0xFFB9, 0x0001, 0xFF79, 0x0001, 0x29E8, 0x0001, 0x0084, 0x0001, 0x08E5, 0x000E, 0x00C5,
  0x0001, 0x08C5, 0x0001, 0xDE96, 0x0001, 0xFFD9, 0x0001, 0xFFB9, 0x0001, 0x42ED, 0x0001, 0x0169,
  0x001B, 0x09AA, 0x0001, 0x018A, 0x0001, 0x2A08, 0x0001, 0xCC42, 0x0001, 0xFD20, 0x0001, 0xFCE0,
  0x0001, 0xFCC0, 0x0006, 0xFCE0, 0x0001, 0xFCC0, 0x0001, 0xFCE0, 0x0001, 0xFD20, 0x0001, 0xD461,
  0x0001, 0x3A48, 0x0001, 0x016A, 0x0006, 0x09AA, 0x0001, 0x016B, 0x0001, 0x8345, 0x0001, 0xFD20,
  0x0001, 0xFCC0, 0x0005, 0xFCE0, 0x0001, 0x2A28, 0x0001, 0x018A, 0x0006, 0x09AA, 0x0001, 0x018A,
  0x0001, 0xC422, 0x0001, 0xFD00, 0x0004, 0xFCE0, 0x0001, 0xFD00, 0x0001, 0xBC02, 0x0001, 0x018A,
  0x0003, 0x09AA, 0x0001, 0x016A, 0x0001, 0x4A67, 0x0001, 0xFD00, 0x0004, 0xFCE0, 0x0001, 0xFCC0,
  0x0001, 0xFD20, 0x0001, 0xA3A4, 0x0001, 0x016B, 0x0006, 0x09AA, 0x0001, 0x016A, 0x0001, 0x62C6,
  0x0001, 0xFD00, 0x0005, 0xFCE0, 0x0001, 0xF4C0, 0x0001, 0x21E9, 0x0001, 0x018A, 0x0003, 0x09AA,
  0x0001, 0x01AA, 0x0001, 0xD442, 0x0001, 0xFD00, 0x0003, 0xFCE0, 0x0001, 0xFCC0, 0x0001, 0xFD20,
  0x0001, 0x6AE6, 0x0001, 0x012B, 0x0001, 0x018A, 0x0005, 0x016A, 0x0001, 0x016B, 0x0001, 0x018A,
  0x0001, 0xDC61, 0x0001, 0xFD00, 0x0003, 0xFCE0, 0x0001, 0xFD00, 0x0001, 0xC422, 0x0001, 0x018A,
  0x0003, 0x09AA, 0x0001, 0x016A, 0x0001, 0x4A67, 0x0001, 0xFD00, 0x0006, 0xFCE0, 0x0001, 0xECA0,
  0x0001, 0x21E9, 0x0001, 0x018A, 0x0001, 0x11CA, 0x0008, 0x09AA, 0x0001, 0x016B, 0x0001, 0x9B84,
  0x0001, 0xFD20, 0x0001, 0xFCC0, 0x0003, 0xFCE0, 0x0001, 0xFD20, 0x0001, 0xABC3, 0x0001, 0x014B,
  0x0001, 0x018A, 0x0005, 0x016A, 0x0001, 0x018A, 0x0001, 0x014B, 0x0001, 0xA3A4, 0x0001, 0xFD20,
  0x0001, 0xFCC0, 0x0003, 0xFCE0, 0x0001, 0xF4C0, 0x0001, 0x21E9, 0x0001, 0x018A, 0x0017, 0x09AA,
  0x0001, 0x0169, 0x0001, 0x42ED, 0x0001, 0xFFB9, 0x0001, 0xFFD9, 0x0001, 0xDE96, 0x0001, 0x08C5,
  0x000F, 0x00C5, 0x0001, 0x08E5, 0x0001, 0x0064, 0x0001, 0xA511, 0x0001, 0xFFFA, 0x0001, 0xFFD9,
  0x0001, 0x94F2, 0x0001, 0x0149, 0x0001, 0x09CA, 0x001B, 0x09AA, 0x0001, 0x018A, 0x0001, 0x09AA,
  0x0001, 0x8345, 0x0001, 0xF4C0, 0x0001, 0xFD20, 0x0001, 0xFCE0, 0x0001, 0xFCC0, 0x0006, 0xFCE0,
  0x0001, 0xFCC0, 0x0001, 0xFD00, 0x0001, 0xFCE0, 0x0001, 0x52A7, 0x0001, 0x016A, 0x0005, 0x09AA,
  0x0001, 0x016B, 0x0001, 0x8345, 0x0001, 0xFD20, 0x0001, 0xFCC0, 0x0003, 0xFCE0, 0x0001, 0xFD00,
  0x0001, 0xE481, 0x0001, 0x11C9, 0x0007, 0x09AA, 0x0001, 0x016B, 0x0001, 0x9364, 0x0001, 0xFD20,
  0x0001, 0xFCC0, 0x0003, 0xFCE0, 0x0001, 0xFD00, 0x0001, 0xD461, 0x0004, 0x09AA, 0x0001, 0x016A,
  0x0001, 0x4A67, 0x0001, 0xFD00, 0x0005, 0xFCE0, 0x0001, 0xFD00, 0x0001, 0x62C6, 0x0001, 0x016A,
  0x0006, 0x09AA, 0x0001, 0x018A, 0x0001, 0x4A67, 0x0001, 0xFD00, 0x0005, 0xFCE0, 0x0001, 0xF4C0,
  0x0001, 0x21E9, 0x0001, 0x018A, 0x0002, 0x09AA, 0x0001, 0x018A, 0x0001, 0x19E9, 0x0001, 0xECA0,
  0x0005, 0xFCE0, 0x0001, 0xFD00, 0x0001, 0x9B84, 0x0001, 0x62C6, 0x0007, 0x6AE6, 0x0001, 0x62E6,
  0x0001, 0xE481, 0x0001, 0xFD00, 0x0003, 0xFCE0, 0x0001, 0xFD00, 0x0001, 0xDC61, 0x0004, 0x09AA,
  0x0001, 0x016A, 0x0001, 0x4A67, 0x0001, 0xFD00, 0x0004, 0xFCE0, 0x0001, 0xFCC0, 0x0001, 0xFD20,
  0x0001, 0x8345, 0x0001, 0x016B, 0x0001, 0x11CA, 0x0009, 0x09AA, 0x0001, 0x018A, 0x0001, 0xC402,
  0x0001, 0xFD00, 0x0004, 0xFCE0, 0x0001, 0xFD00, 0x0001, 0xBC02, 0x0001, 0x62C6, 0x0007, 0x6AE6,
  0x0001, 0x62C6, 0x0001, 0xBC02, 0x0001, 0xFD00, 0x0005, 0xFCE0, 0x0001, 0x3228, 0x0001, 0x018A,
  0x0016, 0x09AA, 0x0001, 0x09CA, 0x0001, 0x0149, 0x0001, 0x94F2, 0x0001, 0xFFD9, 0x0001, 0xFFFA,
  0x0001, 0xA511, 0x0001, 0x0064, 0x0001, 0x08E5, 0x000E, 0x00C5, 0x0001, 0x08E5, 0x0001, 0x0064,
  0x0001, 0x52CB, 0x0001, 0xFFDA, 0x0001, 0xFFB9, 0x0001, 0xCE56, 0x0001, 0x0189, 0x001E, 0x09AA,
  0x0001, 0x016B, 0x0001, 0x2A09, 0x0001, 0x9B84, 0x0001, 0xF4C0, 0x0001, 0xFD20, 0x0001, 0xFCE0,
  0x0001, 0xFCC0, 0x0005, 0xFCE0, 0x0001, 0xFCC0, 0x0002, 0xFCE0, 0x0001, 0x4248, 0x0001, 0x018A,
  0x0004, 0x09AA, 0x0001, 0x016B, 0x0001, 0x8345, 0x0001, 0xFD20, 0x0001, 0xFCC0, 0x0003, 0xFCE0,
  0x0001, 0xFD00, 0x0001, 0xCC42, 0x0001, 0x018A, 0x0007, 0x09AA, 0x0001, 0x016B, 0x0001, 0x6B06,
  0x0001, 0xFD20, 0x0001, 0xFCC0, 0x0004, 0xFCE0, 0x0001, 0xEC81, 0x0001, 0x11C9, 0x0003, 0x09AA,
  0x0001, 0x016A, 0x0001, 0x4A67, 0x0001, 0xFD00, 0x0006, 0xFCE0, 0x0001, 0x3A48, 0x0001, 0x018A,
  0x0006, 0x09AA, 0x0001, 0x018A, 0x0001, 0x4268, 0x0001, 0xFD00, 0x0005, 0xFCE0, 0x0001, 0xF4C0,
  0x0001, 0x21E9, 0x0001, 0x018A, 0x0002, 0x09AA, 0x0001, 0x018A, 0x0001, 0x3228, 0x0007, 0xFCE0,
  0x0001, 0xFD00, 0x0001, 0xFD20, 0x0008, 0xFD00, 0x0005, 0xFCE0, 0x0001, 0xFD00, 0x0001, 0xE481,
  0x0001, 0x11C9, 0x0003, 0x09AA, 0x0001, 0x016A, 0x0001, 0x4A67, 0x0001, 0xFD00, 0x0006, 0xFCE0,
  0x0001, 0x3A48, 0x0001, 0x018A, 0x000B, 0x09AA, 0x0001, 0xDC61, 0x0001, 0xFD00, 0x0005, 0xFCE0,
  0x0001, 0xFD00, 0x0001, 0xFD20, 0x0007, 0xFD00, 0x0001, 0xFD20, 0x0001, 0xFD00, 0x0006, 0xFCE0,
  0x0001, 0x3A48, 0x0001, 0x018A, 0x0017, 0x09AA, 0x0001, 0x0189, 0x0001, 0xCE56, 0x0001, 0xFFB9,
  0x0001, 0xFFDA, 0x0001, 0x52CB, 0x0001, 0x0064, 0x0001, 0x08E5, 0x000E, 0x00C5, 0x0001, 0x08C5,
  0x0001, 0x00A4, 0x0001, 0x1146, 0x0001, 0xEF17, 0x0001, 0xFFB9, 0x0001, 0xFF79, 0x0001, 0x328C,
  0x0001, 0x0169, 0x001E, 0x09AA, 0x0001, 0x018A, 0x0001, 0x016A, 0x0001, 0x2A09, 0x0001, 0x9384,
  0x0001, 0xF4C0, 0x0001, 0xFD20, 0x0006, 0xFCE0, 0x0001, 0xFCC0, 0x0001, 0xFD00, 0x0001, 0xDC61,
  0x0005, 0x09AA, 0x0001, 0x016B, 0x0001, 0x8345, 0x0001, 0xFD20, 0x0001, 0xFCC0, 0x0003, 0xFCE0,
  0x0001, 0xFD00, 0x0001, 0xC402, 0x0001, 0x018A, 0x0007, 0x09AA, 0x0001, 0x016A, 0x0001, 0x5AC6,
  0x0001, 0xFD00, 0x0005, 0xFCE0, 0x0001, 0xF4A0, 0x0001, 0x19E9, 0x0001, 0x018A, 0x0002, 0x09AA,
  0x0001, 0x016A, 0x0001, 0x4A67, 0x0001, 0xFD00, 0x0005, 0xFCE0, 0x0001, 0xFCC0, 0x0001, 0x2A09,
  0x0001, 0x018A, 0x0006, 0x09AA, 0x0001, 0x018A, 0x0001, 0x4268, 0x0001, 0xFD00, 0x0005, 0xFCE0,
  0x0001, 0xF4C0, 0x0001, 0x21E9, 0x0001, 0x018A, 0x0002, 0x09AA, 0x0001, 0x018A, 0x0001, 0x4268,
  0x0001, 0xFD00, 0x0015, 0xFCE0, 0x0001, 0xFD00, 0x0001, 0xE481, 0x0001, 0x11C9, 0x0003, 0x09AA,
  0x0001, 0x016A, 0x0001, 0x4A67, 0x0001, 0xFD00, 0x0005, 0xFCE0, 0x0001, 0xF4C0, 0x0001, 0x21E9,
  0x0001, 0x018A, 0x000A, 0x09AA, 0x0001, 0x11C9, 0x0001, 0xE481, 0x0017, 0xFCE0, 0x0001, 0x4268,
  0x0001, 0x018A, 0x0016, 0x09AA, 0x0001, 0x0169, 0x0001, 0x328C, 0x0001, 0xFF79, 0x0001, 0xFFB9,
  0x0001, 0xEF17, 0x0001, 0x1146, 0x0001, 0x00A4, 0x0001, 0x08C5, 0x000F, 0x00C5, 0x0001, 0x08E5,
  0x0001, 0x0084, 0x0001, 0xB593, 0x0001, 0xFFDA, 0x0001, 0xFFFA, 0x0001, 0x7C51, 0x0001, 0x0129,
  0x0001, 0x09CA, 0x001F, 0x09AA, 0x0001, 0x018A, 0x0001, 0x016B, 0x0001, 0x2A09, 0x0001, 0x9384,
  0x0001, 0xFCE0, 0x0001, 0xFD00, 0x0001, 0xFCC0, 0x0004, 0xFCE0, 0x0001, 0xFCC0, 0x0001, 0xFD20,
  0x0001, 0x62E6, 0x0001, 0x016A, 0x0003, 0x09AA, 0x0001, 0x016B, 0x0001, 0x8345, 0x0001, 0xFD20,
  0x0001, 0xFCC0, 0x0003, 0xFCE0, 0x0001, 0xFD00, 0x0001, 0xC402, 0x0001, 0x018A, 0x0007, 0x09AA,
  0x0001, 0x016A, 0x0001, 0x5AA7, 0x0001, 0xFD00, 0x0005, 0xFCE0, 0x0001, 0xF4C0, 0x0001, 0x21E9,
  0x0001, 0x018A, 0x0002, 0x09AA, 0x0001, 0x016A, 0x0001, 0x4A67, 0x0001, 0xFD00, 0x0005, 0xFCE0,
  0x0001, 0xF4A0, 0x0001, 0x19E9, 0x0001, 0x018A, 0x0006, 0x09AA, 0x0001, 0x018A, 0x0001, 0x4268,
  0x0001, 0xFD00, 0x0005, 0xFCE0, 0x0001, 0xF4C0, 0x0001, 0x21E9, 0x0001, 0x018A, 0x0002, 0x09AA,
  0x0001, 0x018A, 0x0001, 0x4267, 0x0001, 0xFD00, 0x0007, 0xFCE0, 0x000E, 0xFCC0, 0x0001, 0xFCE0,
  0x0001, 0xE481, 0x0001, 0x11C9, 0x0003, 0x09AA, 0x0001, 0x016A, 0x0001, 0x4A67, 0x0001, 0xFD00,
  0x0005, 0xFCE0, 0x0001, 0xF4A0, 0x0001, 0x19E9, 0x0001, 0x018A, 0x0009, 0x09AA, 0x0001, 0x018A,
  0x0001, 0x19C9, 0x0001, 0xECA0, 0x0007, 0xFCE0, 0x000F, 0xFCC0, 0x0001, 0xFCE0, 0x0001, 0x3A68,
  0x0001, 0x018A, 0x0015, 0x09AA, 0x0001, 0x09CA, 0x0001, 0x0129, 0x0001, 0x7C51, 0x0001, 0xFFFA,
  0x0001, 0xFFDA, 0x0001, 0xB593, 0x0001, 0x0084, 0x0001, 0x08E5, 0x0010, 0x00C5, 0x0001, 0x08E5,
  0x0001, 0x0043, 0x0001, 0x634C, 0x0001, 0xFFFA, 0x0001, 0xFFB9, 0x0001, 0xCE55, 0x0001, 0x0189,
  0x0022, 0x09AA, 0x0001, 0x018A, 0x0001, 0x016B, 0x0001, 0x3A48, 0x0001, 0xD461, 0x0001, 0xFD00,
  0x0005, 0xFCE0, 0x0001, 0xFD00, 0x0001, 0xB3E3, 0x0001, 0x016A, 0x0003, 0x09AA, 0x0001, 0x016B,
  0x0001, 0x8345, 0x0001, 0xFD20, 0x0001, 0xFCC0, 0x0003, 0xFCE0, 0x0001, 0xFD00, 0x0001, 0xC422,
  0x0001, 0x018A, 0x0007, 0x09AA, 0x0001, 0x016A, 0x0001, 0x5AC6, 0x0001, 0xFD00, 0x0005, 0xFCE0,
  0x0001, 0xF4A0, 0x0001, 0x19E9, 0x0001, 0x018A, 0x0002, 0x09AA, 0x0001, 0x016A, 0x0001, 0x4A67,
  0x0001, 0xFD00, 0x0005, 0xFCE0, 0x0001, 0xF4A0, 0x0001, 0x19E9, 0x0001, 0x018A, 0x0006, 0x09AA,
  0x0001, 0x018A, 0x0001, 0x4268, 0x0001, 0xFD00, 0x0005, 0xFCE0, 0x0001, 0xF4C0, 0x0001, 0x21E9,
  0x0001, 0x018A, 0x0002, 0x09AA, 0x0001, 0x018A, 0x0001, 0x4267, 0x0001, 0xFD00, 0x0006, 0xFCE0,
  0x0001, 0xFD00, 0x000D, 0xFD20, 0x0001, 0xFD00, 0x0001, 0xFD40, 0x0001, 0xF4C0, 0x0001, 0x11C9,
  0x0003, 0x09AA, 0x0001, 0x016A, 0x0001, 0x4A67, 0x0001, 0xFD00, 0x0005, 0xFCE0, 0x0001, 0xF4A0,
  0x0001, 0x19E9, 0x0001, 0x018A, 0x0009, 0x09AA, 0x0001, 0x018A, 0x0001, 0x19C9, 0x0001, 0xECA0,
  0x0006, 0xFCE0, 0x0001, 0xFD00, 0x0010, 0xFD20, 0x0001, 0x4267, 0x0001, 0x018A, 0x0016, 0x09AA,
  0x0001, 0x0189, 0x0001, 0xCE55, 0x0001, 0xFFB9, 0x0001, 0xFFFA, 0x0001, 0x634C, 0x0001, 0x0043,
  0x0001, 0x08E5, 0x0010, 0x00C5, 0x0001, 0x08C5, 0x0001, 0x00A4, 0x0001, 0x1967, 0x0001, 0xF738,
  0x0001, 0xFFB9, 0x0001, 0xFF99, 0x0001, 0x328C, 0x0001, 0x0169, 0x0022, 0x09AA, 0x0001, 0x11AA,
  0x0001, 0x018A, 0x0001, 0x11C9, 0x0001, 0xD442, 0x0001, 0xFD00, 0x0004, 0xFCE0, 0x0001, 0xFD00,
  0x0001, 0xDC61, 0x0001, 0x11AA, 0x0003, 0x09AA, 0x0001, 0x016B, 0x0001, 0x8345, 0x0001, 0xFD20,
  0x0001, 0xFCC0, 0x0003, 0xFCE0, 0x0001, 0xFD00, 0x0001, 0xD442, 0x0008, 0x09AA, 0x0001, 0x016A,
  0x0001, 0x6B06, 0x0001, 0xFD20, 0x0001, 0xFCC0, 0x0004, 0xFCE0, 0x0001, 0xECA0, 0x0001, 0x11C9,
  0x0001, 0x098A, 0x0002, 0x09AA, 0x0001, 0x016A, 0x0001, 0x4A67, 0x0001, 0xFD00, 0x0005, 0xFCE0,
  0x0001, 0xF4A0, 0x0001, 0x19E9, 0x0001, 0x018A, 0x0006, 0x09AA, 0x0001, 0x018A, 0x0001, 0x4268,
  0x0001, 0xFD00, 0x0005, 0xFCE0, 0x0001, 0xF4C0, 0x0001, 0x21E9, 0x0001, 0x018A, 0x0002, 0x09AA,
  0x0001, 0x018A, 0x0001, 0x3A48, 0x0007, 0xFCE0, 0x0001, 0x9364, 0x000F, 0x7B25, 0x0001, 0x7305,
  0x0001, 0x11AA, 0x0003, 0x09AA, 0x0001, 0x016A, 0x0001, 0x4A67, 0x0001, 0xFD00, 0x0005, 0xFCE0,
  0x0001, 0xF4A0, 0x0001, 0x19E9, 0x0001, 0x018A, 0x000A, 0x09AA, 0x0001, 0x11C9, 0x0001, 0xE481,
  0x0001, 0xFD00, 0x0004, 0xFCE0, 0x0001, 0xFD00, 0x0001, 0xABC3, 0x0001, 0x7B05, 0x000F, 0x7B25,
  0x0001, 0x2209, 0x0001, 0x018A, 0x0015, 0x09AA, 0x0001, 0x0169, 0x0001, 0x328C, 0x0001, 0xFF99,
  0x0001, 0xFFB9, 0x0001, 0xF738, 0x0001, 0x1967, 0x0001, 0x00A4, 0x0001, 0x08C5, 0x0011, 0x00C5,
  0x0001, 0x08E5, 0x0001, 0x0064, 0x0001, 0xB593, 0x0001, 0xFFDA, 0x0001, 0xFFFA, 0x0001, 0x7C51,
  0x0001, 0x0129, 0x0001, 0x09CA, 0x0022, 0x09AA, 0x0001, 0x11CA, 0x0001, 0x016B, 0x0001, 0x4A87,
  0x0001, 0xFD00, 0x0005, 0xFCE0, 0x0001, 0xECA0, 0x0001, 0x19E9, 0x0001, 0x018A, 0x0002, 0x09AA,
  0x0001, 0x016B, 0x0001, 0x8345, 0x0001, 0xFD20, 0x0001, 0xFCC0, 0x0003, 0xFCE0, 0x0001, 0xFD00,
  0x0001, 0xE481, 0x0001, 0x11C9, 0x0007, 0x09AA, 0x0001, 0x016B, 0x0001, 0x8B64, 0x0001, 0xFD20,
  0x0001, 0xFCC0, 0x0003, 0xFCE0, 0x0001, 0xFD00, 0x0001, 0xDC61, 0x0004, 0x09AA, 0x0001, 0x016A,
  0x0001, 0x4A67, 0x0001, 0xFD00, 0x0005, 0xFCE0, 0x0001, 0xF4A0, 0x0001, 0x19E9, 0x0001, 0x018A,
  0x0006, 0x09AA, 0x0001, 0x018A, 0x0001, 0x4268, 0x0001, 0xFD00, 0x0005, 0xFCE0, 0x0001, 0xF4C0,
  0x0001, 0x21E9, 0x0001, 0x018A, 0x0002, 0x09AA, 0x0001, 0x018A, 0x0001, 0x2A09, 0x0001, 0xFCC0,
  0x0006, 0xFCE0, 0x0001, 0x2A28, 0x0001, 0x014B, 0x0001, 0x016A, 0x000D, 0x016B, 0x0001, 0x016A,
  0x0004, 0x09AA, 0x0001, 0x016A, 0x0001, 0x4A67, 0x0001, 0xFD00, 0x0005, 0xFCE0, 0x0001, 0xF4A0,
  0x0001, 0x19E9, 0x0001, 0x018A, 0x000A, 0x09AA, 0x0001, 0x01AA, 0x0001, 0xCC42, 0x0001, 0xFD00,
  0x0003, 0xFCE0, 0x0001, 0xFCC0, 0x0001, 0xFD20, 0x0001, 0x6AE6, 0x0001, 0x012B, 0x0001, 0x018A,
  0x000E, 0x016B, 0x0001, 0x018A, 0x0015, 0x09AA, 0x0001, 0x09CA, 0x0001, 0x0129, 0x0001, 0x7C51,
  0x0001, 0xFFFA, 0x0001, 0xFFDA, 0x0001, 0xB593, 0x0001, 0x0064, 0x0001, 0x08E5, 0x0012, 0x00C5,
  0x0001, 0x08E5, 0x0001, 0x0043, 0x0001, 0x636C, 0x0001, 0xFFFA, 0x0001, 0xFFB9, 0x0001, 0xCE55,
  0x0001, 0x0189, 0x0016, 0x09AA, 0x0001, 0x018A, 0x0001, 0x016A, 0x000C, 0x09AA, 0x0001, 0x018A,
  0x0001, 0x2A09, 0x0001, 0xFCC0, 0x0005, 0xFCE0, 0x0001, 0xF4A0, 0x0001, 0x19E9, 0x0001, 0x018A,
  0x0002, 0x09AA, 0x0001, 0x016B, 0x0001, 0x8345, 0x0001, 0xFD20, 0x0001, 0xFCC0, 0x0005, 0xFCE0,
  0x0001, 0x3228, 0x0001, 0x018A, 0x0006, 0x09AA, 0x0001, 0x018A, 0x0001, 0xC402, 0x0001, 0xFD00,
  0x0004, 0xFCE0, 0x0001, 0xFD00, 0x0001, 0xBC02, 0x0001, 0x018A, 0x0003, 0x09AA, 0x0001, 0x016A,
  0x0001, 0x4A67, 0x0001, 0xFD00, 0x0005, 0xFCE0, 0x0001, 0xF4A0, 0x0001, 0x19E9, 0x0001, 0x018A,
  0x0006, 0x09AA, 0x0001, 0x018A, 0x0001, 0x4268, 0x0001, 0xFD00, 0x0005, 0xFCE0, 0x0001, 0xF4C0,
  0x0001, 0x21E9, 0x0001, 0x018A, 0x0003, 0x09AA, 0x0001, 0x11AA, 0x0001, 0xDC61, 0x0001, 0xFD00,
  0x0003, 0xFCE0, 0x0001, 0xFCC0, 0x0001, 0xFD20, 0x0001, 0x6AE6, 0x0001, 0x018A, 0x0001, 0x11C9,
  0x0012, 0x09AA, 0x0001, 0x016A, 0x0001, 0x4A67, 0x0001, 0xFD00, 0x0005, 0xFCE0, 0x0001, 0xF4A0,
  0x0001, 0x19E9, 0x0001, 0x018A, 0x000A, 0x09AA, 0x0001, 0x016A, 0x0001, 0xABC3, 0x0001, 0xFD20,
  0x0003, 0xFCE0, 0x0001, 0xFCC0, 0x0001, 0xFD00, 0x0001, 0xABC3, 0x0001, 0x018A, 0x0001, 0x11C9,
  0x000C, 0x09AA, 0x0001, 0x11AA, 0x0018, 0x09AA, 0x0001, 0x0189, 0x0001, 0xCE55, 0x0001, 0xFFB9,
  0x0001, 0xFFFA, 0x0001, 0x636C, 0x0001, 0x0043, 0x0001, 0x08E5, 0x0012, 0x00C5, 0x0001, 0x08C5,
  0x0001, 0x00A4, 0x0001, 0x1946, 0x0001, 0xEF17, 0x0002, 0xFFB9, 0x0001, 0x42ED, 0x0001, 0x0169,
  0x0014, 0x09AA, 0x0001, 0x018A, 0x0001, 0x3228, 0x0001, 0x52A7, 0x0001, 0x09AA, 0x0001, 0x016B,
  0x0001, 0x018A, 0x0008, 0x09AA, 0x0001, 0x11AA, 0x0001, 0x018A, 0x0001, 0x3A48, 0x0006, 0xFCE0,
  0x0001, 0xE481, 0x0001, 0x11C9, 0x0003, 0x09AA, 0x0001, 0x016B, 0x0001, 0x8345, 0x0001, 0xFD20,
  0x0001, 0xFCC0, 0x0003, 0xFCE0, 0x0001, 0xFCC0, 0x0001, 0xFD20, 0x0001, 0x7305, 0x0001, 0x016B,
  0x0001, 0x11CA, 0x0004, 0x09AA, 0x0001, 0x018A, 0x0001, 0x2A09, 0x0001, 0xF4C0, 0x0004, 0xFCE0,
  0x0001, 0xFCC0, 0x0001, 0xFD20, 0x0001, 0x9364, 0x0001, 0x016B, 0x0003, 0x09AA, 0x0001, 0x016A,
  0x0001, 0x4A67, 0x0001, 0xFD00, 0x0005, 0xFCE0, 0x0001, 0xF4A0, 0x0001, 0x19E9, 0x0001, 0x018A,
  0x0006, 0x09AA, 0x0001, 0x018A, 0x0001, 0x4268, 0x0001, 0xFD00, 0x0005, 0xFCE0, 0x0001, 0xF4C0,
  0x0001, 0x21E9, 0x0001, 0x018A, 0x0003, 0x09AA, 0x0001, 0x016A, 0x0001, 0xB3C3, 0x0001, 0xFD00,
  0x0004, 0xFCE0, 0x0001, 0xFD00, 0x0001, 0xC422, 0x0001, 0x018A, 0x0013, 0x09AA, 0x0001, 0x016A,
  0x0001, 0x4A67, 0x0001, 0xFD00, 0x0005, 0xFCE0, 0x0001, 0xF4A0, 0x0001, 0x19E9, 0x0001, 0x018A,
  0x000A, 0x09AA, 0x0001, 0x016B, 0x0001, 0x7305, 0x0001, 0xFD20, 0x0001, 0xFCC0, 0x0004, 0xFCE0,
  0x0001, 0xECA0, 0x0001, 0x19E9, 0x0001, 0x018A, 0x0024, 0x09AA, 0x0001, 0x0169, 0x0001, 0x42ED,
  0x0002, 0xFFB9, 0x0001, 0xEF17, 0x0001, 0x1946, 0x0001, 0x00A4, 0x0001, 0x08C5, 0x0013, 0x00C5,
  0x0001, 0x08E5, 0x0001, 0x0043, 0x0001, 0xA511, 0x0001, 0xFFFA, 0x0001, 0xFFD9, 0x0001, 0x94F2,
  0x0001, 0x0149, 0x0001, 0x09CA, 0x0013, 0x09AA, 0x0001, 0x016A, 0x0001, 0x5AA7, 0x0001, 0xFD20,
  0x0001, 0xD441, 0x0001, 0x7B25, 0x0001, 0x2A28, 0x0001, 0x018A, 0x0001, 0x016B, 0x0001, 0x018A,
  0x0001, 0x01AA, 0x0004, 0x09AA, 0x0001, 0x018A, 0x0001, 0x016B, 0x0001, 0xA3A3, 0x0001, 0xFD00,
  0x0004, 0xFCE0, 0x0001, 0xFD00, 0x0001, 0xCC22, 0x0001, 0x018A, 0x0003, 0x09AA, 0x0001, 0x016B,
  0x0001, 0x8345, 0x0001, 0xFD20, 0x0001, 0xFCC0, 0x0004, 0xFCE0, 0x0001, 0xFD00, 0x0001, 0xE481,
  0x0001, 0x11C9, 0x0001, 0x016A, 0x0004, 0x09AA, 0x0001, 0x016B, 0x0001, 0xA3A3, 0x0001, 0xFD00,
  0x0005, 0xFCE0, 0x0001, 0xFD00, 0x0001, 0x52A7, 0x0001, 0x016A, 0x0003, 0x09AA, 0x0001, 0x016A,
  0x0001, 0x4A67, 0x0001, 0xFD00, 0x0005, 0xFCE0, 0x0001, 0xF4A0, 0x0001, 0x19E9, 0x0001, 0x018A,
  0x0006, 0x09AA, 0x0001, 0x018A, 0x0001, 0x4268, 0x0001, 0xFD00, 0x0005, 0xFCE0, 0x0001, 0xF4C0,
  0x0001, 0x21E9, 0x0001, 0x018A, 0x0003, 0x09AA, 0x0001, 0x016A, 0x0001, 0x62C6, 0x0001, 0xFD20,
  0x0001, 0xFCC0, 0x0004, 0xFCE0, 0x0001, 0xFD00, 0x0001, 0x6AE6, 0x0001, 0x014B, 0x000A, 0x09AA,
  0x0001, 0x016A, 0x0001, 0x018A, 0x0001, 0x11CA, 0x0005, 0x09AA, 0x0001, 0x016A, 0x0001, 0x4A67,
  0x0001, 0xFD00, 0x0005, 0xFCE0, 0x0001, 0xF4A0, 0x0001, 0x19E9, 0x0001, 0x018A, 0x000A, 0x09AA,
  0x0001, 0x018A, 0x0001, 0x2A28, 0x0006, 0xFCE0, 0x0001, 0xFD00, 0x0001, 0xA3A3, 0x0001, 0x016B,
  0x0001, 0x09AA, 0x0001, 0x11AA, 0x0008, 0x09AA, 0x0001, 0x018A, 0x0001, 0x016A, 0x0001, 0x11AA,
  0x0016, 0x09AA, 0x0001, 0x09CA, 0x0001, 0x0149, 0x0001, 0x94F2, 0x0001, 0xFFD9, 0x0001, 0xFFFA,
  0x0001, 0xA511, 0x0001, 0x0043, 0x0001, 0x08E5, 0x0014, 0x00C5, 0x0001, 0x08E5, 0x0001, 0x0064,
  0x0001, 0x4A8A, 0x0001, 0xFFD9, 0x0001, 0xFF99, 0x0001, 0xE6F7, 0x0001, 0x11CA, 0x0001, 0x098A,
  0x0013, 0x09AA, 0x0001, 0x016A, 0x0001, 0x5287, 0x0002, 0xFD00, 0x0001, 0xFD20, 0x0001, 0xFCE0,
  0x0001, 0xBC02, 0x0001, 0x7305, 0x0001, 0x3A48, 0x0001, 0x19C9, 0x0001, 0x09AA, 0x0002, 0x018A,
  0x0001, 0x09AA, 0x0001, 0x2A28, 0x0001, 0xA3C3, 0x0001, 0xFD00, 0x0004, 0xFCE0, 0x0001, 0xFCC0,
  0x0001, 0xFD20, 0x0001, 0x8B64, 0x0001, 0x016B, 0x0003, 0x09AA, 0x0001, 0x016B, 0x0001, 0x8345,
  0x0001, 0xFD20, 0x0001, 0xFCC0, 0x0005, 0xFCE0, 0x0001, 0xFD00, 0x0001, 0xC422, 0x0001, 0x2A08,
  0x0001, 0x018A, 0x0002, 0x016A, 0x0001, 0x09AA, 0x0001, 0x8B64, 0x0001, 0xFD00, 0x0006, 0xFCE0,
  0x0001, 0xECA0, 0x0001, 0x19E9, 0x0001, 0x018A, 0x0003, 0x09AA, 0x0001, 0x016A, 0x0001, 0x4A67,
  0x0001, 0xFD00, 0x0005, 0xFCE0, 0x0001, 0xF4A0, 0x0001, 0x19E9, 0x0001, 0x018A, 0x0006, 0x09AA,
  0x0001, 0x018A, 0x0001, 0x4268, 0x0001, 0xFD00, 0x0005, 0xFCE0, 0x0001, 0xF4C0, 0x0001, 0x21E9,
  0x0001, 0x018A, 0x0004, 0x09AA, 0x0001, 0x11C9, 0x0001, 0xEC81, 0x0007, 0xFCE0, 0x0001, 0x6AE6,
  0x0001, 0x018A, 0x0001, 0x016B, 0x0004, 0x018A, 0x0001, 0x016A, 0x0001, 0x016B, 0x0001, 0x016A,
  0x0001, 0x11C9, 0x0001, 0x4A87, 0x0001, 0xB403, 0x0001, 0x7305, 0x0001, 0x016A, 0x0004, 0x09AA,
  0x0001, 0x016A, 0x0001, 0x4A67, 0x0001, 0xFD00, 0x0005, 0xFCE0, 0x0001, 0xF4A0, 0x0001, 0x19E9,
  0x0001, 0x018A, 0x000B, 0x09AA, 0x0001, 0x018A, 0x0001, 0xB3E3, 0x0001, 0xFD00, 0x0001, 0xFCC0,
  0x0004, 0xFCE0, 0x0001, 0xFD00, 0x0001, 0x9384, 0x0001, 0x09AA, 0x0001, 0x016B, 0x0001, 0x016A,
  0x0003, 0x018A, 0x0001, 0x016A, 0x0001, 0x016B, 0x0001, 0x016A, 0x0001, 0x09AA, 0x0001, 0x3A48,
  0x0001, 0x9BA4, 0x0001, 0xA3A3, 0x0001, 0x018A, 0x0015, 0x09AA, 0x0001, 0x098A, 0x0001, 0x11CA,
  0x0001, 0xE6F7, 0x0001, 0xFF99, 0x0001, 0xFFD9, 0x0001, 0x4A8A, 0x0001, 0x0064, 0x0001, 0x08E5,
  0x0017, 0x00C5, 0x0001, 0xD675, 0x0001, 0xFFB9, 0x0001, 0xFFD9, 0x0001, 0x63EF, 0x0001, 0x0149,
  0x0001, 0x09CA, 0x0012, 0x09AA, 0x0001, 0x016A, 0x0001, 0x52A7, 0x0001, 0xFD00, 0x0002, 0xFCC0,
  0x0001, 0xFCE0, 0x0001, 0xFD00, 0x0001, 0xFD20, 0x0001, 0xFCE0, 0x0001, 0xECA0, 0x0001, 0xD441,
  0x0002, 0xC422, 0x0001, 0xDC61, 0x0001, 0xFCE0, 0x0001, 0xFD00, 0x0007, 0xFCE0, 0x0001, 0x2A28,
  0x0001, 0x018A, 0x0003, 0x09AA, 0x0001, 0x016B, 0x0001, 0x8345, 0x0001, 0xFD20, 0x0001, 0xFCC0,
  0x0006, 0xFCE0, 0x0001, 0xFD00, 0x0001, 0xFCC0, 0x0001, 0xC402, 0x0001, 0xA3A3, 0x0001, 0xABC3,
  0x0001, 0xE481, 0x0001, 0xFD00, 0x0005, 0xFCE0, 0x0001, 0xFCC0, 0x0001, 0xFD20, 0x0001, 0x9B84,
  0x0001, 0x016B, 0x0004, 0x09AA, 0x0001, 0x016A, 0x0001, 0x4A67, 0x0001, 0xFD00, 0x0005, 0xFCE0,
  0x0001, 0xF4A0, 0x0001, 0x19E9, 0x0001, 0x018A, 0x0006, 0x09AA, 0x0001, 0x018A, 0x0001, 0x4268,
  0x0001, 0xFD00, 0x0005, 0xFCE0, 0x0001, 0xF4C0, 0x0001, 0x21E9, 0x0001, 0x018A, 0x0004, 0x09AA,
  0x0001, 0x016B, 0x0001, 0x7305, 0x0001, 0xFD20, 0x0001, 0xFCC0, 0x0005, 0xFCE0, 0x0001, 0xFD00,
  0x0001, 0xC422, 0x0001, 0x7305, 0x0001, 0x4267, 0x0001, 0x3248, 0x0001, 0x3A48, 0x0001, 0x4268,
  0x0001, 0x52A7, 0x0001, 0x7B25, 0x0001, 0xABC3, 0x0001, 0xE481, 0x0001, 0xFD00, 0x0001, 0xFD40,
  0x0001, 0x7B25, 0x0001, 0x016B, 0x0004, 0x09AA, 0x0001, 0x016A, 0x0001, 0x4A67, 0x0001, 0xFD00,
  0x0005, 0xFCE0, 0x0001, 0xF4A0, 0x0001, 0x19E9, 0x0001, 0x018A, 0x000B, 0x09AA, 0x0001, 0x018A,
  0x0001, 0x3A48, 0x0007, 0xFCE0, 0x0001, 0xFD00, 0x0001, 0xDC61, 0x0001, 0x8345, 0x0001, 0x4A87,
  0x0001, 0x3A48, 0x0001, 0x3248, 0x0001, 0x3A48, 0x0001, 0x4A87, 0x0001, 0x6B06, 0x0001, 0x9BA4,
  0x0001, 0xD461, 0x0001, 0xFCE0, 0x0001, 0xFD40, 0x0001, 0xBC02, 0x0001, 0x018A, 0x0014, 0x09AA,
  0x0001, 0x09CA, 0x0001, 0x0149, 0x0001, 0x63EF, 0x0001, 0xFFD9, 0x0001, 0xFFB9, 0x0001, 0xD675,
  0x0018, 0x00C5, 0x0001, 0x08E5, 0x0001, 0x0043, 0x0001, 0x73EE, 0x0001, 0xFFFA, 0x0001, 0xFFB9,
  0x0001, 0xCE56, 0x0001, 0x0189, 0x0013, 0x09AA, 0x0001, 0x016A, 0x0001, 0x52A7, 0x0001, 0xFD00,
  0x0004, 0xFCE0, 0x0001, 0xFCC0, 0x0002, 0xFCE0, 0x0004, 0xFD00, 0x0006, 0xFCE0, 0x0001, 0xFCC0,
  0x0001, 0xFD20, 0x0001, 0x9364, 0x0001, 0x016A, 0x0004, 0x09AA, 0x0001, 0x016B, 0x0001, 0x8345,
  0x0001, 0xFD20, 0x0001, 0xFCC0, 0x0008, 0xFCE0, 0x0001, 0xFD00, 0x0001, 0xFD20, 0x0002, 0xFD00,
  0x0007, 0xFCE0, 0x0001, 0xF4C0, 0x0001, 0x2A09, 0x0001, 0x018A, 0x0004, 0x09AA, 0x0001, 0x016A,
  0x0001, 0x4A67, 0x0001, 0xFD00, 0x0005, 0xFCE0, 0x0001, 0xF4A0, 0x0001, 0x19E9, 0x0001, 0x018A,
  0x0006, 0x09AA, 0x0001, 0x018A, 0x0001, 0x4268, 0x0001, 0xFD00, 0x0005, 0xFCE0, 0x0001, 0xF4C0,
  0x0001, 0x21E9, 0x0001, 0x018A, 0x0005, 0x09AA, 0x0001, 0x018A, 0x0001, 0xBC02, 0x0001, 0xFD20,
  0x0001, 0xFCC0, 0x0005, 0xFCE0, 0x0001, 0xFD00, 0x0001, 0xFD20, 0x0001, 0xFD00, 0x0002, 0xFCE0,
  0x0002, 0xFD00, 0x0002, 0xFD20, 0x0001, 0xFD00, 0x0001, 0xFCC0, 0x0001, 0xFD00, 0x0001, 0x7B25,
  0x0001, 0x016B, 0x0004, 0x09AA, 0x0001, 0x016A, 0x0001, 0x4A67, 0x0001, 0xFD00, 0x0005, 0xFCE0,
  0x0001, 0xF4A0, 0x0001, 0x19E9, 0x0001, 0x018A, 0x000C, 0x09AA, 0x0001, 0x016A, 0x0001, 0x8345,
  0x0001, 0xFD20, 0x0001, 0xFCC0, 0x0005, 0xFCE0, 0x0001, 0xFD00, 0x0001, 0xFD20, 0x0001, 0xFD00,
  0x0003, 0xFCE0, 0x0001, 0xFD00, 0x0002, 0xFD20, 0x0001, 0xFD00, 0x0001, 0xFCE0, 0x0001, 0xFD00,
  0x0001, 0xB3E3, 0x0001, 0x018A, 0x0015, 0x09AA, 0x0001, 0x0189, 0x0001, 0xCE56, 0x0001, 0xFFB9,
  0x0001, 0xFFFA, 0x0001, 0x73EE, 0x0001, 0x0043, 0x0001, 0x08E5, 0x0016, 0x00C5, 0x0001, 0x08C5,
  0x0001, 0x00A4, 0x0001, 0x1946, 0x0001, 0xEF17, 0x0001, 0xFF99, 0x0001, 0xFFB9, 0x0001, 0x3AED,
  0x0001, 0x0169, 0x0012, 0x09AA, 0x0001, 0x016A, 0x0001, 0x52A7, 0x0001, 0xFD00, 0x0001, 0xFCC0,
  0x000F, 0xFCE0, 0x0001, 0xFCC0, 0x0001, 0xFD20, 0x0001, 0xBC02, 0x0006, 0x09AA, 0x0001, 0x016B,
  0x0001, 0x8345, 0x0001, 0xFD20, 0x0001, 0xFCC0, 0x0004, 0xFCE0, 0x0001, 0xF4C0, 0x0001, 0xFD00,
  0x0003, 0xFCE0, 0x0001, 0xFCC0, 0x0007, 0xFCE0, 0x0001, 0xFCC0, 0x0001, 0xFD20, 0x0001, 0x7305,
  0x0001, 0x016A, 0x0005, 0x09AA, 0x0001, 0x016A, 0x0001, 0x4A67, 0x0001, 0xFD00, 0x0005, 0xFCE0,
  0x0001, 0xF4A0, 0x0001, 0x19E9, 0x0001, 0x018A, 0x0006, 0x09AA, 0x0001, 0x018A, 0x0001, 0x4268,
  0x0001, 0xFD00, 0x0005, 0xFCE0, 0x0001, 0xF4C0, 0x0001, 0x21E9, 0x0001, 0x018A, 0x0005, 0x09AA,
  0x0001, 0x018A, 0x0001, 0x19C9, 0x0001, 0xD461, 0x0001, 0xFD20, 0x0001, 0xFCC0, 0x0005, 0xFCE0,
  0x0001, 0xFCC0, 0x0005, 0xFCE0, 0x0001, 0xFCC0, 0x0002, 0xFCE0, 0x0001, 0xFCC0, 0x0001, 0xFD00,
  0x0001, 0x7B25, 0x0001, 0x016B, 0x0004, 0x09AA, 0x0001, 0x016A, 0x0001, 0x4A67, 0x0001, 0xFD00,
  0x0005, 0xFCE0, 0x0001, 0xF4A0, 0x0001, 0x19E9, 0x0001, 0x018A, 0x000D, 0x09AA, 0x0001, 0x018A,
  0x0001, 0xABC3, 0x0001, 0xFD20, 0x0006, 0xFCE0, 0x0001, 0xFCC0, 0x0005, 0xFCE0, 0x0002, 0xFCC0,
  0x0002, 0xFCE0, 0x0001, 0xFD00, 0x0001, 0xB3E3, 0x0001, 0x018A, 0x0014, 0x09AA, 0x0001, 0x0169,
  0x0001, 0x3AED, 0x0001, 0xFFB9, 0x0001, 0xFF99, 0x0001, 0xEF17, 0x0001, 0x1946, 0x0001, 0x00A4,
  0x0001, 0x08C5, 0x0017, 0x00C5, 0x0001, 0x08E5, 0x0001, 0x0043, 0x0001, 0x9CF1, 0x0001, 0xFFFA,
  0x0001, 0xFFD9, 0x0001, 0xA553, 0x0001, 0x0149, 0x0001, 0x09CA, 0x0011, 0x09AA, 0x0001, 0x016A,
  0x0001, 0x52A7, 0x0001, 0xFD40, 0x0002, 0xFCE0, 0x0001, 0xFCC0, 0x000A, 0xFCE0, 0x0001, 0xFCC0,
  0x0001, 0xFCE0, 0x0001, 0xFD00, 0x0001, 0xFD20, 0x0001, 0xABC3, 0x0001, 0x11AA, 0x0001, 0x018A,
  0x0005, 0x09AA, 0x0001, 0x016B, 0x0001, 0x8345, 0x0001, 0xFD20, 0x0001, 0xFCC0, 0x0002, 0xFCE0,
  0x0001, 0xFCC0, 0x0001, 0xFD20, 0x0001, 0x8B64, 0x0001, 0x9BA4, 0x0001, 0xFD40, 0x0001, 0xFCE0,
  0x0001, 0xFCC0, 0x0006, 0xFCE0, 0x0001, 0xFCC0, 0x0001, 0xFCE0, 0x0001, 0xFD20, 0x0001, 0x9B84,
  0x0001, 0x018A, 0x0006, 0x09AA, 0x0001, 0x016A, 0x0001, 0x4A67, 0x0001, 0xFD00, 0x0001, 0xFCC0,
  0x0004, 0xFCE0, 0x0001, 0xECA0, 0x0001, 0x19E9, 0x0001, 0x018A, 0x0006, 0x09AA, 0x0001, 0x018A,
  0x0001, 0x4268, 0x0001, 0xFCE0, 0x0001, 0xFCC0, 0x0004, 0xFCE0, 0x0001, 0xF4A0, 0x0001, 0x21E9,
  0x0001, 0x018A, 0x0006, 0x09AA, 0x0001, 0x018A, 0x0001, 0x19C9, 0x0001, 0xBC02, 0x0001, 0xFD20,
  0x0001, 0xFD00, 0x0002, 0xFCC0, 0x000A, 0xFCE0, 0x0002, 0xFCC0, 0x0001, 0xFD40, 0x0001, 0x8345,
  0x0001, 0x016B, 0x0004, 0x09AA, 0x0001, 0x016A, 0x0001, 0x4A67, 0x0001, 0xFD00, 0x0001, 0xFCC0,
  0x0004, 0xFCE0, 0x0001, 0xECA0, 0x0001, 0x19E9, 0x0001, 0x018A, 0x000E, 0x09AA, 0x0001, 0x018A,
  0x0001, 0x9364, 0x0002, 0xFD00, 0x0001, 0xFCE0, 0x0001, 0xFCC0, 0x000A, 0xFCE0, 0x0002, 0xFCC0,
  0x0001, 0xFD20, 0x0001, 0xC402, 0x0001, 0x018A, 0x0013, 0x09AA, 0x0001, 0x09CA, 0x0001, 0x0149,
  0x0001, 0xA553, 0x0001, 0xFFD9, 0x0001, 0xFFFA, 0x0001, 0x9CF1, 0x0001, 0x0043, 0x0001, 0x08E5,
  0x0018, 0x00C5, 0x0001, 0x08E5, 0x0001, 0x0084, 0x0001, 0x31E8, 0x0003, 0xFF99, 0x0001, 0x328C,
  0x0001, 0x0169, 0x0012, 0x09AA, 0x0001, 0x19E9, 0x0001, 0x8345, 0x0001, 0xDC81, 0x0001, 0xFD00,
  0x0001, 0xFD20, 0x0002, 0xFD00, 0x0007, 0xFCE0, 0x0001, 0xFD00, 0x0001, 0xFD20, 0x0001, 0xFD00,
  0x0001, 0xD461, 0x0001, 0x62C6, 0x0001, 0x018A, 0x0007, 0x09AA, 0x0001, 0x016B, 0x0001, 0x8345,
  0x0001, 0xFD20, 0x0001, 0xFCC0, 0x0002, 0xFCE0, 0x0001, 0xFCC0, 0x0001, 0xFD20, 0x0001, 0x9BA4,
  0x0001, 0x016B, 0x0001, 0x9384, 0x0001, 0xFD00, 0x0001, 0xFD20, 0x0005, 0xFCE0, 0x0001, 0xFD00,
  0x0001, 0xFD20, 0x0001, 0xFCE0, 0x0001, 0x8345, 0x0001, 0x018A, 0x0007, 0x09AA, 0x0001, 0x016A,
  0x0001, 0x4A87, 0x0001, 0xFD40, 0x0004, 0xFD00, 0x0001, 0xFD20, 0x0001, 0xFCC0, 0x0001, 0x19E9,
  0x0001, 0x018A, 0x0006, 0x09AA, 0x0001, 0x018A, 0x0001, 0x4267, 0x0001, 0xFD20, 0x0004, 0xFD00,
  0x0001, 0xFD20, 0x0001, 0xFCE0, 0x0001, 0x2209, 0x0001, 0x018A, 0x0007, 0x09AA, 0x0002, 0x018A,
  0x0001, 0x6B06, 0x0001, 0xDC81, 0x0001, 0xFD00, 0x0001, 0xFD20, 0x0001, 0xFD00, 0x0007, 0xFCE0,
  0x0002, 0xFD00, 0x0001, 0xFD20, 0x0001, 0xFCE0, 0x0001, 0xC442, 0x0001, 0x3A48, 0x0001, 0x018A,
  0x0004, 0x09AA, 0x0001, 0x016A, 0x0001, 0x4A87, 0x0001, 0xFD40, 0x0004, 0xFD00, 0x0001, 0xFD20,
  0x0001, 0xFCC0, 0x0001, 0x19E9, 0x0001, 0x018A, 0x000F, 0x09AA, 0x0001, 0x016A, 0x0001, 0x4A87,
  0x0001, 0xC422, 0x0001, 0xFD00, 0x0001, 0xFD20, 0x0001, 0xFD00, 0x0008, 0xFCE0, 0x0001, 0xFD00,
  0x0001, 0xFD20, 0x0001, 0xFD00, 0x0001, 0xDC81, 0x0001, 0x62C6, 0x0001, 0x018A, 0x0013, 0x09AA,
  0x0001, 0x0169, 0x0001, 0x328C, 0x0003, 0xFF99, 0x0001, 0x31E8, 0x0001, 0x0084, 0x0001, 0x08E5,
  0x0019, 0x00C5, 0x0001, 0x08E5, 0x0001, 0x0084, 0x0001, 0xC5D4, 0x0001, 0xFFDA, 0x0001, 0xFFFA,
  0x0001, 0x94F2, 0x0001, 0x0129, 0x0001, 0x09CA, 0x0011, 0x09AA, 0x0001, 0x018A, 0x0001, 0x016B,
  0x0001, 0x11AA, 0x0001, 0x4A67, 0x0001, 0x8B45, 0x0001, 0xBC02, 0x0001, 0xE481, 0x0001, 0xF4C0,
  0x0001, 0xFCE0, 0x0003, 0xFD00, 0x0001, 0xFCE0, 0x0001, 0xF4A0, 0x0001, 0xD441, 0x0001, 0x9BA4,
  0x0001, 0x52A7, 0x0001, 0x09AA, 0x0001, 0x016A, 0x0008, 0x09AA, 0x0001, 0x016B, 0x0001, 0x8345,
  0x0001, 0xFD20, 0x0001, 0xFCC0, 0x0003, 0xFCE0, 0x0001, 0xFD00, 0x0001, 0xB3E3, 0x0002, 0x018A,
  0x0001, 0x4268, 0x0001, 0xA3C3, 0x0001, 0xE4A1, 0x0001, 0xFCE0, 0x0002, 0xFD00, 0x0001, 0xFCE0,
  0x0001, 0xDC81, 0x0001, 0x9BA4, 0x0001, 0x3228, 0x0001, 0x016A, 0x0008, 0x09AA, 0x0001, 0x018A,
  0x0001, 0x3A48, 0x0001, 0xC422, 0x0001, 0xBC02, 0x0003, 0xC402, 0x0001, 0xC422, 0x0001, 0xB3E3,
  0x0001, 0x19C9, 0x0007, 0x09AA, 0x0001, 0x018A, 0x0001, 0x3228, 0x0001, 0xC422, 0x0005, 0xC402,
  0x0001, 0xBBE3, 0x0001, 0x19E9, 0x0001, 0x01AA, 0x0009, 0x09AA, 0x0001, 0x016A, 0x0001, 0x11C9,
  0x0001, 0x5AA6, 0x0001, 0xA3C3, 0x0001, 0xDC61, 0x0001, 0xF4C0, 0x0001, 0xFCE0, 0x0003, 0xFD00,
  0x0001, 0xFCE0, 0x0001, 0xF4C0, 0x0001, 0xE481, 0x0001, 0xBC02, 0x0001, 0x8345, 0x0001, 0x3A48,
  0x0002, 0x018A, 0x0005, 0x09AA, 0x0001, 0x018A, 0x0001, 0x3A48, 0x0001, 0xC422, 0x0001, 0xBC02,
  0x0003, 0xC402, 0x0001, 0xC422, 0x0001, 0xB3E3, 0x0001, 0x19C9, 0x0011, 0x09AA, 0x0001, 0x016A,
  0x0001, 0x018A, 0x0001, 0x4267, 0x0001, 0x9384, 0x0001, 0xCC42, 0x0001, 0xF4A0, 0x0001, 0xFCE0,
  0x0003, 0xFD00, 0x0001, 0xFCE0, 0x0001, 0xFCC0, 0x0001, 0xECA0, 0x0001, 0xCC22, 0x0001, 0x9384,
  0x0001, 0x4A87, 0x0001, 0x11AA, 0x0001, 0x018A, 0x0013, 0x09AA, 0x0001, 0x09CA, 0x0001, 0x0129,
  0x0001, 0x94F2, 0x0001, 0xFFFA, 0x0001, 0xFFDA, 0x0001, 0xC5D4, 0x0001, 0x0084, 0x0001, 0x08E5,
  0x001A, 0x00C5, 0x0001, 0x08E5, 0x0001, 0x0064, 0x0001, 0x428A, 0x0001, 0xFFDA, 0x0001, 0xFF99,
  0x0001, 0xEF18, 0x0001, 0x1A0B, 0x0001, 0x018A, 0x0014, 0x09AA, 0x0001, 0x018A, 0x0001, 0x016B,
  0x0001, 0x018A, 0x0001, 0x11CA, 0x0001, 0x2209, 0x0001, 0x3A48, 0x0002, 0x4267, 0x0001, 0x4268,
  0x0001, 0x3228, 0x0001, 0x21E9, 0x0001, 0x09AA, 0x0002, 0x016A, 0x000A, 0x09AA, 0x0001, 0x016B,
  0x0001, 0x8345, 0x0001, 0xFD20, 0x0001, 0xFCC0, 0x0003, 0xFCE0, 0x0001, 0xFD00, 0x0001, 0xBC02,
  0x0001, 0x018A, 0x0001, 0x11AA, 0x0001, 0x018A, 0x0001, 0x016A, 0x0001, 0x11C9, 0x0001, 0x3228,
  0x0002, 0x4267, 0x0001, 0x3228, 0x0001, 0x11CA, 0x0001, 0x016A, 0x0001, 0x018A, 0x000B, 0x09AA,
  0x0007, 0x018A, 0x000A, 0x09AA, 0x0007, 0x018A, 0x000D, 0x09AA, 0x0002, 0x016A, 0x0001, 0x09AA,
  0x0001, 0x2209, 0x0001, 0x3A48, 0x0002, 0x4267, 0x0001, 0x4268, 0x0001, 0x3A48, 0x0001, 0x2209,
  0x0001, 0x11C9, 0x0001, 0x018A, 0x0001, 0x016B, 0x0001, 0x018A, 0x0009, 0x09AA, 0x0007, 0x018A,
  0x0014, 0x09AA, 0x0001, 0x018A, 0x0001, 0x016B, 0x0001, 0x09AA, 0x0001, 0x19E9, 0x0001, 0x3228,
  0x0003, 0x4267, 0x0001, 0x3A48, 0x0001, 0x2A08, 0x0001, 0x19C9, 0x0001, 0x018A, 0x0001, 0x016B,
  0x0001, 0x016A, 0x0015, 0x09AA, 0x0001, 0x018A, 0x0001, 0x1A0B, 0x0001, 0xEF18, 0x0001, 0xFF99,
  0x0001, 0xFFDA, 0x0001, 0x428A, 0x0001, 0x0064, 0x0001, 0x08E5, 0x001B, 0x00C5, 0x0001, 0x08E5,
  0x0001, 0x0084, 0x0001, 0xC5D4, 0x0001, 0xFFDA, 0x0001, 0xFFFA, 0x0001, 0x8491, 0x0001, 0x0129,
  0x0001, 0x09CA, 0x0017, 0x09AA, 0x0007, 0x018A, 0x000D, 0x09AA, 0x0001, 0x016B, 0x0001, 0x8345,
  0x0001, 0xFD20, 0x0001, 0xFCC0, 0x0003, 0xFCE0, 0x0001, 0xFD00, 0x0001, 0xC402, 0x0001, 0x018A,
  0x0004, 0x09AA, 0x0004, 0x018A, 0x0036, 0x09AA, 0x0007, 0x018A, 0x002B, 0x09AA, 0x0008, 0x018A,
  0x0017, 0x09AA, 0x0001, 0x09CA, 0x0001, 0x0129, 0x0001, 0x8491, 0x0001, 0xFFFA, 0x0001, 0xFFDA,
  0x0001, 0xC5D4, 0x0001, 0x0084, 0x0001, 0x08E5, 0x001C, 0x00C5, 0x0001, 0x08E5, 0x0001, 0x0064,
  0x0001, 0x428A, 0x0001, 0xFFDA, 0x0001, 0xFF99, 0x0001, 0xEF38, 0x0001, 0x1A0B, 0x0001, 0x098A,
  0x002B, 0x09AA, 0x0001, 0x016B, 0x0001, 0x8345, 0x0001, 0xFD20, 0x0001, 0xFCC0, 0x0003, 0xFCE0,
  0x0001, 0xFD00, 0x0001, 0xC402, 0x0001, 0x018A, 0x008F, 0x09AA, 0x0001, 0x098A, 0x0001, 0x1A0B,
  0x0001, 0xEF38, 0x0001, 0xFF99, 0x0001, 0xFFDA, 0x0001, 0x428A, 0x0001, 0x0064, 0x0001, 0x08E5,
  0x001D, 0x00C5, 0x0001, 0x08E5, 0x0001, 0x0084, 0x0001, 0xC5D4, 0x0001, 0xFFDA, 0x0001, 0xFFFA,
  0x0001, 0x8491, 0x0001, 0x0129, 0x0001, 0x09CA, 0x002A, 0x09AA, 0x0001, 0x016B, 0x0001, 0x8345,
  0x0001, 0xFD20, 0x0001, 0xFCC0, 0x0003, 0xFCE0, 0x0001, 0xFD00, 0x0001, 0xC402, 0x0001, 0x018A,
  0x008E, 0x09AA, 0x0001, 0x09CA, 0x0001, 0x0129, 0x0001, 0x8491, 0x0001, 0xFFFA, 0x0001, 0xFFDA,
  0x0001, 0xC5D4, 0x0001, 0x0084, 0x0001, 0x08E5, 0x001E, 0x00C5, 0x0001, 0x08E5, 0x0001, 0x0064,
  0x0001, 0x428A, 0x0001, 0xFFDA, 0x0001, 0xFF99, 0x0001, 0xEF38, 0x0001, 0x1A2B, 0x0001, 0x018A,
  0x002A, 0x09AA, 0x0001, 0x016B, 0x0001, 0x8345, 0x0001, 0xFD20, 0x0001, 0xFCC0, 0x0003, 0xFCE0,
  0x0001, 0xFD00, 0x0001, 0xC402, 0x0001, 0x018A, 0x008E, 0x09AA, 0x0001, 0x018A, 0x0001, 0x1A2B,
  0x0001, 0xEF38, 0x0001, 0xFF99, 0x0001, 0xFFDA, 0x0001, 0x428A, 0x0001, 0x0064, 0x0001, 0x08E5,
  0x001F, 0x00C5, 0x0001, 0x08E5, 0x0001, 0x0084, 0x0001, 0xC5D4, 0x0001, 0xFFDA, 0x0001, 0xFFFA,
  0x0001, 0xA553, 0x0001, 0x0149, 0x0001, 0x09CA, 0x0029, 0x09AA, 0x0001, 0x016B, 0x0001, 0x8345,
  0x0001, 0xFD20, 0x0001, 0xFCC0, 0x0003, 0xFCE0, 0x0001, 0xFD00, 0x0001, 0xC402, 0x0001, 0x018A,
  0x008D, 0x09AA, 0x0001, 0x09CA, 0x0001, 0x0149, 0x0001, 0xA553, 0x0001, 0xFFFA, 0x0001, 0xFFDA,
  0x0001, 0xC5D4, 0x0001, 0x0084, 0x0001, 0x08E5, 0x0020, 0x00C5, 0x0001, 0x08E5, 0x0001, 0x0064,
  0x0001, 0x428A, 0x0001, 0xFFDA, 0x0001, 0xFF79, 0x0001, 0xFF99, 0x0001, 0x328C, 0x0001, 0x0169,
  0x0029, 0x09AA, 0x0001, 0x016B, 0x0001, 0x8345, 0x0001, 0xFD20, 0x0001, 0xFCC0, 0x0003, 0xFCE0,
  0x0001, 0xFD00, 0x0001, 0xC402, 0x0001, 0x018A, 0x008D, 0x09AA, 0x0001, 0x0169, 0x0001, 0x328C,
  0x0001, 0xFF99, 0x0001, 0xFF79, 0x0001, 0xFFDA, 0x0001, 0x428A, 0x0001, 0x0064, 0x0001, 0x08E5,
  0x0021, 0x00C5, 0x0001, 0x08E5, 0x0001, 0x0084, 0x0001, 0xBDB3, 0x0001, 0xFFDA, 0x0001, 0xFFD9,
  0x0001, 0xBDF5, 0x0001, 0x0169, 0x0029, 0x09AA, 0x0001, 0x016B, 0x0001, 0x8345, 0x0001, 0xFD20,
  0x0001, 0xFCC0, 0x0003, 0xFCE0, 0x0001, 0xFD00, 0x0001, 0xC402, 0x0001, 0x018A, 0x008D, 0x09AA,
  0x0001, 0x0169, 0x0001, 0xBDF5, 0x0001, 0xFFD9, 0x0001, 0xFFDA, 0x0001, 0xBDB3, 0x0001, 0x0084,
  0x0001, 0x08E5, 0x0022, 0x00C5, 0x0001, 0x08E5, 0x0001, 0x0084, 0x0001, 0x29C8, 0x0001, 0xFF99,
  0x0001, 0xFF79, 0x0001, 0xFFD9, 0x0001, 0x4B4E, 0x0001, 0x0149, 0x0001, 0x09CA, 0x0027, 0x09AA,
  0x0001, 0x016B, 0x0001, 0x8345, 0x0001, 0xFD20, 0x0001, 0xFCC0, 0x0003, 0xFCE0, 0x0001, 0xFD00,
  0x0001, 0xC402, 0x0001, 0x018A, 0x008B, 0x09AA, 0x0001, 0x09CA, 0x0001, 0x0149, 0x0001, 0x4B4E,
  0x0001, 0xFFD9, 0x0001, 0xFF79, 0x0001, 0xFF99, 0x0001, 0x29C8, 0x0001, 0x0084, 0x0001, 0x08E5,
  0x0023, 0x00C5, 0x0001, 0x08E5, 0x0001, 0x0064, 0x0001, 0x94B0, 0x0001, 0xFFFA, 0x0001, 0xFFB9,
  0x0001, 0xDEB6, 0x0029, 0x09AA, 0x0001, 0x016B, 0x0001, 0x8345, 0x0001, 0xFD20, 0x0001, 0xFCC0,
  0x0002, 0xFCE0, 0x0001, 0xFCC0, 0x0001, 0xFD00, 0x0001, 0xBC02, 0x0001, 0x018A, 0x008D, 0x09AA,
  0x0001, 0xDEB6, 0x0001, 0xFFB9, 0x0001, 0xFFFA, 0x0001, 0x94B0, 0x0001, 0x0064, 0x0001, 0x08E5,
  0x0024, 0x00C5, 0x0001, 0x08C5, 0x0001, 0x00A4, 0x0001, 0x1126, 0x0001, 0xEF17, 0x0001, 0xFF99,
  0x0001, 0xFFFA, 0x0001, 0x8471, 0x0001, 0x0129, 0x0001, 0x11CA, 0x0026, 0x09AA, 0x0001, 0x016B,
  0x0001, 0x8B44, 0x0001, 0xFD40, 0x0004, 0xFD00, 0x0001, 0xFD40, 0x0001, 0xCC22, 0x0001, 0x018A,
  0x008A, 0x09AA, 0x0001, 0x11CA, 0x0001, 0x0129, 0x0001, 0x8471, 0x0001, 0xFFFA, 0x0001, 0xFF99,
  0x0001, 0xEF17, 0x0001, 0x1126, 0x0001, 0x00A4, 0x0001, 0x08C5, 0x0025, 0x00C5, 0x0001, 0x08E5,
  0x0001, 0x0043, 0x0001, 0x634C, 0x0001, 0xFFFA, 0x0001, 0xFF78, 0x0001, 0xF778, 0x0001, 0x2A6C,
  0x0001, 0x0169, 0x0026, 0x09AA, 0x0001, 0x098A, 0x0001, 0x2A08, 0x0001, 0x4AA7, 0x0005, 0x4A87,
  0x0001, 0x3A48, 0x008B, 0x09AA, 0x0001, 0x0169, 0x0001, 0x2A6C, 0x0001, 0xF778, 0x0001, 0xFF78,
  0x0001, 0xFFFA, 0x0001, 0x634C, 0x0001, 0x0043, 0x0001, 0x08E5, 0x0027, 0x00C5, 0x0001, 0x08E5,
  0x0001, 0x0084, 0x0001, 0xC5F4, 0x0001, 0xFFDA, 0x0001, 0xFFD9, 0x0001, 0xBE15, 0x0001, 0x0169,
  0x0027, 0x09AA, 0x0001, 0x018A, 0x0006, 0x016A, 0x0001, 0x018A, 0x008B, 0x09AA, 0x0001, 0x0169,
  0x0001, 0xBE15, 0x0001, 0xFFD9, 0x0001, 0xFFDA, 0x0001, 0xC5F4, 0x0001, 0x0084, 0x0001, 0x08E5,
  0x0028, 0x00C5, 0x0001, 0x08E5, 0x0001, 0x0084, 0x0001, 0x3229, 0x0001, 0xFFB9, 0x0001, 0xFF78,
  0x0001, 0xFFFA, 0x0001, 0x63CF, 0x0001, 0x0129, 0x0001, 0x09CA, 0x00B6, 0x09AA, 0x0001, 0x09CA,
  0x0001, 0x0129, 0x0001, 0x63CF, 0x0001, 0xFFFA, 0x0001, 0xFF78, 0x0001, 0xFFB9, 0x0001, 0x3229,
  0x0001, 0x0084, 0x0001, 0x08E5, 0x0029, 0x00C5, 0x0001, 0x08E5, 0x0001, 0x0043, 0x0001, 0x842F,
  0x0001, 0xFFFA, 0x0001, 0xFF99, 0x0001, 0xEF18, 0x0001, 0x1A0B, 0x0001, 0x0189, 0x00B6, 0x09AA,
  0x0001, 0x0189, 0x0001, 0x1A0B, 0x0001, 0xEF18, 0x0001, 0xFF99, 0x0001, 0xFFFA, 0x0001, 0x842F,
  0x0001, 0x0043, 0x0001, 0x08E5, 0x002A, 0x00C5, 0x0002, 0x08C5, 0x0001, 0x08A5, 0x0001, 0xCE55,
  0x0001, 0xFFB9, 0x0001, 0xFFD9, 0x0001, 0xBDF5, 0x0001, 0x0169, 0x00B6, 0x09AA, 0x0001, 0x0169,
  0x0001, 0xBDF5, 0x0001, 0xFFD9, 0x0001, 0xFFB9, 0x0001, 0xCE55, 0x0001, 0x08A5, 0x0002, 0x08C5,
  0x002B, 0x00C5, 0x0001, 0x08E5, 0x0001, 0x0084, 0x0001, 0x3209, 0x0001, 0xFFB9, 0x0001, 0xFF78,
  0x0001, 0xFFFA, 0x0001, 0x7410, 0x0001, 0x0129, 0x0001, 0x11CA, 0x00B2, 0x09AA, 0x0001, 0x11CA,
  0x0001, 0x0129, 0x0001, 0x7410, 0x0001, 0xFFFA, 0x0001, 0xFF78, 0x0001, 0xFFB9, 0x0001, 0x3209,
  0x0001, 0x0084, 0x0001, 0x08E5, 0x002D, 0x00C5, 0x0001, 0x08E5, 0x0001, 0x0043, 0x0001, 0x842F,
  0x0001, 0xFFFA, 0x0001, 0xFF78, 0x0001, 0xF778, 0x0001, 0x32AC, 0x0001, 0x0169, 0x0001, 0x09CA,
  0x00B0, 0x09AA, 0x0001, 0x09CA, 0x0001, 0x0169, 0x0001, 0x32AC, 0x0001, 0xF778, 0x0001, 0xFF78,
  0x0001, 0xFFFA, 0x0001, 0x842F, 0x0001, 0x0043, 0x0001, 0x08E5, 0x002E, 0x00C5, 0x0002, 0x08C5,
  0x0001, 0x00A5, 0x0001, 0xCE35, 0x0001, 0xFFDA, 0x0001, 0xFFB9, 0x0001, 0xD696, 0x0001, 0x09AA,
  0x0001, 0x098A, 0x00B0, 0x09AA, 0x0001, 0x098A, 0x0001, 0x09AA, 0x0001, 0xD696, 0x0001, 0xFFB9,
  0x0001, 0xFFDA, 0x0001, 0xCE35, 0x0001, 0x00A5, 0x0002, 0x08C5, 0x002F, 0x00C5, 0x0001, 0x08E5,
  0x0001, 0x0084, 0x0001, 0x2187, 0x0001, 0xEF58, 0x0001, 0xFF99, 0x0001, 0xFFFA, 0x0001, 0xA553,
  0x0001, 0x0149, 0x0001, 0x09CA, 0x00AE, 0x09AA, 0x0001, 0x09CA, 0x0001, 0x0149, 0x0001, 0xA553,
  0x0001, 0xFFFA, 0x0001, 0xFF99, 0x0001, 0xEF58, 0x0001, 0x2187, 0x0001, 0x0084, 0x0001, 0x08E5,
  0x0031, 0x00C5, 0x0001, 0x08E5, 0x0001, 0x0043, 0x0001, 0x5AEB, 0x0001, 0xFFFA, 0x0001, 0xFF78,
  0x0001, 0xFFFA, 0x0001, 0x6BEF, 0x0001, 0x0129, 0x0001, 0x11CA, 0x00AC, 0x09AA, 0x0001, 0x11CA,
  0x0001, 0x0129, 0x0001, 0x6BEF, 0x0001, 0xFFFA, 0x0001, 0xFF78, 0x0001, 0xFFFA, 0x0001, 0x5AEB,
  0x0001, 0x0043, 0x0001, 0x08E5, 0x0033, 0x00C5, 0x0001, 0x08E5, 0x0001, 0x0043, 0x0001, 0x9490,
  0x0001, 0xFFFA, 0x0001, 0xFF78, 0x0001, 0xF779, 0x0001, 0x3ACD, 0x0001, 0x0169, 0x0001, 0x09CA,
  0x00AA, 0x09AA, 0x0001, 0x09CA, 0x0001, 0x0169, 0x0001, 0x3ACD, 0x0001, 0xF779, 0x0001, 0xFF78,
  0x0001, 0xFFFA, 0x0001, 0x9490, 0x0001, 0x0043, 0x0001, 0x08E5, 0x0034, 0x00C5, 0x0002, 0x08C5,
  0x0001, 0x00A4, 0x0001, 0xCE35, 0x0001, 0xFFDA, 0x0001, 0xFFB9, 0x0001, 0xE6F7, 0x0001, 0x11EB,
  0x0001, 0x098A, 0x00AA, 0x09AA, 0x0001, 0x098A, 0x0001, 0x11EB, 0x0001, 0xE6F7, 0x0001, 0xFFB9,
  0x0001, 0xFFDA, 0x0001, 0xCE35, 0x0001, 0x00A4, 0x0002, 0x08C5, 0x0035, 0x00C5, 0x0001, 0x08E5,
  0x0001, 0x0084, 0x0001, 0x2187, 0x0001, 0xEF58, 0x0001, 0xFF99, 0x0001, 0xFFD9, 0x0001, 0xBE15,
  0x0001, 0x0149, 0x00AA, 0x09AA, 0x0001, 0x0149, 0x0001, 0xBE15, 0x0001, 0xFFD9, 0x0001, 0xFF99,
  0x0001, 0xEF58, 0x0001, 0x2187, 0x0001, 0x0084, 0x0001, 0x08E5, 0x0037, 0x00C5, 0x0001, 0x08E5,
  0x0001, 0x0064, 0x0001, 0x4A8A, 0x0001, 0xFFFA, 0x0001, 0xFF78, 0x0001, 0xFFF9, 0x0001, 0x9D53,
  0x0001, 0x0169, 0x00A8, 0x09AA, 0x0001, 0x0169, 0x0001, 0x9D53, 0x0001, 0xFFF9, 0x0001, 0xFF78,
  0x0001, 0xFFFA, 0x0001, 0x4A8A, 0x0001, 0x0064, 0x0001, 0x08E5, 0x0039, 0x00C5, 0x0001, 0x08E5,
  0x0001, 0x0064, 0x0001, 0x6B8D, 0x0001, 0xFFFA, 0x0001, 0xFF78, 0x0001, 0xFFFA, 0x0001, 0x7450,
  0x0001, 0x0129, 0x0001, 0x09CA, 0x00A4, 0x09AA, 0x0001, 0x09CA, 0x0001, 0x0129, 0x0001, 0x7450,
  0x0001, 0xFFFA, 0x0001, 0xFF78, 0x0001, 0xFFFA, 0x0001, 0x6B8D, 0x0001, 0x0064, 0x0001, 0x08E5,
  0x003B, 0x00C5, 0x0001, 0x08E5, 0x0001, 0x0043, 0x0001, 0x9CD1, 0x0001, 0xFFFA, 0x0001, 0xF758,
  0x0001, 0xFFD9, 0x0001, 0x6BF0, 0x0001, 0x0149, 0x0001, 0x11CA, 0x00A2, 0x09AA, 0x0001, 0x11CA,
  0x0001, 0x0149, 0x0001, 0x6BF0, 0x0001, 0xFFD9, 0x0001, 0xF758, 0x0001, 0xFFFA, 0x0001, 0x9CD1,
  0x0001, 0x0043, 0x0001, 0x08E5, 0x003C, 0x00C5, 0x0001, 0x08C5, 0x0001, 0x08E5, 0x0001, 0x0064,
  0x0001, 0xAD72, 0x0001, 0xFFFA, 0x0001, 0xFF78, 0x0001, 0xFFB9, 0x0001, 0x42ED, 0x0001, 0x0149,
  0x0001, 0x11CA, 0x00A0, 0x09AA, 0x0001, 0x11CA, 0x0001, 0x0149, 0x0001, 0x42ED, 0x0001, 0xFFB9,
  0x0001, 0xFF78, 0x0001, 0xFFFA, 0x0001, 0xAD72, 0x0001, 0x0064, 0x0001, 0x08E5, 0x0001, 0x08C5,
  0x003D, 0x00C5, 0x0001, 0x08E5, 0x0001, 0x00A4, 0x0001, 0x1105, 0x0001, 0xCE55, 0x0001, 0xFFFA,
  0x0001, 0xFF99, 0x0001, 0xEF58, 0x0001, 0x3ACD, 0x0001, 0x0149, 0x0001, 0x11CA, 0x009E, 0x09AA,
  0x0001, 0x11CA, 0x0001, 0x0149, 0x0001, 0x3ACD, 0x0001, 0xEF58, 0x0001, 0xFF99, 0x0001, 0xFFFA,
  0x0001, 0xCE55, 0x0001, 0x1105, 0x0001, 0x00A4, 0x0001, 0x08E5, 0x003F, 0x00C5, 0x0001, 0x08E5,
  0x0001, 0x00A4, 0x0001, 0x1105, 0x0001, 0xCE55, 0x0001, 0xFFD9, 0x0001, 0xFF99, 0x0001, 0xEF58,
  0x0001, 0x3ACD, 0x0001, 0x0149, 0x0001, 0x11CA, 0x009C, 0x09AA, 0x0001, 0x11CA, 0x0001, 0x0149,
  0x0001, 0x3ACD, 0x0001, 0xEF58, 0x0001, 0xFF99, 0x0001, 0xFFD9, 0x0001, 0xCE55, 0x0001, 0x1105,
  0x0001, 0x00A4, 0x0001, 0x08E5, 0x0041, 0x00C5, 0x0001, 0x08E5, 0x0001, 0x0084, 0x0001, 0x1926,
  0x0001, 0xEF38, 0x0001, 0xFFB9, 0x0001, 0xFF99, 0x0001, 0xF758, 0x0001, 0x3ACD, 0x0001, 0x0149,
  0x0001, 0x11CA, 0x009A, 0x09AA, 0x0001, 0x11CA, 0x0001, 0x0149, 0x0001, 0x3ACD, 0x0001, 0xF758,
  0x0001, 0xFF99, 0x0001, 0xFFB9, 0x0001, 0xEF38, 0x0001, 0x1926, 0x0001, 0x0084, 0x0001, 0x08E5,
  0x0043, 0x00C5, 0x0001, 0x08E5, 0x0001, 0x0084, 0x0001, 0x3A09, 0x0001, 0xEF58, 0x0001, 0xFFB9,
  0x0001, 0xFF99, 0x0001, 0xF758, 0x0001, 0x3ACD, 0x0001, 0x0149, 0x0001, 0x11CA, 0x0098, 0x09AA,
  0x0001, 0x11CA, 0x0001, 0x0149, 0x0001, 0x3ACD, 0x0001, 0xF758, 0x0001, 0xFF99, 0x0001, 0xFFB9,
  0x0001, 0xEF58, 0x0001, 0x3A09, 0x0001, 0x0084, 0x0001, 0x08E5, 0x0045, 0x00C5, 0x0001, 0x08E5,
  0x0001, 0x0064, 0x0001, 0x3A08, 0x0001, 0xEF58, 0x0001, 0xFFB9, 0x0001, 0xFF99, 0x0001, 0xF758,
  0x0001, 0x3ACD, 0x0001, 0x0149, 0x0001, 0x11CA, 0x0096, 0x09AA, 0x0001, 0x11CA, 0x0001, 0x0149,
  0x0001, 0x3ACD, 0x0001, 0xF758, 0x0001, 0xFF99, 0x0001, 0xFFB9, 0x0001, 0xEF58, 0x0001, 0x3A08,
  0x0001, 0x0064, 0x0001, 0x08E5, 0x0047, 0x00C5, 0x0001, 0x08E5, 0x0001, 0x0064, 0x0001, 0x3A08,
  0x0001, 0xEF58, 0x0001, 0xFFB9, 0x0001, 0xFF99, 0x0001, 0xEF58, 0x0001, 0x3ACD, 0x0001, 0x0149,
  0x0001, 0x11CA, 0x0094, 0x09AA, 0x0001, 0x11CA, 0x0001, 0x0149, 0x0001, 0x3ACD, 0x0001, 0xEF58,
  0x0001, 0xFF99, 0x0001, 0xFFB9, 0x0001, 0xEF58, 0x0001, 0x3A08, 0x0001, 0x0064, 0x0001, 0x08E5,
  0x0049, 0x00C5, 0x0001, 0x08E5, 0x0001, 0x0064, 0x0001, 0x3A08, 0x0001, 0xEF58, 0x0001, 0xFFB9,
  0x0001, 0xFF99, 0x0001, 0xEF58, 0x0001, 0x42ED, 0x0001, 0x0149, 0x0001, 0x09CA, 0x0092, 0x09AA,
  0x0001, 0x09CA, 0x0001, 0x0149, 0x0001, 0x42ED, 0x0001, 0xEF58, 0x0001, 0xFF99, 0x0001, 0xFFB9,
  0x0001, 0xEF58, 0x0001, 0x3A08, 0x0001, 0x0064, 0x0001, 0x08E5, 0x004B, 0x00C5, 0x0001, 0x08E5,
  0x0001, 0x0064, 0x0001, 0x3A09, 0x0001, 0xE738, 0x0001, 0xFFD9, 0x0001, 0xFF99, 0x0001, 0xFFB9,
  0x0001, 0x6BF0, 0x0001, 0x0128, 0x0092, 0x09AA, 0x0001, 0x0128, 0x0001, 0x6BF0, 0x0001, 0xFFB9,
  0x0001, 0xFF99, 0x0001, 0xFFD9, 0x0001, 0xE738, 0x0001, 0x3A09, 0x0001, 0x0064, 0x0001, 0x08E5,
  0x004D, 0x00C5, 0x0001, 0x08E5, 0x0001, 0x0084, 0x0001, 0x1926, 0x0001, 0xCE55, 0x0001, 0xFFFA,
  0x0001, 0xFF78, 0x0001, 0xFFD9, 0x0001, 0x7450, 0x0001, 0x0169, 0x0090, 0x09AA, 0x0001, 0x0169,
  0x0001, 0x7450, 0x0001, 0xFFD9, 0x0001, 0xFF78, 0x0001, 0xFFFA, 0x0001, 0xCE55, 0x0001, 0x1926,
  0x0001, 0x0084, 0x0001, 0x08E5, 0x004F, 0x00C5, 0x0001, 0x08E5, 0x0001, 0x0084, 0x0001, 0x1105,
  0x0001, 0xCE55, 0x0001, 0xFFFA, 0x0001, 0xFF58, 0x0001, 0xFFFA, 0x0001, 0x9D53, 0x0001, 0x0149,
  0x0001, 0x018A, 0x0001, 0x09CA, 0x008A, 0x09AA, 0x0001, 0x09CA, 0x0001, 0x018A, 0x0001, 0x0149,
  0x0001, 0x9D53, 0x0001, 0xFFFA, 0x0001, 0xFF58, 0x0001, 0xFFFA, 0x0001, 0xCE55, 0x0001, 0x1105,
  0x0001, 0x0084, 0x0001, 0x08E5, 0x0051, 0x00C5, 0x0001, 0x08E5, 0x0001, 0x00A4, 0x0001, 0x1105,
  0x0001, 0xAD72, 0x0001, 0xFFFA, 0x0001, 0xFF78, 0x0001, 0xFFF9, 0x0001, 0xBE15, 0x0001, 0x11EB,
  0x0001, 0x0169, 0x0001, 0x11CA, 0x0088, 0x09AA, 0x0001, 0x11CA, 0x0001, 0x0169, 0x0001, 0x11EB,
  0x0001, 0xBE15, 0x0001, 0xFFF9, 0x0001, 0xFF78, 0x0001, 0xFFFA, 0x0001, 0xAD72, 0x0001, 0x1105,
  0x0001, 0x00A4, 0x0001, 0x08E5, 0x0053, 0x00C5, 0x0001, 0x08E5, 0x0001, 0x00A4, 0x0001, 0x0064,
  0x0001, 0x9CD1, 0x0001, 0xFFFA, 0x0001, 0xFF78, 0x0001, 0xFFD9, 0x0001, 0xDEF7, 0x0001, 0x3ACD,
  0x0001, 0x0129, 0x0001, 0x09CA, 0x0086, 0x09AA, 0x0001, 0x09CA, 0x0001, 0x0129, 0x0001, 0x3ACD,
  0x0001, 0xDEF7, 0x0001, 0xFFD9, 0x0001, 0xFF78, 0x0001, 0xFFFA, 0x0001, 0x9CD1, 0x0001, 0x0064,
  0x0001, 0x00A4, 0x0001, 0x08E5, 0x0055, 0x00C5, 0x0002, 0x08E5, 0x0001, 0x0043, 0x0001, 0x6B8D,
  0x0001, 0xFFFA, 0x0001, 0xFF99, 0x0001, 0xFFB9, 0x0001, 0xF779, 0x0001, 0x63EF, 0x0001, 0x0149,
  0x0001, 0x098A, 0x0001, 0x09CA, 0x0082, 0x09AA, 0x0001, 0x09CA, 0x0001, 0x098A, 0x0001, 0x0149,
  0x0001, 0x63EF, 0x0001, 0xF779, 0x0001, 0xFFB9, 0x0001, 0xFF99, 0x0001, 0xFFFA, 0x0001, 0x6B8D,
  0x0001, 0x0043, 0x0002, 0x08E5, 0x0057, 0x00C5, 0x0001, 0x08C5, 0x0001, 0x08E5, 0x0001, 0x0064,
  0x0001, 0x4A8A, 0x0001, 0xEF58, 0x0001, 0xFFDA, 0x0001, 0xFF78, 0x0001, 0xFFFA, 0x0001, 0x9D53,
  0x0001, 0x11AA, 0x0001, 0x0169, 0x0001, 0x11CA, 0x0080, 0x09AA, 0x0001, 0x11CA, 0x0001, 0x0169,
  0x0001, 0x11AA, 0x0001, 0x9D53, 0x0001, 0xFFFA, 0x0001, 0xFF78, 0x0001, 0xFFDA, 0x0001, 0xEF58,
  0x0001, 0x4A8A, 0x0001, 0x0064, 0x0001, 0x08E5, 0x0001, 0x08C5, 0x005A, 0x00C5, 0x0001, 0x08E5,
  0x0001, 0x0064, 0x0001, 0x2987, 0x0001, 0xC635, 0x0001, 0xFFFA, 0x0001, 0xFF78, 0x0001, 0xFFFA,
  0x0001, 0xD696, 0x0001, 0x32AC, 0x0001, 0x0129, 0x0080, 0x09AA, 0x0001, 0x0129, 0x0001, 0x32AC,
  0x0001, 0xD696, 0x0001, 0xFFFA, 0x0001, 0xFF78, 0x0001, 0xFFFA, 0x0001, 0xC635, 0x0001, 0x2987,
  0x0001, 0x0064, 0x0001, 0x08E5, 0x005D, 0x00C5, 0x0001, 0x08E5, 0x0001, 0x0084, 0x0001, 0x00A4,
  0x0001, 0x9490, 0x0001, 0xFFFA, 0x0001, 0xFF99, 0x0001, 0xFFB9, 0x0001, 0xF778, 0x0001, 0x7410,
  0x0001, 0x0169, 0x0001, 0x0189, 0x0001, 0x11CA, 0x007A, 0x09AA, 0x0001, 0x11CA, 0x0001, 0x0189,
  0x0001, 0x0169, 0x0001, 0x7410, 0x0001, 0xF778, 0x0001, 0xFFB9, 0x0001, 0xFF99, 0x0001, 0xFFFA,
  0x0001, 0x9490, 0x0001, 0x00A4, 0x0001, 0x0084, 0x0001, 0x08E5, 0x005F, 0x00C5, 0x0001, 0x08E5,
  0x0001, 0x00C5, 0x0001, 0x0043, 0x0001, 0x5AEB, 0x0001, 0xEF58, 0x0001, 0xFFDA, 0x0001, 0xFF78,
  0x0001, 0xFFFA, 0x0001, 0xBDF5, 0x0001, 0x1A0B, 0x0001, 0x0129, 0x007A, 0x09AA, 0x0001, 0x0129,
  0x0001, 0x1A0B, 0x0001, 0xBDF5, 0x0001, 0xFFFA, 0x0001, 0xFF78, 0x0001, 0xFFDA, 0x0001, 0xEF58,
  0x0001, 0x5AEB, 0x0001, 0x0043, 0x0001, 0x00C5, 0x0001, 0x08E5, 0x0061, 0x00C5, 0x0001, 0x08C5,
  0x0001, 0x08E5, 0x0001, 0x0043, 0x0001, 0x2987, 0x0001, 0xC635, 0x0001, 0xFFFA, 0x0001, 0xFF78,
  0x0001, 0xFFD9, 0x0001, 0xE718, 0x0001, 0x63CF, 0x0002, 0x0169, 0x0001, 0x11CA, 0x0074, 0x09AA,
  0x0001, 0x11CA, 0x0002, 0x0169, 0x0001, 0x63CF, 0x0001, 0xE718, 0x0001, 0xFFD9, 0x0001, 0xFF78,
  0x0001, 0xFFFA, 0x0001, 0xC635, 0x0001, 0x2987, 0x0001, 0x0043, 0x0001, 0x08E5, 0x0001, 0x08C5,
  0x0064, 0x00C5, 0x0001, 0x08E5, 0x0001, 0x0084, 0x0001, 0x00A5, 0x0001, 0x842F, 0x0001, 0xFFB9,
  0x0001, 0xFFD9, 0x0001, 0xFF99, 0x0001, 0xFFFA, 0x0001, 0xBE15, 0x0001, 0x2A6C, 0x0001, 0x0129,
  0x0001, 0x09AA, 0x0001, 0x09CA, 0x0070, 0x09AA, 0x0001, 0x09CA, 0x0001, 0x09AA, 0x0001, 0x0129,
  0x0001, 0x2A6C, 0x0001, 0xBE15, 0x0001, 0xFFFA, 0x0001, 0xFF99, 0x0001, 0xFFD9, 0x0001, 0xFFB9,
  0x0001, 0x842F, 0x0001, 0x00A5, 0x0001, 0x0084, 0x0001, 0x08E5, 0x0067, 0x00C5, 0x0001, 0x08E5,
  0x0001, 0x00C5, 0x0001, 0x0043, 0x0001, 0x3A09, 0x0001, 0xCE55, 0x0001, 0xFFFA, 0x0001, 0xFF78,
  0x0001, 0xFFD9, 0x0001, 0xF778, 0x0001, 0x7C71, 0x0001, 0x09AA, 0x0001, 0x0149, 0x0070, 0x09AA,
  0x0001, 0x0149, 0x0001, 0x09AA, 0x0001, 0x7C71, 0x0001, 0xF778, 0x0001, 0xFFD9, 0x0001, 0xFF78,
  0x0001, 0xFFFA, 0x0001, 0xCE55, 0x0001, 0x3A09, 0x0001, 0x0043, 0x0001, 0x00C5, 0x0001, 0x08E5,
  0x0069, 0x00C5, 0x0001, 0x08C5, 0x0001, 0x08E5, 0x0001, 0x0084, 0x0001, 0x00A5, 0x0001, 0x842F,
  0x0001, 0xFFB9, 0x0001, 0xFFDA, 0x0001, 0xFF78, 0x0001, 0xFFFA, 0x0001, 0xD6B6, 0x0001, 0x4B4E,
  0x0002, 0x0169, 0x0001, 0x09CA, 0x006A, 0x09AA, 0x0001, 0x09CA, 0x0002, 0x0169, 0x0001, 0x4B4E,
  0x0001, 0xD6B6, 0x0001, 0xFFFA, 0x0001, 0xFF78, 0x0001, 0xFFDA, 0x0001, 0xFFB9, 0x0001, 0x842F,
  0x0001, 0x00A5, 0x0001, 0x0084, 0x0001, 0x08E5, 0x0001, 0x08C5, 0x006C, 0x00C5, 0x0001, 0x08E5,
  0x0001, 0x00C5, 0x0001, 0x0043, 0x0001, 0x3A09, 0x0001, 0xBDF4, 0x0001, 0xFFFA, 0x0001, 0xFF99,
  0x0001, 0xFFB9, 0x0001, 0xFFD9, 0x0001, 0xBDF5, 0x0001, 0x328C, 0x0001, 0x0149, 0x0001, 0x018A,
  0x0001, 0x09CA, 0x0066, 0x09AA, 0x0001, 0x09CA, 0x0001, 0x018A, 0x0001, 0x0149, 0x0001, 0x328C,
  0x0001, 0xBDF5, 0x0001, 0xFFD9, 0x0001, 0xFFB9, 0x0001, 0xFF99, 0x0001, 0xFFFA, 0x0001, 0xBDF4,
  0x0001, 0x3A09, 0x0001, 0x0043, 0x0001, 0x00C5, 0x0001, 0x08E5, 0x006F, 0x00C5, 0x0001, 0x08C5,
  0x0001, 0x08E5, 0x0002, 0x0084, 0x0001, 0x634C, 0x0001, 0xE6F7, 0x0001, 0xFFFA, 0x0001, 0xFF79,
  0x0001, 0xFFD9, 0x0001, 0xFF99, 0x0001, 0xA553, 0x0001, 0x222B, 0x0001, 0x0129, 0x0001, 0x018A,
  0x0001, 0x09CA, 0x0062, 0x09AA, 0x0001, 0x09CA, 0x0001, 0x018A, 0x0001, 0x0129, 0x0001, 0x222B,
  0x0001, 0xA553, 0x0001, 0xFF99, 0x0001, 0xFFD9, 0x0001, 0xFF79, 0x0001, 0xFFFA, 0x0001, 0xE6F7,
  0x0001, 0x634C, 0x0002, 0x0084, 0x0001, 0x08E5, 0x0001, 0x08C5, 0x0072, 0x00C5, 0x0002, 0x08E5,
  0x0001, 0x0043, 0x0001, 0x1926, 0x0001, 0x94B0, 0x0001, 0xFF99, 0x0001, 0xFFDA, 0x0001, 0xFF78,
  0x0001, 0xFFFA, 0x0001, 0xEF38, 0x0001, 0x8491, 0x0001, 0x1A0B, 0x0001, 0x0129, 0x0001, 0x018A,
  0x0001, 0x09CA, 0x005E, 0x09AA, 0x0001, 0x09CA, 0x0001, 0x018A, 0x0001, 0x0129, 0x0001, 0x1A0B,
  0x0001, 0x8491, 0x0001, 0xEF38, 0x0001, 0xFFFA, 0x0001, 0xFF78, 0x0001, 0xFFDA, 0x0001, 0xFF99,
  0x0001, 0x94B0, 0x0001, 0x1926, 0x0001, 0x0043, 0x0002, 0x08E5, 0x0076, 0x00C5, 0x0001, 0x08E5,
  0x0001, 0x00A4, 0x0001, 0x0063, 0x0001, 0x29C8, 0x0001, 0xB5B3, 0x0001, 0xFFDA, 0x0001, 0xFFD9,
  0x0001, 0xFF99, 0x0001, 0xFFFA, 0x0001, 0xEF38, 0x0001, 0x8491, 0x0001, 0x1A0B, 0x0001, 0x0129,
  0x0001, 0x0169, 0x0001, 0x09CA, 0x005A, 0x09AA, 0x0001, 0x09CA, 0x0001, 0x0169, 0x0001, 0x0129,
  0x0001, 0x1A0B, 0x0001, 0x8491, 0x0001, 0xEF38, 0x0001, 0xFFFA, 0x0001, 0xFF99, 0x0001, 0xFFD9,
  0x0001, 0xFFDA, 0x0001, 0xB5B3, 0x0001, 0x29C8, 0x0001, 0x0063, 0x0001, 0x00A4, 0x0001, 0x08E5,
  0x0079, 0x00C5, 0x0001, 0x08C5, 0x0001, 0x08E5, 0x0002, 0x0084, 0x0001, 0x428A, 0x0001, 0xBDD4,
  0x0002, 0xFFDA, 0x0001, 0xFF99, 0x0001, 0xFFFA, 0x0001, 0xEF18, 0x0001, 0x8CF2, 0x0001, 0x328C,
  0x0001, 0x0149, 0x0001, 0x0169, 0x0001, 0x09AA, 0x0001, 0x09CA, 0x0054, 0x09AA, 0x0001, 0x09CA,
  0x0001, 0x09AA, 0x0001, 0x0169, 0x0001, 0x0149, 0x0001, 0x328C, 0x0001, 0x8CF2, 0x0001, 0xEF18,
  0x0001, 0xFFFA, 0x0001, 0xFF99, 0x0002, 0xFFDA, 0x0001, 0xBDD4, 0x0001, 0x428A, 0x0002, 0x0084,
  0x0001, 0x08E5, 0x0001, 0x08C5, 0x007C, 0x00C5, 0x0002, 0x08E5, 0x0001, 0x0064, 0x0001, 0x0084,
  0x0001, 0x428A, 0x0001, 0xBDD4, 0x0002, 0xFFDA, 0x0001, 0xFF99, 0x0001, 0xFFFA, 0x0001, 0xFF99,
  0x0001, 0xA553, 0x0001, 0x3AED, 0x0001, 0x0189, 0x0001, 0x0149, 0x0001, 0x098A, 0x0001, 0x09CA,
  0x0050, 0x09AA, 0x0001, 0x09CA, 0x0001, 0x098A, 0x0001, 0x0149, 0x0001, 0x0189, 0x0001, 0x3AED,
  0x0001, 0xA553, 0x0001, 0xFF99, 0x0001, 0xFFFA, 0x0001, 0xFF99, 0x0002, 0xFFDA, 0x0001, 0xBDD4,
  0x0001, 0x428A, 0x0001, 0x0084, 0x0001, 0x0064, 0x0002, 0x08E5, 0x0080, 0x00C5, 0x0002, 0x08E5,
  0x0001, 0x0064, 0x0001, 0x0084, 0x0001, 0x428A, 0x0001, 0xBDD4, 0x0002, 0xFFDA, 0x0001, 0xFF99,
  0x0001, 0xFFD9, 0x0001, 0xFFB9, 0x0001, 0xC656, 0x0001, 0x63EF, 0x0001, 0x11CA, 0x0001, 0x0149,
  0x0001, 0x0169, 0x0001, 0x09AA, 0x0001, 0x09CA, 0x004A, 0x09AA, 0x0001, 0x09CA, 0x0001, 0x09AA,
  0x0001, 0x0169, 0x0001, 0x0149, 0x0001, 0x11CA, 0x0001, 0x63EF, 0x0001, 0xC656, 0x0001, 0xFFB9,
  0x0001, 0xFFD9, 0x0001, 0xFF99, 0x0002, 0xFFDA, 0x0001, 0xBDD4, 0x0001, 0x428A, 0x0001, 0x0084,
  0x0001, 0x0064, 0x0002, 0x08E5, 0x0084, 0x00C5, 0x0002, 0x08E5, 0x0001, 0x0064, 0x0001, 0x0084,
  0x0001, 0x428A, 0x0001, 0xBDD4, 0x0001, 0xFF99, 0x0001, 0xFFFA, 0x0001, 0xFF99, 0x0001, 0xFFB9,
  0x0001, 0xFFD9, 0x0001, 0xE6F7, 0x0001, 0x8CF2, 0x0001, 0x3AED, 0x0001, 0x0189, 0x0001, 0x0129,
  0x0001, 0x0169, 0x0001, 0x09AA, 0x0001, 0x09CA, 0x0044, 0x09AA, 0x0001, 0x09CA, 0x0001, 0x09AA,
  0x0001, 0x0169, 0x0001, 0x0129, 0x0001, 0x0189, 0x0001, 0x3AED, 0x0001, 0x8CF2, 0x0001, 0xE6F7,
  0x0001, 0xFFD9, 0x0001, 0xFFB9, 0x0001, 0xFF99, 0x0001, 0xFFFA, 0x0001, 0xFF99, 0x0001, 0xBDD4,
  0x0001, 0x428A, 0x0001, 0x0084, 0x0001, 0x0064, 0x0002, 0x08E5, 0x0088, 0x00C5, 0x0002, 0x08E5,
  0x0001, 0x0064, 0x0001, 0x0084, 0x0001, 0x31E8, 0x0001, 0x9CF1, 0x0001, 0xEF17, 0x0001, 0xFFFA,
  0x0002, 0xFFB9, 0x0001, 0xFFD9, 0x0001, 0xFFB9, 0x0001, 0xC655, 0x0001, 0x7451, 0x0001, 0x2A8C,
  0x0001, 0x0169, 0x0001, 0x0129, 0x0001, 0x0169, 0x0001, 0x09AA, 0x0001, 0x09CA, 0x003E, 0x09AA,
  0x0001, 0x09CA, 0x0001, 0x09AA, 0x0001, 0x0169, 0x0001, 0x0129, 0x0001, 0x0169, 0x0001, 0x2A8C,
  0x0001, 0x7451, 0x0001, 0xC655, 0x0001, 0xFFB9, 0x0001, 0xFFD9, 0x0002, 0xFFB9, 0x0001, 0xFFFA,
  0x0001, 0xEF17, 0x0001, 0x9CF1, 0x0001, 0x31E8, 0x0001, 0x0084, 0x0001, 0x0064, 0x0002, 0x08E5,
  0x008C, 0x00C5, 0x0002, 0x08E5, 0x0001, 0x0084, 0x0001, 0x0043, 0x0001, 0x1946, 0x0001, 0x73EE,
  0x0001, 0xD675, 0x0001, 0xFFD9, 0x0001, 0xFFFA, 0x0002, 0xFFB9, 0x0001, 0xFFFA, 0x0001, 0xFF99,
  0x0001, 0xC635, 0x0001, 0x7C51, 0x0001, 0x2A8C, 0x0001, 0x0189, 0x0001, 0x0149, 0x0001, 0x0169,
  0x0001, 0x098A, 0x0001, 0x09AA, 0x0001, 0x09CA, 0x0036, 0x09AA, 0x0001, 0x09CA, 0x0001, 0x09AA,
  0x0001, 0x098A, 0x0001, 0x0169, 0x0001, 0x0149, 0x0001, 0x0189, 0x0001, 0x2A8C, 0x0001, 0x7C51,
  0x0001, 0xC635, 0x0001, 0xFF99, 0x0001, 0xFFFA, 0x0002, 0xFFB9, 0x0001, 0xFFFA, 0x0001, 0xFFD9,
  0x0001, 0xD675, 0x0001, 0x73EE, 0x0001, 0x1946, 0x0001, 0x0043, 0x0001, 0x0084, 0x0002, 0x08E5,
  0x0090, 0x00C5, 0x0002, 0x08E5, 0x0001, 0x00A4, 0x0001, 0x0043, 0x0001, 0x00C5, 0x0001, 0x4A8A,
  0x0001, 0x9D11, 0x0001, 0xEF17, 0x0001, 0xFFFA, 0x0001, 0xFFDA, 0x0002, 0xFFB9, 0x0001, 0xFFFA,
  0x0001, 0xFF79, 0x0001, 0xCE56, 0x0001, 0x8CF2, 0x0001, 0x3AED, 0x0001, 0x11CA, 0x0002, 0x0149,
  0x0001, 0x0169, 0x0001, 0x098A, 0x0001, 0x09AA, 0x0001, 0x09CA, 0x002E, 0x09AA, 0x0001, 0x09CA,
  0x0001, 0x09AA, 0x0001, 0x098A, 0x0001, 0x0169, 0x0002, 0x0149, 0x0001, 0x11CA, 0x0001, 0x3AED,
  0x0001, 0x8CF2, 0x0001, 0xCE56, 0x0001, 0xFF79, 0x0001, 0xFFFA, 0x0002, 0xFFB9, 0x0001, 0xFFDA,
  0x0001, 0xFFFA, 0x0001, 0xEF17, 0x0001, 0x9D11, 0x0001, 0x4A8A, 0x0001, 0x00C5, 0x0001, 0x0043,
  0x0001, 0x00A4, 0x0002, 0x08E5, 0x0094, 0x00C5, 0x0001, 0x08C5, 0x0001, 0x08E5, 0x0001, 0x00C5,
  0x0001, 0x0064, 0x0001, 0x0043, 0x0001, 0x1946, 0x0001, 0x636C, 0x0001, 0xB593, 0x0001, 0xF738,
  0x0001, 0xFFFA, 0x0001, 0xFFDA, 0x0002, 0xFFB9, 0x0001, 0xFFD9, 0x0001, 0xFFB9, 0x0001, 0xE6F7,
  0x0001, 0xADB4, 0x0001, 0x7430, 0x0001, 0x3AED, 0x0001, 0x11CA, 0x0001, 0x0169, 0x0002, 0x0149,
  0x0001, 0x0189, 0x0002, 0x09AA, 0x0002, 0x09CA, 0x0022, 0x09AA, 0x0002, 0x09CA, 0x0002, 0x09AA,
  0x0001, 0x0189, 0x0002, 0x0149, 0x0001, 0x0169, 0x0001, 0x11CA, 0x0001, 0x3AED, 0x0001, 0x7430,
  0x0001, 0xADB4, 0x0001, 0xE6F7, 0x0001, 0xFFB9, 0x0001, 0xFFD9, 0x0002, 0xFFB9, 0x0001, 0xFFDA,
  0x0001, 0xFFFA, 0x0001, 0xF738, 0x0001, 0xB593, 0x0001, 0x636C, 0x0001, 0x1946, 0x0001, 0x0043,
  0x0001, 0x0064, 0x0001, 0x00C5, 0x0001, 0x08E5, 0x0001, 0x08C5, 0x0099, 0x00C5, 0x0002, 0x08E5,
  0x0001, 0x00A4, 0x0001, 0x0043, 0x0001, 0x0064, 0x0001, 0x2167, 0x0001, 0x634C, 0x0001, 0xB593,
  0x0001, 0xEF17, 0x0001, 0xFFD9, 0x0001, 0xFFFA, 0x0001, 0xFFD9, 0x0001, 0xFFB9, 0x0001, 0xFFD9,
  0x0001, 0xFFF9, 0x0001, 0xFFB9, 0x0001, 0xE6D7, 0x0001, 0xBDF5, 0x0001, 0x8491, 0x0001, 0x4B4E,
  0x0001, 0x224C, 0x0001, 0x09AA, 0x0001, 0x0149, 0x0001, 0x0129, 0x0002, 0x0149, 0x0001, 0x0189,
  0x0001, 0x098A, 0x0002, 0x09AA, 0x0003, 0x09CA, 0x0012, 0x09AA, 0x0003, 0x09CA, 0x0002, 0x09AA,
  0x0001, 0x098A, 0x0001, 0x0189, 0x0002, 0x0149, 0x0001, 0x0129, 0x0001, 0x0149, 0x0001, 0x09AA,
  0x0001, 0x224C, 0x0001, 0x4B4E, 0x0001, 0x8491, 0x0001, 0xBDF5, 0x0001, 0xE6D7, 0x0001, 0xFFB9,
  0x0001, 0xFFF9, 0x0001, 0xFFD9, 0x0001, 0xFFB9, 0x0001, 0xFFD9, 0x0001, 0xFFFA, 0x0001, 0xFFD9,
  0x0001, 0xEF17, 0x0001, 0xB593, 0x0001, 0x634C, 0x0001, 0x2167, 0x0001, 0x0064, 0x0001, 0x0043,
  0x0001, 0x00A4, 0x0002, 0x08E5, 0x009E, 0x00C5, 0x0001, 0x08C5, 0x0002, 0x08E5, 0x0001, 0x00A4,
  0x0001, 0x0043, 0x0001, 0x0084, 0x0001, 0x1946, 0x0001, 0x52CB, 0x0001, 0xA511, 0x0001, 0xD676,
  0x0001, 0xFF79, 0x0001, 0xFFFA, 0x0001, 0xFFDA, 0x0001, 0xFFD9, 0x0001, 0xFFB9, 0x0003, 0xFFD9,
  0x0001, 0xF758, 0x0001, 0xD696, 0x0001, 0xBDD4, 0x0001, 0x8CD2, 0x0001, 0x63CF, 0x0001, 0x430D,
  0x0001, 0x2A4C, 0x0001, 0x11EB, 0x0002, 0x0169, 0x0001, 0x0149, 0x0001, 0x0129, 0x0004, 0x0149,
  0x0001, 0x0169, 0x000A, 0x018A, 0x0001, 0x0169, 0x0004, 0x0149, 0x0001, 0x0129, 0x0001, 0x0149,
  0x0002, 0x0169, 0x0001, 0x11EB, 0x0001, 0x2A4C, 0x0001, 0x430D, 0x0001, 0x63CF, 0x0001, 0x8CD2,
  0x0001, 0xBDD4, 0x0001, 0xD696, 0x0001, 0xF758, 0x0003, 0xFFD9, 0x0001, 0xFFB9, 0x0001, 0xFFD9,
  0x0001, 0xFFDA, 0x0001, 0xFFFA, 0x0001, 0xFF79, 0x0001, 0xD676, 0x0001, 0xA511, 0x0001, 0x52CB,
  0x0001, 0x1946, 0x0001, 0x0084, 0x0001, 0x0043, 0x0001, 0x00A4, 0x0002, 0x08E5, 0x0001, 0x08C5,
  0x00A3, 0x00C5, 0x0001, 0x08C5, 0x0002, 0x08E5, 0x0001, 0x00A4, 0x0001, 0x0064, 0x0001, 0x0063,
  0x0001, 0x08C5, 0x0001, 0x29E8, 0x0001, 0x73CE, 0x0001, 0xAD72, 0x0001, 0xD676, 0x0001, 0xFF79,
  0x0002, 0xFFFA, 0x0001, 0xFFDA, 0x0002, 0xFFB9, 0x0003, 0xFFD9, 0x0001, 0xFFB9, 0x0001, 0xF758,
  0x0001, 0xEF17, 0x0002, 0xC615, 0x0001, 0x94F2, 0x0001, 0x8491, 0x0001, 0x7450, 0x0001, 0x430D,
  0x0002, 0x4B2E, 0x0001, 0x3AED, 0x000A, 0x1A0B, 0x0001, 0x3AED, 0x0002, 0x4B2E, 0x0001, 0x430D,
  0x0001, 0x7450, 0x0001, 0x8491, 0x0001, 0x94F2, 0x0002, 0xC615, 0x0001, 0xEF17, 0x0001, 0xF758,
  0x0001, 0xFFB9, 0x0003, 0xFFD9, 0x0002, 0xFFB9, 0x0001, 0xFFDA, 0x0002, 0xFFFA, 0x0001, 0xFF79,
  0x0001, 0xD676, 0x0001, 0xAD72, 0x0001, 0x73CE, 0x0001, 0x29E8, 0x0001, 0x08C5, 0x0001, 0x0063,
  0x0001, 0x0064, 0x0001, 0x00A4, 0x0002, 0x08E5, 0x0001, 0x08C5, 0x00A9, 0x00C5, 0x0001, 0x08C5,
  0x0002, 0x08E5, 0x0001, 0x00C5, 0x0001, 0x0084, 0x0001, 0x0043, 0x0001, 0x0064, 0x0001, 0x08C5,
  0x0001, 0x29C8, 0x0001, 0x634C, 0x0001, 0x94B0, 0x0001, 0xC5F4, 0x0001, 0xEEF7, 0x0001, 0xFF99,
  0x0001, 0xFFDA, 0x0001, 0xFFFA, 0x0002, 0xFFDA, 0x0002, 0xFFB9, 0x0003, 0xFFD9, 0x0001, 0xFFF9,
  0x0001, 0xFFD9, 0x0002, 0xFFB9, 0x0001, 0xFFD9, 0x0001, 0xFF99, 0x0001, 0xEF18, 0x0008, 0xEF38,
  0x0001, 0xEF18, 0x0001, 0xFF99, 0x0001, 0xFFD9, 0x0002, 0xFFB9, 0x0001, 0xFFD9, 0x0001, 0xFFF9,
  0x0003, 0xFFD9, 0x0002, 0xFFB9, 0x0002, 0xFFDA, 0x0001, 0xFFFA, 0x0001, 0xFFDA, 0x0001, 0xFF99,
  0x0001, 0xEEF7, 0x0001, 0xC5F4, 0x0001, 0x94B0, 0x0001, 0x634C, 0x0001, 0x29C8, 0x0001, 0x08C5,
  0x0001, 0x0064, 0x0001, 0x0043, 0x0001, 0x0084, 0x0001, 0x00C5, 0x0002, 0x08E5, 0x0001, 0x08C5,
  0x00AF, 0x00C5, 0x0001, 0x08C5, 0x0003, 0x08E5, 0x0001, 0x00C5, 0x0001, 0x0084, 0x0002, 0x0043,
  0x0001, 0x0084, 0x0001, 0x1126, 0x0001, 0x3A29, 0x0001, 0x530B, 0x0001, 0x842F, 0x0001, 0xAD52,
  0x0001, 0xC614, 0x0001, 0xEEF7, 0x0001, 0xF758, 0x0002, 0xFFD9, 0x0003, 0xFFFA, 0x0004, 0xFFDA,
  0x000A, 0xFFD9, 0x0004, 0xFFDA, 0x0003, 0xFFFA, 0x0002, 0xFFD9, 0x0001, 0xF758, 0x0001, 0xEEF7,
  0x0001, 0xC614, 0x0001, 0xAD52, 0x0001, 0x842F, 0x0001, 0x530B, 0x0001, 0x3A29, 0x0001, 0x1126,
  0x0001, 0x0084, 0x0002, 0x0043, 0x0001, 0x0084, 0x0001, 0x00C5, 0x0003, 0x08E5, 0x0001, 0x08C5,
  0x00B6, 0x00C5, 0x0001, 0x08C5, 0x0003, 0x08E5, 0x0001, 0x08C5, 0x0001, 0x00A5, 0x0001, 0x0084,
  0x0001, 0x0064, 0x0001, 0x0043, 0x0001, 0x0064, 0x0001, 0x0084, 0x0001, 0x1126, 0x0001, 0x2187,
  0x0001, 0x428A, 0x0001, 0x4AAA, 0x0001, 0x840F, 0x0001, 0x842F, 0x0001, 0x9490, 0x0001, 0xBDF4,
  0x0001, 0xBDD4, 0x0001, 0xBDD3, 0x0001, 0xCE35, 0x0001, 0xEF38, 0x0008, 0xEF17, 0x0001, 0xEF38,
  0x0001, 0xCE35, 0x0001, 0xBDD3, 0x0001, 0xBDD4, 0x0001, 0xBDF4, 0x0001, 0x9490, 0x0001, 0x842F,
  0x0001, 0x840F, 0x0001, 0x4AAA, 0x0001, 0x428A, 0x0001, 0x2187, 0x0001, 0x1126, 0x0001, 0x0084,
  0x0001, 0x0064, 0x0001, 0x0043, 0x0001, 0x0064, 0x0001, 0x0084, 0x0001, 0x00A5, 0x0001, 0x08C5,
  0x0003, 0x08E5, 0x0001, 0x08C5, 0x00BF, 0x00C5, 0x0001, 0x08C5, 0x0004, 0x08E5, 0x0001, 0x08C5,
  0x0001, 0x00A5, 0x0001, 0x00A4, 0x0002, 0x0064, 0x0002, 0x0043, 0x0001, 0x0063, 0x0002, 0x0084,
  0x0001, 0x0064, 0x0001, 0x00A4, 0x000A, 0x1146, 0x0001, 0x00A4, 0x0001, 0x0064, 0x0002, 0x0084,
  0x0001, 0x0063, 0x0002, 0x0043, 0x0002, 0x0064, 0x0001, 0x00A4, 0x0001, 0x00A5, 0x0001, 0x08C5,
  0x0004, 0x08E5, 0x0001, 0x08C5, 0x00CA, 0x00C5, 0x0002, 0x08C5, 0x0008, 0x08E5, 0x0001, 0x08C5,
  0x000A, 0x00A4, 0x0001, 0x08C5, 0x0008, 0x08E5, 0x0002, 0x08C5, 0x00DB, 0x00C5, 0x000A, 0x08C5,
  0x0253, 0x00C5,
};
const size_t kWordmarkStartupRunWordCount = sizeof(kWordmarkStartupRuns) / sizeof(kWordmarkStartupRuns[0]);

}  // namespace ui::brand
